,0,1
0,خیلی کوچیک هستن و سایزشون بدرد نمیخوره میخوام پس بدم,SAD
1,از صدای پرنده دم دمای صبح متنفرم متنفرم متنفرم,HATE
2,""" """"کیفیتش خیلی خوبه با شک خریدم ولی واقعا راضیم بعد از حدود 2 ماه استفاده«متأسفانه باخبر شدیم» که فردی در ایرانشهر به حداقل 41 دختر تجاوز کرده. امیدواریم با همکاری نمایندگان محترم مجلس و دستگاه قضا، دیگه به این راحتی باخبر نشیم.""",SAD
3,چون همش با دوربین ثبت شده ، ایا میشه اعتراض زد؟؟ و اصن تاثیر داره؟ کسی اگه اطلاعی داره ممنون میشم راهنمایی کنید,OTHER
4,اين وضع ب طرز خنده داري گريه داره ...,SAD
5,خب من رسما از یک نفر متنفرم،چون از گربه بدش میاد از صبح شروع کرده رو مخ من راه رفتن؛شپش میگیری،کزاز میگیری،کک داره ،درد داره،مرض داره و اینقدر تکرار کرده که تا سرم میخاره میپرم جلوی آینه نگاه میکنم یه وقت شپش نگرفته باشم... عوضی ازش متنفرم بهش گفته بودم منو رو یه چیزی حساس نکن,HATE
6,داشتم خواب میدیدم یهو توی خواب گفتم بیاین درینک بزنیم خواب ترسناک ببینیم ی پیک زدیم و دقیقا همونطور شد و من با ضربان ۱۱۰ از خواب پریدم و ساعت ۴ صبحه؟ ذهن بیمارتر از منم دیدین؟ ژانر شنگول منگول خوابمو چرا عوض کردم چرااا,FEAR
7,"""اصلا ارزش خرید نداره فقط رو مخ میره""""""",ANGRY
8,اونجایه آدمه مفعول ودروغگو...عجب خرایی داریم واقعا...روز روشن میگه شبه!!!اسم اینوچی میشه گذاشت دیگه؟من دسترسی ندارم بهش میخام بگم یه اسمی خودت بگوبرات بذاریم البته آخرش یه ...کش داشته باشه!,ANGRY
9,"""من این گوشی رو اعصابم بهم ریخت کوبیدم تودیوار له شده السیدیش اما هنوزم کارمیکنه حرف نداره گوشیش""""""",HAPPY
10,تا این مفسد فی الارض به سزای اعمالش نرسه و ۲۰۰ هزار تومن جریمه نشه من آروم نمی گیریم #سعید_طوسی,ANGRY
11,فاجعه فقط به زیرگرفتن ختم نشده طبق گزارش پزشکی قانونی، حدود۵۰ تیرساچمهای در #سینه یکی از #شهدای_فاطمیه ثبت شده است. #شهید_محمدحسین_حدادیان #دراویش_داعشی وحشی,SAD
12,اگر در دولت احمدینژاد اتفاق میافتاد انقدر عصبانی نمیشدم؛ اما باید بگویم سایت و اپ #گودریدز در دولت تدبیر و امید #فیلتر شده است. احسنت آقای #روحانی. احسنت وزیرِ جوان؛ آقای #جهرمی . #goodreads   #وحید_آنلاین,ANGRY
13,پوست لبمو هرچی میکنم باز کنده میشه و تا ثریا میره. نه اون جور با کیف و لذت. اون جور ترسناک و سوزاننده,FEAR
14,چرا چهار صبح باید مطلب خوندن درباره آمار تجاوز تو دنیا برام انقدر جذابیت پیدا کنه؟؟,SURPRISE
15,بچه که بودم خواهرم از بانک که میومد چند ساعتی میخوابید بهش اعتراض میکردم چرا انقد میخوابی میگفت تو دنیا هیچی لذت بخش تر از خواب نیست.. الان به حرفش رسیدم,HAPPY
16,فردا بالاخره میخوام برم دانشگاه خودمون! اسمشو نبر :)) منتظر کصافط شدن اعصابم توسط کارکنان حراست و خانمهای حجاب هستم,ANGRY
17,امروز رفتم پیش آقا رضا چاپ اول کتاب خشم و هیاهوی فاکنر رو گذاشته بود تو حراجی کتابش یکسال از بابای من کوچکتره,OTHER
18, عزیزم مشکل اینجاست که فرهنگمونو باختیم بدم باختیم.,SAD
19,به نظرم نامه مربوط به #اصلاح_اصلاحات به #سید_محمد_خاتمی صرفا در جهت زدودن افکار و اعمالی است که ما به جریان رقیب انتقاد داریم ولی کسانی با نام اصلاحطلبی اونا رو انجام میدن، وقتی در انتخابات انجمن اسلامی اصلاحطلبِ دانشگاه دست به رد صلاحیت میزنند پس باید این اصلاحات انجامپذیرد.,OTHER
20,فردا پنجشنبه ۴ بهمن یا ۲۴ ژانویه روز جهانی آموزشه. به همین مناسبت #ما_رنگین_کمانیها تصمیم گرفتیم که با هشتگهای #تو_هم_بگو و خشونت_تحصیلی در این باره بنویسیم. شما هم با هر #گرایش_جنسی و #هویت_جنسیتی میتونین با ما همراه بشید. #همجنسگرا #دوجنسگرا #ترنس #رنگینکمانی,OTHER
21,لغات و جملات کلیدی برای حفظ آرامش در زندگی: باشه، اینجور خوشم میاد، نه، نه، خوشم نمیاد، هر جور صلاح میدونی، نمیدونم، دوست ندارم جواب بدم، شخصیه، هر جور راحتی، ترجیح میدم که ...,OTHER
22,میگف بعضیا هم هستن ک دروغ نمیگن ولی فقط همون لحظه رو میگن! مثلا میگن دوستت داررررم واین یعنی الان دوستت دارم برای همین ساعت همین لحظه و فردا؟ نه...,SAD
23, غلط کرده!!! چنان سونامی خشم ملت آغاز شود که آغا و بیت و نصراله و اسد در این سونامی تکه تکه بشوند!!! حالا متتطر بمانید ! اندکی صبر سحر نزدیک است!,ANGRY
24,از بیرون چیزی مشخص نبود ولی وقتی بسته رو باز کردم و پایه رو بیرون آوردم دیدم همه جاش رنگ پریدگی داره. الانم نمیدونم قبول می کنن برگشت بدم یا خیر چون بسته بندی باز شده. به نظرم از این تامیین کننده چیزی نخرید,SAD
25,گریه میکنم اما از غم نیست. ترکیبی هست از شرمندگی و ترس و .. و سبک میشم.,SAD
26,دربرابرت هیچ نکردیم رب مهلت دهد اول سلامتی شما دوتا بعدخودم خدمت به شما دعای شما که همیشه میترسم از گمراهی های جامعه دعایم کن,FEAR
27,حامیان نظم موجود:مطمئنی قاتل نبودن؟فتوشاپ نیست؟توباچشم خودت دیدی؟اگر واقعی باشه خوب نیست؟مال دوران خشونت و هرج و مرج سیاسیه!جزو زیاده رویهای خودسرانه بود!برخورددرشرایط جنگی بامتحدین امریکاست!توانقلاب ازاین اتفاقات تلخ میافته!مقصرگروههای مخالفند نه خط امام!لازم باشه بازهم میکنیم.,OTHER
28,یجادیدم نوشته:شعبده بازلبخند،درکلاه درد...عجب جمله ای،بمن که چسبید،دم اونکه اینونوشته،گرم,HAPPY
29,انتصاب رئیس جدید قوه قضائیه در آینده نزدیک قطعی است؛ عاجزانه از رئیس تازه نفس میخواهم تا سر و سامانی به نظام اطلاع رسانی فَشَل قوه بدهد؛ شاید تعطیل کردن برخی رسانههای این قوه، مایه تقویت باشد احیای دیدارهای مردمی رئیس وجلوگیری از اظهارات نسنجیده بعضی مسئولان قضایی هم، ضروری است,OTHER
30,شهریوری به شماره شناسنامه ۷۲۱۷، همینقدر ناشناس برای همه و همینقدر جاودانه برای من تولدت مبارک باشه. البته که همینقدر بی پاسخ میمونم و این تبریک رو نخواهی دید!,SAD
31,حالا همینا که به گوگوش گیر دادن ب مکرون رئیس جمهور فرانسه میگفتن عجب حرکت خفنی زده با یکی ۲۰ سال بزرگتر از خودش ازدواج کرده ، تازه گوگوش خیلی خوشگل تر و جذاب تر از زن مکرونه,SURPRISE
32,بعضیا هم از اونور بوم افتادن و سال نو میلادی رو فقط به دوستان مسیحیشون تبریک گفتن!!! سال نو واسه همه و همه جاست عزیز جان :),OTHER
33,چقدر خوشحال شدم سرگروه این تیمه تو برنامه شب جمعه من و تو اون دختره نیست... رو اعصابم بود,HAPPY
34,اعصابم کیری تر از اون چیزیه که فکرشو بکنی,ANGRY
35,آه، آتش! نکند شعله بگیری زیرا مادرم فاطمه بسیار به در نزدیک است لب نکن باز به نفرین که همه میدانند نالهی سوخته جانان به اثر نزدیک است آخرِ قصهی تلخِ تو ولی شیرین است وعده دادند به ما وقتِ سحر نزدیک است سید علی محمد نقیب #فاطمیه #اللهم_عجل_لولیک_الفرج,SAD
36,این کلیپ محجبه شدن شاخ های اینستاگرام رو می بینم همش اين جمله میاد تو ذهنم که وقتی می خوای یه چیزیو نابود کنی یا هوشمندانه بهش حمله کن یا احمقانه ازش دفاع کن,OTHER
37,کاش یه روز که دارم سیگار میکشم یه پیرمرد بیاد بگه پسرم نکش ضرر داره.منم یه نگاه بهش بکنمو بگم باشه و سیگارو زیر پام له کنم.اونم بگه افرین بیا این یه میلیارد مال تو *_*,OTHER
38,تفریح با خانواده یعنی من گاییده شدن اعصابم را دوست دارم.,ANGRY
39,"شرط می بندم حالا که دیگه در برابر افزایش نرخ ارز و طلا سِر شدیم, مسئولان تو فکرن که چجوری به مردم شوک جدید وارد کنیم تا بیشتر تو احساس بدبختی غرق بشن.",SAD
40,عزیزان آیا مستندی با موضوع جنگ دیدین که به شدت تکونتون داده باشه؟ #ریتوییت هم بکنین که عالی میشه.,OTHER
41,من هنوز یادمه. یکی از دلایلی که مردم قشون قشون به خاتمی رای میدادن، ترس از رییس جهور شدن ناطق نوری بود. آدمها عوض میشن. موضع آدمها و سطح استفاده از منطقشون هم همینطور. حتی اگه به خاطر منافع شخصیشون باشه. عوض میشن …,FEAR
42,لعنت به اون روبالشی که پاکتش روی کار دوخته شده. …,HATE
43,به توییتر حس خیلی خوبی دارم اینجا خودمم خود واقعیم هیچ ترسی از قضاوت شدن ندارم لزومی برا پنهان کاری نیس لازم نیس حرفامو ( هرچقدم گاهی چرت و رو مخ باشن ) قورت بدم برعکس اینستا که حس میکنم هزار نفر چارچشمی زل زدن بهم ! اینستاگرامم به طرز وحشتناکی تهوع آور شده,HATE
44,دوستت دارم ولی این ماهِ دی را صبر کن...! کافه گردی ها بماند بعدِ فصلِ امتحان...! صادق ابراهیم زاده,OTHER
45,چند سال است یک حرکت موذیانهای شروع شده در تطهیر رژیم طاغوت، رژیم پهلوی. هدفش این است که یک جوان امروز بگوید «عجب! اینها آدمهای بدی نبودند، اوضاع بدی نبود؛ پس چرا انقلاب کردید؟». اصلاً همه برمیگردد به مسئله زیر سؤال بردن انقلاب؛ اینها از خارج دارد انجام میگیرد.,OTHER
46,من سعی کردم در انتخاب کلمات دقت کنم و بخاطر همین از کلمهی «انتقاد» استفاده کردم، یعنی اینکه نظری رو دارم تایید (endorse) میکنم که باهاش موافق هستم، و البته مخالف یک سری از نظرهای دیگه است (بخاطر همین انتقاد)؛ ولی قضاوتی در مورد درستی یا نادرستی هیچکدوم انجام نمیدم. …,OTHER
47,یه پروژه ی سخت دیگه هم با موفقیت تموم شد . بریم برای سونا و چکوزی که بشوره و ببره :),HAPPY
48,"""کیفیت صداش فوق العادس، فعالیت ورزشی رو هم با نصب نرم افزارهاش تحت نظر میگیره. تو شگفت انگیز مناسبه""""""",OTHER
49,بعد الان که فکر میکنم میبینم رزومه ندم بهتره اصلا ،چون حتی مصاحبه بدم و ... نمیتونم برم فکر کنم! نمیدونما.حالا روش فکر مینمایم:)),OTHER
50,درود بر شرف شما دکتر سعید سکویی، حرف دل ما را میزنید دوستان اگر تاکنون نمیدانستید از اکنون بدانید چنانچه شما در هر رای گیری و انتخابات رژیم شرکت کنید، فردا این کشورهای گرگ همسایه و یا اروپایی همان انتخابات را دلیل بر مشروعیت نظام میکنند و کار ما برای پس گرفتن حق خود دشوارتر میشود,SAD
51,دلت همیشه شاد بهاری باشه عزیزم❤️❤️❤️❤️,HAPPY
52,چرا یه دختر باید به حدی از تنفر رسیده باشه که بگه از همه پسرها متنفرم کاش با هم در صلح و محبت بودیم این نگاه خیلی ترسناک,HATE
53,بینهایت بد .اصلا یشنهاد نمیکنم.تازه گرفتم و با اونی که تو سایته خیلی فرق داره حداقل از لحاظ ظاهری.میخوام عودت بدم..,SAD
54,حالا اون انتخابهای بین بد و بدتر خیلی از رای دهندگان که داستان جدایی بوده و ارتباط چندانی به این موضوع امیدِ به موفقیت اصلاحاتی پایدار در ساختار حکومتی ایران نداشت.,OTHER
55,میخوام یه فحش رو بذارم کنار امروز فهمیدم فقط تو رانندگی اونم وقتی اعصابم رو خورد میکنن میگم!چیکار کنم؟؟؟ پ ن: فحشش خیلی زشته,ANGRY
56,تو توییتر نسبت به دونفر حس تنفر شدیدی دارم و با افتخار بلاکشون کردم یکیشون خانوم اند و فوق العاده خودخواه و از خود راضی اونیکی هم یه اقای به ظاهر انقلابی بی ادب که تهمت بدی به بنده زدند,HATE
57,معلومه که آقایون باید ناراحت باشن چونکه اصن این حرفها به نفعشون نیست .اما همین آقایون همین حرفهارو واسه دخترای خودشون صادق میدونن,OTHER
58,دلم تنگ شده واسه دوستت دارم گفتن های بی هوات,SAD
59, بعد از اینکه به دستم رسید چون راضی بودم میخواستم یکی دیگه سفارش بدم ولی دیدم قیمتش رفته بالاعجب عکس پرمعنایی مردم، زیر چتر امنیتی که موشکهای بالستیک برای کشور ایجاد کردهاند، در راهپیمایی 22 بهمن حضور یافتهاند عقلانی است که این توان مهم را به چوب حراج مذاکره بگذاریم؟ #۲۲بهمن_تماشایی #22Bahman,SURPRISE
60,گفته بودم من کلا فیلم ترسناک نمیبینم؟,FEAR
61,از تمام کسانی که دوستشان دارم میترسم، میترسم که بمیرند,FEAR
62,تصویر جنجال برانگیز مسئولان خوزستان,OTHER
63,سانحه تلخ و دلخراش سقوط هواپیمای مسافربری تهران-یاسوج که به جان باختن ۶۶ نفر از مسافران و خدمه آن منجر شد، من را نیز بسیار اندوهگین کرد. این غم بزرگ را به همه مردم #ایران و به ویژه خانوادههای قربانیان این سانحه تسلیت میگویم و برای آنها آرامش و شکیبایی آرزو میکنم.,SAD
64,الان خیلی جدی فهمیدم از پیر شدن بیشتر از مرگ میترسم,FEAR
65,شب چهارشنبه آخر سال فرصتی است ویژه که در کنار پاسداشت آیینی ملی و در جمع خانواده، تجربهی ارزشمند شادی جمعی و ایمن را به فرزندانمان بیاموزیم.,HAPPY
66,"""این یک نظریه است که رولف دوبلی در کتاب """"هنر خوب زیستن"""" به آن """"ovarian lottery"""" یا """"لاتاری تخمدانی"""" میگوید طی نظرسنجی مردم به طور میانگین فکر میکنند ۶۰درصد موفقیت کار خودشان بوده و ۴۰درصد کار شانس، در حالیکه به اعتقاد آقای دوبلی نسبت واقعی چیزی نزدیک به ۹۴ به ۶، به نفع شانس است …""",OTHER
67,شعله ور شدن و ترکیدن باتری های غیر استاندارد در فشارجیب یا گرما میتواند به این شکل حادثه آفرین شود. دیجیاتو,OTHER
68,سکه حبابی است که به دور دلار پیچیده شده و این حباب آدامسی است که مسئولان نالایق نشخوار کرده اند. #دلار #سکه #تورم #دولت #مجلس #ژن_خوب,ANGRY
69,سمت مخاطب نامهای که دارم روش کار میکنم این بود: جناب آقای فلانی! مدیر کل محترم توسعهٔ صادرات، امور گمرکی و ارزشافزودهٔ معاونت تولید، صادرات و فناوری دبیرخانهٔ شورای عالی مناطق آزاد تجاری صنعتی و ویژهٔ اقتصادی!,OTHER
70,كاش ديگران از روی خنده های عصبیم بفهمن که حرفای خاله زنکی و چرت که هرکسی میتونه پشت سر اون یکی بگه رو نه باور میکنم نه به جاییم هست نه تغییری تو دیدم به ادمی که دارن پشت سرش زر میزنن داره، حالا راجع به خودشون چرا. پ.ن. فقط یه چارتا خواص و از فیلتر رد شده هستن که حرفشون سنده برام,ANGRY
71,چرا تو بیو هاتون نمیزنید متعهد؟ چرا باعث میشین من سوتی بدم؟ چرا لامصبا چرا؟,ANGRY
72,پیشنهاد میکنم بخرید ت شگفت انگیز که شک نکنید,OTHER
73,عجب برف قشنگی تو . . .,HAPPY
74, اصن بیا اصفهان تا من توریست خشگلا رو نشونت بدم,OTHER
75,من آن تک درخت پیر باغم لبم خشک و تنم خشکیده و سرد نخواهم مشک پرآب تو ای شیخ عجب درد و عجب درد و عجب درد #سعیددامغانیان,SAD
76,تمرین نظامی ارتش اسرائیل برای مقابله با نیروهای مقاومت درهتل⁦⁩ خودشونم باور کردن از رگ کردن بهشون نزدیکتریم جایی توی #زندگی_سگی_اسرائیلیها نیست که ترس توش سایه نیفکنده باشه ⁦⁩,FEAR
77, قیمتش به نسبت خیلی از ماسکها موها باتوجه به کاراییش مناسبه و تو پیشنهاد شگفت انگیز عالیهاستاد عزیزی که فکر میکردم امتحانتو بد دادم و صد در صد میوفتم ولی بهم ارفاق کردی و قبولم کردی #صبح_شما_هم_بخیر اصلا نمرمو دیدم اشک تو چشمام حلقه زد خیلی دلشاد شدم خدا دلتو شاد کنه استاد,HAPPY
78,امروز طبقه دوم استادیوم، آخر بازی همه داشتن فحش میدادن. یه درجه دار نیروی انتظامی هم جوگیر شد و خطاب به بازیکنا داد زد: «پفیوزا». همه خندیدن و من بهت زده باهاش چشم تو چشم شدم. خیلی معصومانه گفت: «والّا...»,SURPRISE
79,چقد ناراحت کننده ،تازه احساس میکنم روز خوشمونه,SAD
80,۱۲ آذر سالروز درگذشت #محمدمختاری از جمله قربانیان قتلهای زنجیرهای... روحش شاد یادش گرامی …,SAD
81,ای کاش این ترس جدایی با ما نبود...,FEAR
82,بابا اینجا ایرانه! چند ساعت برنامه اونم برنامه زنده جا به جا شدن مگه چقدر عجیبه که انقدر شاکی شدین؟! کلا اموال آینده رو میشناسین؟ ایران مال و ... مگه این بانک ورشکست میشه که با یه شایعه شما به هم ریختین؟! بچه شدین عایا؟?,SURPRISE
83,دانشجوی واقعی فرق بین غائله و جنبش دانشجویی رو میدونه و امروز دانشجویان امیرکبیر باید ثابت کنند که یه دانشجوی واقعی هستند و از روشن شدن حقیقت با اکران #هاشمی_زنده_است فرار نمی کنند.,OTHER
84,این ست ست خوبیه  اما یه مشکل بزرگ داره . اونم اینه که با این قیمت حتی بعد از شگفت انگیز اصلا توجیح اقتصادی نداره . شما صد تومن دیگه بذاری روش میتونی یه ست فرز مینیاتوری با دویست تا لوازم بخری . به نظرم باید قیمت کمتر بشه,OTHER
85, احمق تویی ترسو,ANGRY
86,تنها چیزی که از چهرهی دیگران زیاد تو ذهن آدم باقی میمونه مدلِ خندیدنشونه... روز بخیر لبت خندون رفیق,HAPPY
87,"""عكس پرى درياييه!! مشترى خواسته بود واسه روى كيكش! اين ريپلاى مديريت هست بعد از ديدن عكس كيك. لطفا ديگه سفارشات غيرانسانىِ """"متأثر كننده"""" نديد . ما جريمه ميشيم!! #شيرينى_الف""",OTHER
88,از اینکه اینجا توییتر Vpn نمیخواد لذت میبرم و از این لذت حقیرانه شرمسارم,HAPPY
89,شودم سرگردان حیران دربدر خدایا,SAD
90,روز سالمندو به تمام جوونای ایران تبریک میگم. #ایران_را_پس_میگیریم,SAD
91,بوسکتس رو نزن وحشی,ANGRY
92,مرحوم دانائى فرد رو يكبار از نزديك ملاقات كردم. انسانى متين،آرام و باشخصيت روحش شاد,SAD
93,""" """"با سلامبامیلو لطفا بذارش داخل پیشنهاد های شگفت انگیز...""",OTHER
94,هنوز با این همه وقتی که از فینال آسیا میگذره قبل هر مسابقه تبریک میگن بابات فینالیست شدن پرسپوليس. در میزان توجه به پرسپوليس فقط جمال خاشقچی میتونست رقابت کنه توی خبرهای ماه پیش بعد امروز پرسپوليس به صداوسیما نامه نوشته که عدالت رو رعایت کن لطفا,OTHER
95,این ویدیوی برف زدن و حمله به دخترا وحشتناکترین چیزی هست که تو عمرم دیدم. فروپاشی اخلاق به واضحترین و شدیدترین شکل خودش تو یک جامعه. مسئولینی که با دیدن این ویدیو از شرم سکته نکنند واقعا بویی از شرف نبردن,FEAR
96,در ۱۴مرداد ۱۳۸۴ کشورهای اروپایی پس از ۲ سال #تعلیق_داوطلبانه فعالیت های هسته ای ایران، در طرحی به صراحت خواستار تعطیلی کامل هسته ای شدند! ۶روز بعد #هفتمین قطعنامه علیه ایران در شورای حکام تصویب شد. ۴روز بعد ماموریت آقای روحانی در شورای عالی امنیت ملی با ۷ قطعنامه به پایان رسید,OTHER
97, من ادعا مردم ظریف به عنوان وزیر خارجه با توجه به شرایط بین المللی خوب و موفق عمل کرده من روی گوشی سامسونگ j7  pro استفاده میکنم کلید های کم و زیاد صداش هم کار میکنهزود در مورد مسایل منطقه و بحران های جاری نظر بدم نگن طرف فلانه #ایرانی,OTHER
98,خانوم مهستی داره میخونه و باید پاشم قر بدم بجا کد زدن,HAPPY
99,گزارش اختصاصی #مشرق از رابطه «پریوش سطوتی» با مسئولان ساواک/ دولت احمدینژاد از روابط پریوش با ساواک مطلع نبود؟+ اسناد #مشایی,OTHER
100,اینجوری که این داره برامون وقت میذاره اگه چهار روز دیکه زنگ بزنه تولدم رو تبریک بگه تعجب نمیکنم. …,SURPRISE
101,ما مثلن حرفهای خوب میزنیم. مثلن با هم مهربون هستیم. مثلن از کنار هم بودن شادیم. ولی خب. واقعیت که این نیست. تو داری به فرار کردن فکر میکنی و من به ساختن قصر!,SAD
102,اخبار #ایذه نگران کننده است تو رو خدا همه رو دعوت کنید به آرامش نه خشونت..واقعا شوخی نیست ریختن خون هر کدوم از طرفین. #نه_به_خشونت,SAD
103,من اخبارو دنبال نمیکنم و کلا هم بیحس هستم نسبت بهشون. ولی این روزا #نماينده_سراوان و #آتش_سوزی_مدرسه_زاهدان خیلی روی اعصابم رفته. در کنار فحش دادن و حرص خوردن سعی میکنم شبیه کسایی که دارم بهشون فحش میدم نباشم. بیمسئولیت و احمق و خودخواه و بیسواد و سهلانگار و مفتخور نباشم.,ANGRY
104, رنگ سفیدش خیلی جذابه کاملا انعطاف پذیر و حتی درایور هاش هم تنظیم میشن و کاملا روی سر ثابت هست.بيهوده بر قفل ها خشم مى ورزى درهاى همه زندان هاى جهان از درون باز مى شود. #رافائل_آلبرتى,OTHER
105, زشت تویی..زر نزن..دهنتم ببند..دوس دارم نظر بدم فضولی مگه,ANGRY
106,"""من تو شگفت انگیز خریدم""""""",HAPPY
107,عجب چیزی بودا,SURPRISE
108,من پول ندارم برا ریت بدم هر کی زده پس بگیره,OTHER
109,لعنت بر کسانی که اول بار حجاب از سر اهل بیت پیامبر برداشتند و لعنت به بازماندگان اونها .... #FreeMarziehHashemi …,HATE
110,""" """"باسلامیهو یاد بحثی پیرامون قافیهٔ یه بیت شعر افتادم که تو دبستان یا راهنمایی با یکی از دوستام داشتم و یه لحظه واقعاً اعصابم خورد شد!! پر واضح بود که حق با منه، ولی اون کژطبع جانور نمیفهمید. کلاً یعنی میخوام بگم شبا زود بخوابید وگرنه کسخل میشید.""",ANGRY
111,پاره شدم ا خنده,HAPPY
112,ای لعنت بر این ویندوز ایکس پی سرویس پک 3!! پیر ما رو درآورد,ANGRY
113,تبریک برای آزادی #ضیا_نبوی و آرزوی سلامتی برای او. اما کاش کسانیکه از آزادی ضیای عزیز نوشتند و خبرش را منعکس کردند، از بازداشت و ضربوشتم مادر و خواهر #آتنا_دائمی هم مینوشتند... این تفکیک زندانیان سیاسی به خودی و غیرخودی والا ظلمه، جفاست....,SAD
114,کانال مستقل کارگران هفتتپه، خبر لز وخامت حال اسماعیل بخشی، کارگر زندانی و امتناع مسئولان از آزادی او با وجود صدور قرار کفالت داد. #اسماعیل_بخشی کارگر مجتمع نیشکر هفتتپه، پس از اعتراضات کارگران این مجتمع جهت احقاق حقوق خود بازداشت و تحت شکنجه مجبور به اعتراف علیه خود شد.,SAD
115,از همه تخمه ژاپنی ها بدم میاد. نه واسه ایران که از ژاپن باخت. چون بد شکسته میشه دندونام اذیت میشن.,HATE
116,۶ و آخری. افکارتون رو کنترل کنید. منفیها رو دور کنید و فقط روی مثبتترین هدفتون تمرکز کنید. و برای حسن ختام، ممنون میشم #ریتوییت کنید که بقیه هم استفاده کنن و چقدرررر لطف میکنید اگه تجربهٔ مشابه از IBS داشتید رو اینجا منشن کنید که بقیه هم استفاده کنن. شاد باشید,HAPPY
117,""" """"در بسته بندی خوبی تحویل گرفتم رنگ مشکی رو در پیشنهاد شگفت انگیز خریداری کردم به نسبت قیمتی که گرفتم خوب است ،دیجیکالا لطفا   تو پیش نهاد شگفت انگیز بزارش لطفا بزار با قیمت   مطلوب""",OTHER
118,""" """"اینقدر ماندگاری نداشتن توی عطر عجیبه. کلیپی دردناک از دانشجویان فوت شده ی دانشگاه #علوم_تحقیقات متاسفانه بی کفایتی مسئولان بیداد میکنه... ده دانشجوی جوان را بی خود و بی جهت از دست دادیم! و حال چندتای دیگه هم…  …""",SAD
119,گاهی یه فکرایی خیلی یهویی به ذهنم میرسه بعد نمیدونم اینا از ترس ناشی میشن یا حس ششم ! ذهن عزیزم خواهش میکنم تموم کن این بازی کثیفو,FEAR
120,همکار عزیزمون از صندوق کارافرینی و امید هم مسافر هواپیما بودن. روحشون شاد,SAD
121,چرا از این شهر خنده دوره چرا؟ #مشهد,SAD
122,زندانیان زندان زنان قرچک؛ « از روز اعتراض به ما غذا نداده اند و زندانیان هر چه غذا نزد خود داشته اند جمع کرده و برای بند مادران که با کودکانشان زندگی می کنند فرستاده اند. گرسنه ایم و به دادمان برسید » #زندان_قرچک,SAD
123,یه برنامه تلوزیون نشون میداد که در ماه چقدر پول سیگار میشه و باهاش چه کارهایی که نمیشه توی یکسال کرد انقدر اعصابم خورد شد که دوتا سیگار پشت هم کشیدم,ANGRY
124,برخی کالاها در شگفت انگیز رضایت مشتریان را جلب می کنند لطفاً دیجی کالا کالاهای با قیمت رقابتی را بیشتر کند,OTHER
125,اعتراف به شکست،، عدم حضور مردم در خیابانها #صداوسیما را مجبور به پخش تصاویر آرشیوی کرد، در چهل سالگی عنقلاب خشم و نفرت مردم از رژیم به اوج خود رسیده است #سیرک۲۲بهمن,HATE
126,ی جوری میگن بهت نمیاد تک فرزند باشی انگار تک فرزندا شاخ و دم دارن!!,SURPRISE
127,همسایه هندیم اومده میگه چیزی شده دود میاد از خونتون بیرون گفتم -نه من پنکیک درست کردم واسه اونه یه چند ثانیه ساکت شد گفت دود سوختگیه ها گفتم اهان یکی از پنکیکام سوخت ول کن نبود که اخرش مجبور شدم یه بشقاب پنکیک بش بدم تا بره الان برگشته میگه میشه دستور پختشم بم بدی,OTHER
128,الان از هر ۵ بچه ای که میاد درمانگاه یکیش اسمش مهرسانا عه ، میتونم این نوید رو بدم که ۲۰ سال دیگه تو دانشگاه صدا بزنی مهرسانا ، همه برمیگردن :)),OTHER
129,سالها پیش؛ مسابقه بوکس محمدعلیکلی را از تلویزیون نگاه میکردیم ! گزارشگر گفت: برنده یک میلیون و بازنده ۵۰۰هزار دلار میگیره ! یکی از بچهها گفت من برم با کلی مسابقه بدم یه مشت زد تا صد بشمارن بلند نمیشم عوضش نیممیلیون گیرم میاد! مثل #علیز که میخواد با #تاجزاده مناظره کنه !,OTHER
130,آیتالله امامیکاشانی:مسئولان تسلیم خواستههای دشمن نشوند/ دولتمردان برای حل مشکلات اقتصادی مردم همت کنند,OTHER
131,دقیقا میدونستم بیشعوری اون صاحب سگ تو لواسون دردسرش واسه ما میشه! ماشالله اینا هم دنبال بهونه!! یعنی به پرونده تجاوز و قتل اینقدر سریع رسیدگی نمیکردن و رای نمیدادنا! خدا لعنتتون کنه! الان همه مشکلات مردم حل شد؟! …,ANGRY
132,واسه همه باید توضیح بدم... چراویزام نیومده؟! حالا چی میشه؟! نکنه دلیلش فلانه؟! نکنه بهمانه!؟ آقا جان بکش بیرون، به تو چه؟ زندگیه خودمه میخوام بشاااشم توش!,ANGRY
133,دوست واقعی اونیه که در شادی ها و غم ها کنارت باشه. و از نبودنش دلت بگیره....,OTHER
134,من مرگ را به ترس ترس را به خشم خشم را به عشق سپردم #FreeAzimzadeh,FEAR
135,به فرار مذبوحانه از تعطیلی میان هفته و غروب جانکاهش #نگاه_کن,OTHER
136,سلام صبح عالی متعالی برخیزید و سهم امروزتون از زندگی و شادی رو از دنیا بگیرید. فراموش نکنید که شادی حق مسلم ماست.,HAPPY
137,چقدر دلم واسه چرت و پرت گفتن و خندیدن تنگ شده. الان فک میکردم دلم واسه فحش هم تنگ شده. خیلییییی وقته فحش نشنیدم :دی,SAD
138,""" """"بوی ادکلن  ورساچهCrystal Noir میده. ولی کیفیتش خیلی پایین تره.اعصابم خرده و نمیدونم چرا همش قیافه ی سردار آزمون میاد تو ذهنم :/ دوست دارم با چَک از اردوی تیم ملی بیرونش کنم :/ …""",ANGRY
139,ب صرفه تو شگفت انگیز,OTHER
140,یک نظم و قانونمندی تا یکی دودهه ی قبل درکشورحاکم بود که تاثیر دوچیز بود یک : دِین به شهدای انقلاب و جنگ تحمیلی دو:ترس از برخوردهای خشن بعد از انقلاب مثل اعدامها و... دومی تقریبا برای لابی گرها و مرد رندها با فساد موجود حل شده اما اولی هنوز بین دل مومنین انگیزه ایجاد میکنه,OTHER
141,#سرباز_متأهل تحصیل کرده، حقوق=۲۹۰ هزار تومن اجاره خونه، قسط، مخارج روزانه اون هم در این شرایط که ماهی ۳ میلیون زیر خط فقر محسوب میشه. مسئولان، سرداران، فرماندهان، همه مثل بچه های شما نیستن که موقع خدمت سربازی تامین مالی بشن. والله اون دنیا باید یک لنگی وایستید جواب بدین,SAD
142,خودم نشستهام خونه پدر و مادرم در مشهد در حالی که خبر رسیده خونهام رو دزد زده. الان تصویر در شکسته خونه تو سرمه، لپتاپ داغونم که دو زار هم ازش نمیخرن اما من باید ۵ ماه حقوقم رو خرج خریدن لپتاپ تازه کنم. و جای خالی سازم. لعنت بهت که تارم رو بردی...لعنت بهت.,SAD
143,کسی که باید برود،خواهدرفت حالاتو هی در را قفل کن روی یخچال،بزرگ وخوشخط بنویس :دوستت دارم کسی که بایدبرود با پا که نه از درون میرود م_صادقی,SAD
144,"""مامانم یه کمپین توی گروه فامیلی شروع کرده """"کمپین نخریدن میوه و آجیل شب یلدا """" جهت شرمنده نشدن پدرها پیش بچه ها و همدردی با کسایی که امکان خرید ندارند ایضا اعتراض به گرانی کل فامیل اعلام آمادگی کردند امسال یلدای ساده ای خواهیم داشت شما چطور عزیزانم؟ #یلدا""",OTHER
145,قسمت ترسناک زندگى اونجاست که نمیدونى این روزایى که دارن میگذرن، روزهاى خوبت هستن یا روزهای بد,FEAR
146,ای لعنت بهتون که یه استادیوم رفتن باید واسمون آرزو باشه، لعنت... #letwomenin,HATE
147,بعد از سه سال اولين صبح شنبه اي كه بدون دغدغه از خواب بيدار ميشم . يه حس راحتي همراه با غم داره.,SAD
148,گزارش ارسالی درباره اعتراض شهروندان #مریوان به کشته شدن ۴ نفر در آتش سوزی مراتع جنگلی برخی منابع علت این آتش سوزی وسیع را عمدی اعلام کردهاند شریف باجور، امید باجور و دو جنگلبان دیگر از قربانیان این حادثه هستند. #محیط_زیست #تابستان_نارضایتی #گزارشگر,SAD
149,عع عع عع الله اکبر این فیلمنامه نویس داره تو روز روشن همه رو فیلم میکنه؟؟؟؟!!!!جل الخالق عجب دروغ ناشیانه ای گفت!!!!,SURPRISE
150,برای موفقیت و ثروتمند شدن خودتان هم که شده است، این کتاب را مطالعه کنید!,OTHER
151,"""ولی از خریدش شگفت انگیز نشدم""""""",OTHER
152,اگه توی جهنم عذابها بخواد شخصیسازی بشه، احتمالا عذاب من این باشه که جواب هر سوالی رو باید در یک جملهی چندکلمهای کوتاه بدم.,OTHER
153,بچه ها توروخدا از همه تون میخوام حتی اونایی که ممکنه حقی به گردن من داشته باشند یا ازم ناراحت باشند یه مشکل خیلی بزرگ برام پیش اومده قسم تون میدم هر کدوم تون هرجایی هستید و به هر شکلی می تونید با ذکر یه صلوات از خدا بخواید در اقل زمان این مشکل رو رفع کنه خواهش میکنم ازتون ممنونم,SAD
154,آيا سزاست براي اعتراض به تاخير يك ساعتي استاد براي امتحان برگه رو سفيد بدم؟!؟,OTHER
155,پرویز مظلومی بین دو نیمه بازی گفته که از نتیجه ۲-۰ مطمئن نیست و ممکنه تیم ملی بازی رو ببازه. بزرگوار هنوز ترس ایمون زائد رو همراه خودش داره :)))) #پرسپولیس #جام_ملتهای_آسیا,FEAR
156,"""همه این سالها که تنها زندگی کردم برف هنوز روی زمین ننشسته،با پارو میپریدم بیرون به پارو کردن تا نشون بدم نبودن""""مرد""""در خونه منجر به این نمیشه که برف رو زمین بمونه یا چمن کوتاه نشه.ولی دیروز کلی برف رو زمین نشست و دلم میخواست فسنجون بپزم و دیگه لازم نبود چیزی رو به دیگران ثابت کنم""",OTHER
157,وضع مملکت به قدری عجیبه که اگه فردا دستهای گوسفند وحشی رو در حال پرواز ببینم نه تنها تعجب نخواهم کرد بلکه خودم هم با کمال میل بهشون ملحق خواهم شد,SURPRISE
158,هر درخواستی از مسئولان میشه میگن در حال پیگیری هستیم . میخوایم صد سال مشکی پیگیری نکنید.,ANGRY
159,درون من مردی تنهاست گوشه ی اتاقک تاریک و متروک قلبم کز کرده... ناله هایش لالایی شب های تیره و تار من است عجب نوای زیبایی دارد وقتی اسم تو را میخواند کاش بودی و میشنیدی,SAD
160,"""دکمه ای برای قطع و وصل شارژ نداره و با وصل شدن به گوشی شروع به شارژ میکنه""""""",OTHER
161,این که چیزی نیست سال 92، یکی از آتش نشان ها با من گفت و گو کرد و گفت وزارت بهداشت با اینکه مکلف است وضعیت سلامتی آتش نشان ها را چک کند، ازاین کار سرباز می زند اما مسئولان محترم بعد از این مصاحبه آتش نشان رو تهدید، تنبیه و ممنوع المصاحبه کردند و مجبورش کردند بگه این حرفا رو نزده! …,SAD
162,فکنم باز یه کافهی اشتباه اومدم با این اعصابم,ANGRY
163,تجاوز به کودکان و کودک آزاری چقدر زیاد شده. هر هفته این خبرهای وحشتناک به چشم میخوره و انگار هیچ اتفاقی هم نیفتاده و هیچکسم عین خیالش نیست. البته تا وقتی متجاوزان به راحتی آزاد میشوند و هیچ پیگردی در انتظارشان نیست باید هم این اتفاقها روز به روز بیشتر شود,SAD
164,مرا بسپار در آغوشت برای همیشه آغوش تو هر بار که در برم میگیرد باشکوه ترین لحظه زندگیم را تجربه میکنم... تب کرده ام از گرمای آغوش تو هنگامی که دستانت را بر روی تنم و گرمای نفست را بر گردنم حس میکنم و خیس عرق میشوم از شرم بودنت ...,OTHER
165,ترس بر کابینه! دیگه نه شام جواب میده نه لابی نه پست و مقام، نه پول و رشوه نه بکارگیری #ژن_خوب هاشون به خاک فنا رفته گانیم! #استیضاح_ربیعی,FEAR
166,دوستت دارم بیشتر از همه، کمتر از خدا,HAPPY
167,الان برام سواله این هشتگ خشونت تحصیلی که قراره راه بیافته چه معنی میده؟کلا اینجا ال جی بی تیا حق زندگی ندارن چه برسه تحصیل,SAD
168,آرش صادقی به سرطان استخوان مبتلا شد مسئولان زندان در روند درمان وی کارشکنی میکنند برای جلوگیری از گسترش سرطان نیاز به اقدام فوری پزشکی در مراکز تخصصی است...  … #آرش_صادقی,SAD
169,خوابم نمیاد. عجیبه. واقعا عجیبه.,SURPRISE
170,-از همهی عربا بدم میاد بعد از اون از همهی خارجیا بدم میاد. +این نژادپرستی نیست؟ _نژادپرستی میخواد باشه یا نباشه، هرچی میخوان بگن چون وقتی به تاریخ مملکتم رجوع میکنم همین نژادپرستی پوست از سر کلهی ملت من کنده. ( كه من ريدم تو کلهی تو و تاریخ مملکتت و مملکت,HATE
171,#برایان_هوک: ما بسیاری از رفتارهای بد #رژیم_ایران را تحمل کردیم که به #توافق هسته ای با ایران برسیم، و رفتارهای بسیار بدتری را تحمل کردیم تا توافق را نگه داریم. بزرگترین #چالش در برجام تحمل رفتارهای بد رژیم ایران بود از ترس اینکه مبادا #ایران از توافق هسته ای خارج شود.,FEAR
172,بنظرم یه چیزی هست به اسم «فرهنگ اضافه کاری و اضافه کاری فرهنگی» یعنی ملت از فرط خشم میرن تظاهرات٬ بهشون گلوله شلیک میشه٬ گاز اشک آور میزنن٬ باتوم میزنن؛ بعد یه عده اینجا میگن واااای چرا سطل آشغال آتیش زدن؟؟ جمع کنین این اضافه کاریا رو تو رو خدا,ANGRY
173,"""اما خوب توقع سامسونگ و ال جی نداشته باشین""""""",HAPPY
174,اعضای #کانونهای_شورشی کرمانشاه، در پاسخ به پیام شماره ۱۱ فرمانده ارتش آزادیبخش ملی ایران و اعلام آمادهباش مرحله سرنگونی اقدام به دیوارنویسی شعارهای « مرگ بر خامنهای – درود بر رجوی» در اماکن مختلف کرمانشاه کردند. #براندازم,OTHER
175,ندادن تریبون به تشکلهای سیاسی در برنامۀ رئیس جمهور، یعنی سیاستزدایی از دانشگاه با همراهی بالاترین سطوح مسئولان. #صدا_میرسه,OTHER
176,"""من اگه راه داشت پسش میدادم واقعاً از خریدم ناراضیم با اینکه تو شگفت انگیز خریدمش باز هم حس می کنم پولمو دور ریختم""""""",SAD
177,"""میگید آریامهر محمدرضا دورگه بوده که، ازکجا میگم؟ مادرش در مورد اومدنشون به ایران میگه:«پدر مرحومم افسر عالی رتبه دیویزیون قزاق بود... در آن موقع ایران ارتش منظم نداشت و تزار روسیه یک لشکر از قزاقها را به واسطه درخواست شاه قاجار به ایران فرستاده بود که پدرم و ما اومدیم ایران """"""",OTHER
178,امروز در بروکسل دوهزار دانشآموزْ در اعتراض به تغییرات آب و هوایی تظاهرات کرده و گفتند بدون آب و هوای سالم، آیندهای نخواهيم داشت. این دانشآموزان معتقدند کاپیتالیسیم زندگیْ را کالایی کرده و دشمن اصلی زمین است. مبارزه با این دشمن نه به شعار بلکه در گرو اتحاد جوانان و کارگران است.,OTHER
179,امروز رفتم مثلا خريد بعد ماه ها:))) رفتم بازار و هيچي نخريدم جز يه عينك و يه بلوز سكته ناقص و زدم.اين حجم از گروني واقعا برگ ريزونه:((( از لباساتون و وسايلتون به خوبي مراقبت كنيد:(((,SAD
180,یه زنگ تفریح عادی تو دبیرستان ما,OTHER
181,سنجش با خودش گفته دفترچهها رو جا به جا میکنم صداشم درنمیارم بچهها خودشون سر جلسه میفهمن اینطوری دیگه کسی وقت نمیکنه اعتراض کنه :|,OTHER
182,"""گچه غریب ماندی ای دل! نه غمی، نه غمگساری نه به انتظار یاری، نه ز یار انتظاری غم اگر به کوه گویم بگریزد و بریزد که دگر بدین گرانی نتوان کشید باری #هوشنگ_ابتهاج",SAD
183,من این ماشین رو تو شگفت انگیز خریدم قبلا به مدت 10 سال از فیلیپس سری 8020 چرخشی استفاده کردم که خراب شد و بعد از بررسی و خوندن نظرات این مدل رو گرفتم که اصلاح اون در قسمت زیر گردن از فیلیپس قبلی بهتر و راحتتر بود پوست صورت اصلا حساسیت نشون نداد ولی صداش نسبت به قبلی یکمی بیشتره که قابل تحمله,OTHER
184,میشه از آقای مصباح یزدی بدتون بیاد، میشه به ایشان انتقاد داشته باشید، یا نوشتههای ایشان رو نقد کنید ولی با بیان این حرفهای سست فقط سطح آگاهی اندک خودتون رو نشون میدید. بخشی از اسناد ساواک از سوابق مبارزاتی، دستگیری و همراهی ایشون با امام. از سال ۴۵ تا پیروزی انقلاب.,OTHER
185,خیلی بوش عالیه تو پیشنهاد شگفت انگیز  عالیه,HAPPY
186,برای مدت طولانی از کسی متنفر نباشید، چون تنفر تبدیل به نقطه ضعفتان میشود. یاد بگیرید فرد را از دایره مورد نظر توجه تان خارج کنید. زیگموند فروید,HATE
187,بوشو خیلی دوست دارم ولی چون تازه گرفتم در مورد ماندگاریش نمیتونم نظر بدم,HAPPY
188,آفرین احسنت دل خانواده ی شهید رو شاد کردی,HAPPY
189,آیدا نوشته آرایشگاه برای کوتاهی مو دویست تومن میگیره و ما هی داریم به دکترا فحش میدیم. راست میگه واقعا آدمیزاد فکر میکنه مریضیش نباید به کسی سودی برسونه ولی برای خوشگلیش بدون اعتراض میلیونی خرج میکنه.,OTHER
190,ارزش خرید نداره اصلا نخرید آدمو از ساز دهنی متنفر میکنه اصلا صداش در نمیاد نفس فیل میخواد که صداشو دربیاره,HATE
191,در طول روز حداقل ۵ نفر منو آنفالو میکنن هی داره از محبوبیتم کم میشه اینجوری پیش بره میترسم فالوورا علیهم قیام کنن صفحرو بگیرن.,FEAR
192,من میترسم چون من نمیتونم به نبودنت عادت کنم و شاید تو بتونی.,FEAR
193,با فامیلمون شرط بستم گاو با رنگ قرمز وحشی نمیشه اگه شد بازنده کل فامیلو پیتزا بده. خلاصه رفتیم گاو گیر آوردیم فامیلمون ست قرمز کرده بود جلو گاوه هی بالا پایین میپرید گاوه هم انگار نه انگار الان 24 ساعته با گاوه داره صحبت می کنه پیشرفتش خوب بوده گاوه داری سعی میکنه فارسی حرف بزنه,OTHER
194,اگه مردا متوجه بودن باید ناراحت میشدن ..این توهین به همه ی مرداست که میگن مرد با موی زن تحریک میشه,SAD
195,همین چهره هایی گرفته و غمگین بهترین مدرک شکست این پروژه است.,SAD
196, قلم فوق العاده کاربردیلعنت به سیاست اگر انقدر کثیف است که #اصلاحطلب و #اصولگرا |هرکدام به دلیلی| درخصوصِ #آتشسوزی_مدرسه در #زاهدان و مرگِ کودکانِ معصوم سکوت کردهاند.,HATE
197,امشب ما ۱۰۰امین شام #۵شنبه_آیداونسا رو کنار هم جشن گرفتیم. ۲سال و نیم پیش من و آیدا قرار گذاشتیم هر پنجشنبه شام بریم یه رستوران تازه و این بهونهای باشه که هفتگی حتما با هم وقت بگذرونیم. ولی اون روز هیچوقت فکرشو نمیکردیم به ۱۰۰امین پنجشنبه برسیم! عجب تجربهای!,HAPPY
198, در اینکه با این افراد مشکل دارم و ازشون متنفرم شکی نیست ولی این که رهبر و پسرش پشت این داستانه دروغ نیست,HATE
199,مردم در این ایام از فرط غم دست به خودکشی دسته جمعی زدن …,SAD
200,تا سه سوت رو دارم غم ندارم,HAPPY
201,من به اونایی که ازشون متنفرم بیشتر از اونایی که دوستشون دارم فکر میکنم,HATE
202,بسیار زیبا و غم انگیز,SAD
203,خلاصه ي بازي ديشب بارسا رو ديدم و لعنت به من اگه يه بازيم از دست بدم و نبينم,ANGRY
204,دستاوردهای 40 ساله جمهوری اسلامی توسط چیزی به نام «نظام» کسب شده اما کاستیها محصول عملکرد دولتهایی بوده که از قضا رؤساشون هم آدمهای ناشایستی بودن! خب این یه مقدار عجیبه علیرضا ملوندی,SURPRISE
205,آفرین این حرکتت بی نظیر بود، عجب فی بالبداهه ای:-),HAPPY
206,"ی پیج پر از خنده و صمیمیت ?? آقای اینستاگرام """"""",HAPPY
207,نيچه چنين ميگويد كه افسردگی به انسان فرصت اندیشیدن نمیدهد. بنابراین برای نادان نگهداشتن انسان؛ باید به هر روش ممکن اندوهگینش عجب حکایت آشنایی,SAD
208,"جمله معروف معلم ها این بود که صورت مسئله رو درست بخونید و بفهمید , نصف پاسخ در سوال است. حالا وضعیت امروز جامعه شده است. مبهوت تیتر ها هستند . #فیک_نیوز",OTHER
209,سری بازیهای TheWitcher از کتاب اقتباس شدن. بهطوری که بازی باعث معروف شدن نویسنده و کتاب شده. نویسنده کتاب چون موقع قرارداد فکر میکرد این بازی موفق نمیشه با رقم پایینی قرارداد بست و حالا بعد از موفقیت بازی، نویسنده مبلغ بیشتری طلب کرده! #کتاب_بازی …,OTHER
210,""" گریه بودخودت گویی خودت خندی.عجب فروشنده هنرمندی""""""",SURPRISE
211,دقیییققققااااا.. بذر ترس رو از بچگی درونمون کاشتن و الانم چنان ریشه دوونده و تنومند شده که باید با تبر به جونش بیفتیم بلکه بشه نابودش کرد و بریزیم تو خیابونها.. #IslamicRegimeMustGo …,FEAR
212,حالا هی شب شد روز شد بهار شد پاییز شد یه روز خوب نیومد یه روز خوب اومد یه روز خوب رفت فلان. مگه میشه فرار کرد؟,OTHER
213,اصلا در حد انتظار نبود بیشتر کار راندازه تا یه هندزفری که ازش لذت ببری ، صدای بم اصلا نداره و تو موسیقی هیچ حسی نداری! و کیفیت سیمش شدیدا ضعیفه!,SAD
214,خشم و عصبانیت یک هموطن از نظام و مقامهای حکومت آخوندی اختلاس کننده ارزاق خودشون هستن من بچه #مهرانم و خادم الحسین هم هستم اما پشیمونم از این کارها... من غروبها خجالت می کشم پیش زن بچهم برم.. #اعتراضات_سراسری #,ANGRY
215,هیچی بدتر از این نیست که آدم از ترس قبول اشتباهش بیشتر ادامه اش بده و انکارش کنه,FEAR
216,ما هرگر از آنچه نمی دانستیم و از کسانی که نمیشناختیم ترسی نداشتیم، ترس سوغات آشنایی هاست..! _نادر ابراهیمی,FEAR
217,من فلیپس دارم وهم قبلا پاناسونیک و براون داشتم ولی این تکنولوژی براون فوق العاده هست من حتی موی صورتم که چند روز نزده بودم وفکر کردم نمیتونه بزنه رو به راحتی زد حتی بهتراز ماشینهای دیگه که داشتم.اگه کمی صداش کمتر بود دیگه خیلی شگفت انگیز میشد.,HAPPY
218,اگر تلاش این دخترا واقعن به ثمر بشینه اونوقت اخرش منی که هیچ کاری نکردم و فقط تماشا کردم روم نمیشه از نتیجش که ازادی حجابه استفاده کنم این چیزی بود که امروز بهش فکر میکردم و اینکه چیکار کنم وقتی اینقد میترسم,FEAR
219,امشب چند دیقه ی آخر خندوانه اشکمونو در اورد.. لعنت به هر چی جنگه.. لعنت..,SAD
220,"""هی آدمو ناراحت میکنن بعد میگن """"ناراحت نشو حالا"""" :((( خو مگه کرم داری؟ دله دیگه میشکنه""",SAD
221,تعرض به حریم مردم در #پیامرسانهای_داخلی حرام است رهبر معظم انقلاب اسلامی فرمودند: مسئولان باید #امنیت و #حریم_داخلی_مردم و کشور را حفظ کنند. تعرض به امنیت و حریم داخلی مردم «حرام شرعی» است و نباید انجام شود. …,OTHER
222,من يك كتابخونه خيلى بزرگ دارم خانوم جوان، مى تونم بعد از ظهرها به قسمت رمان هاى عاشقانه راهنماييت كنم و صبح كتاب هاى موفقيت رو بهت بدم، شب ها اما قسمت كتاب هاى ممنوعه قفله كه البته براى خانومى به زيبايى شما هيچ در قفلى وجود نداره.,OTHER
223,ابوالفضل باغگلی،عرفان زیدآبادی و امیرمحمد مختاری اعضای تیم کیک بوکسینگ پرشین کرمان امروز برای مسابقات کشوری و انتخابی تیم ملی راهی اصفهان شدند برای موفقیت بچه هامون دعا کنید #پرشین #جمعیت_امام_علی #کرمان,HAPPY
224,شب فقط اونجاش که با آهنگ غمگین حس میگیری یهو یه شاد پخش میشه توو تخت بندری میزنی,HAPPY
225,امروز تو آفیس بوی وحشتناک گندی میومد. بوی زباله چند روز مونده. برگشتنی کل محدوده ظفر تا ونک این بو میومد. الان توییترو دیدم انگار تو مناطق مرکزی هم این بو بوده. جالب اینه هفته قبل هم این بود رو حس میکردم بقیه میگفتن بوی آلودگی هواست!,SURPRISE
226, تا رو سیاه شونددهنت خشک میشه گلوت میگیره حس خفگی ضربان قلب بالا ضعف و سستی علائمی که برای خیلیا نشان از ترس و استرسه برای تو نشان از غم و غصه,SAD
227,باسلام خدمت مقام عزيز رهبري وتمامي مسئولان دلسوزنظام جمهوري اسلامي به نظربنده جهت حل تمامي مشكلات اقتصادي كه دركشوراست؟٢راه وجوددارد١-اعلام همبستگي تمام مسئولين وأحزاب وگروه هاكه يك دل ويك صداهمانندگذشته زماني كه درجنگ تحميلي بوديم٢-كوپنهاي اجناس كه به ملت ارئه ميشدرابكاربگيريد.٪,OTHER
228,لعنت به اینا که به صغیر و کبیر رحم نکردن #IranHatesMEK,HATE
229,پینترست شما هم مشکل داره و عکس سیو نمیکنه؟ یا فقط پینترست من دوست داره رو اعصابم پاتیناژ بره؟؟؟!!,ANGRY
230,کاشکی یه راهنما داشتم که بهم بگه چه جوری زندگی ام رو نجات بدم,SAD
231,تو تنها کسی هستی که میتونم راحت به شونه هات تکیه بدم؛ چون میدونم اگه اون موقع خوابم ببره سرمو زمین نمیذاری...,HAPPY
232,دوستت دارم های من ،اسبهایی رام نشدنی اند که هر جانب جهان بایستی بسویت میتازند ..... من آهنگ گامهایشان را ،آنگاه که از سینه ام تا دوردستهای تو پای می کوبند می شنوم ودر پس این موسیقی پر التهاب تو را زندگی میکنم...,OTHER
233,ویژگیهای بارز سه نامزد مطرح انتخابات ریاست جمهوری پیشرو: اول . اشرفغنی، شخصیت بروکرات، متفکر و سختمزاج است. مهارتش در اقتصاد و مدیریت، عالی است. او، آدم تجددگرا و تحولپسند است. کمتر سیاست میفهمد اما...  …,OTHER
234,من واقعا اعصابم خورد ميشه اين چيزا رو مي بينم و ما مردم از بدبختي هم مطلع هستيم اين دولت كه بايد اين چيزا رو ببينه نه ما هر روز داريم اين گروني رو با پوست و گوشتمون حس ميكنيم و هموطنامون رو كه اينطور مي بينيم حالمون بدتر ميشه تو رو خدا حالمون رو بيش از اين خراب نكنيد,SAD
235,هزاران شمع می توانند با یک شمع روشن شوند، و عمر آن شمع، کوتاه نخواهد شد… سهیم کردن شادی خود با دیگران، هرگز آن را کم نمی کند…,HAPPY
236,رووحش شاد،،عجب ساليه امسال???,SAD
237,شنیده ها عده ای از فرقه بهاریه میخواهند فردا در راهپیمایی ۲۲ بهمن شعارهایی هنجار شکنانه به جهت تفرقه علیه مسئولان اعم از دولتی و غیر دولتی بدهند و حواشی ای ایجاد کنند... مراقب باشیم هر گونه شعار تفرقه انگیز با اتمام حجت رهبری در خصوص حفظ وحدت قطعا از حنجره #دشمن است,OTHER
238,بخوایم نخوایم هنوزم هستن کسانی که در جواب میرم فلان کار رو انجام بدم میگن: از کنار برو.,OTHER
239,تذکر شفاهی به مسئولان اجرایی کشور,OTHER
240,دچار یه مریضی شدم که از محبت زیادی بدم میاد، حس بدی نسبت به طرف مقابلم پیدا میکنم، چرا اخههه؟,HATE
241,"""در آستانه شروع #تحریم ها به منظور قطع درآمد رژیم و سپاه برای تامین خشونت در دنیا، آیا از اقدامات ۱٢گانه ای که آمریکا برای یک توافق جدید با ایران پیش رو گذاشته مطلعید؟اغلب موارد مطالبات معترضانی هستندکه در #ایران میگفتند """"سوریه را رها کن، فکری به حال ما کن""""""",OTHER
242,دیروز یکی گفت بهترین خاطره ای که تو طول ترم از کلاس داشتم، اون لحظه ای بود که تو بلند گفتی پشمام. جوری که تو خیابون دارم راه میرم، یهو بی هوا میزنم زیر خنده تا الان فک میکردم بی خاصیت ترین عضوای بدنمن. الان فهمیدم خیلی هم با خاصیتن گوگولیای سیاه فرفری,HAPPY
243,عصبیم میکنید وقتی پولتونو دارید کارتونو دارید مدرک خوب از دانشگاه خوب دارید بعد الکی ناراحتید,ANGRY
244,مهم نیست که اشتباه کنیم یا کامل نباشیم ولی فاجعه است اگه از ترس اشتباه کردن حق زندگی کردن رو ازخودمون بگیریم.,FEAR
245,بعد از اون همه آهنگ شاد، ندای حسینم یا حسینِ نزار قطری، روحم رو شاد داد... به قول #مولانا : هر کسی کو دور ماند از اصل خویش/ باز جوید روزگار وصل خویش,HAPPY
246,چهار شگفت انگیز بینندگانیم :),OTHER
247,""" """"دوسش دارم صداش لذت بخشهبدبختی اونجاست با اینکه رفته ولی هر روز تو خواب ادمه""",SAD
248,حسین با خیلیامون رفیق بود. حداقل یه هشتگ براش بزنیم ما که نمیدونیم چی سرش اومده و الان کجاست. بیشتر از اینم از دستمون برنمیاد. ولی ج.ا بدون این خشم ها یه روزی خالی میشه روت. یه روزی پدرتو درمیاریم. اسمت میمونه نگران نباش. به حرامزادگی یاد خواهی شد #حسین_قشقایی_کجاست,ANGRY
249,#استارتاپ_ویکند_بیرجند فرصتی عالی بود که کلی دوست جدید پیدا کنم و یه عالمه مطلب جدید یاد بگیرم به امید شکلگیری چند #استارتاپ جدید که باعث بزرگتر شدن #اکوسیستم_استارتاپی #بیرجند بشن به ویژه با الگوهای بینظیری مثل  و  #Startup #sw_uni_birjand,HAPPY
250,از این سبک تویت متنفرم ولی امیدوارم فردا بنویسین سونی ۰ جی ال ایکس ۳,HATE
251,ای سرزمین من! شور آفرین میهن! خوارتو گاییدم که ریدی به جوونی و زندگی و همه چیمون.ذره ای از خاکت واسم کوچکترین ارزشی نداره.از متر به مترت متنفرم.,HATE
252,من هر وقت موزیکی گوش میکنم که صدای خواننده روی موسیقی سوار نباشه اعصابم خرد میشه. بخصوص اینهایی که همهاش از تمپو و... استفاده میکنند. جالبتر نیست وقتی اول خواننده را بشنوید و بکگراند موسیقی؟,ANGRY
253,خبر #تجاوز_به_کودکان_شوشتر رو خوندم و از شدت خشم سرم داغ شد دندونامو رو هم فشار دادم و درنهایت بعضم ترکید ... اونقدر خبرتجاوز به کودکان حالمو خراب میکنه که مثل مرغ سرکنده میشم. چطور این خبرو میخونیم و کاری نمیکنیم؟ نه فقط شوشتر که همه ی کشور باید اعتراض خودشونو نشون بدن,ANGRY
254,یاد گرفتم افرادی رو در زندگیم راه بدم که صداقت رو به سیاست در رابطه ترجیح بدن.با ذوق از سیاست بقیه تعریف نکنن. از شنیدن حرف تصنعی ناراحت بشن,OTHER
255,نصفه شبی یادم افتاد سال ۸۱ رفتیم شمال از طرف مرکز موسیقی. یه جشنواره بود که ناظری هم توش میخوند. همین پیدا شدم بود گمونم. من و رضا و زری و مرضی و مشتاق هاج و واج چند دقیقه نگاه کردیم به استاد یهو زری داد زد این چرا این جوری میکنه؟ از فرط خنده سینهخیز از کنسرت زدیم بیرون.,HAPPY
256,برعکس تصورات موجود مهمترین انگیزهی جهادگران امنیتی پس از انگیزهی اعتقادی، آن خندهها و لبخندهایی است که هنگام گذر از خیابان بر چهرههای عابران میبینند. لذت جهادگری امنیتی به اکتشاف است! ۲,HAPPY
257,بارها از من پرسیدند چکار کنیم که هنگام دیدن فیلم ترسناک غافلگیر نشویم؟ در این #رشتو چند نکته کلیدی یادتان میدهم تا دیگه غافلگیر نشوید. ۱- کاراکتری که بچه دارد و با اون مهربان است، احتمالا جزو بازماندگان خواهد بود. ۲- پیرها جزو اولین نفراتی هستند که کشته میشوند,OTHER
258, با سلام ، آیا نمونه امضایی که در بانک دارم رو میتونم عوضش کنم ؟ یعنی برم شعبه بگم اون امضا قبلیه رو میخوام تغییر بدم ؟چون امضام زیادی ساده ست,OTHER
259,دوستان انتقاد های بسیاری کرده اند در مورد آقای #حسین_دهباشی که چرا باید در این کارگاه آموزشی حضور داشته باشند؟ 1 - بهتر از ایشان را معرفی کنید. 2 - جلسه کارگاه آموزشی ست نه میتینگ سیاسی. 3 - اینکه حضرات ایشان را قبول ندارد مساله شخصی شماست نه مساله انقلاب. #رویش_منتظران,OTHER
260,یه اخلاقی هست که شما از بقیه تعریف میکنی، جوری که به شنونده متواضع بودن خودتو القا کنی و بیشتر خودت رو عزیر کنی تا اینکه واقعا تاثیری بر ذهنیتش در مورد شخص ثالث داشته باشی. همین، از این اخلاق متنفرم,HATE
261,در راستای دومین همایش کار در بوستان گفت و گو چیزی که خیلی عجیب و ناراحت کننده بود سیل ارسال رزومه برای پیدا کردن شغل و یا جا به جا شدن بود. اما عجیت تر ۳۰ درصد رزومه ها در رشته صنایع و دانشگاه برتر کشور بود. #نمایشگاه_کار #خدمات_انفورماتیک_نوین_کیش #شغل,SURPRISE
262,احساس میکنم شاید اگه تری کروز voice acting دومفیست رو انجام میداد کمتر ازش متنفر میشدم. (منظورم دومفیسته). #اورواچ,HATE
263,یکی از نقاط انحرافی که آقای #اقاميري مطرح میکنه بحث خوف و رجا (ترس و امید) نسبت به قضای الهی هست ، توصیه میکنم برای درک درست و دقیق این موضوع #دعای_کمیل بخونید تا هم لذت مناجات امیرالمومنین(ع) رو بچشید و هم دید خوبی نسبت به حدود رحمانیت خداوند پیدا کنید .,HAPPY
264,لعنت بر کهیر,HATE
265,این بوش ذلیل مرده هر روز میگفت میخوام حمله کنم به ایران اینجوری بود که از ۸تا ۱۳ سالگی من با ترس از جنگ و کابوس جنگ گذشت خدا لعنت کنه باعث و بانی هر چی جنگه,FEAR
266,زبان در دهان علی گذاشت، علی اکبر دید بابا از خودِ او تشنه تر است. چهارمین عضو جگر حسین بوده، هلال بن نافع می گوید، آمدم نزدیک گودال، جنگ تمام شده، از بالای گودال نگاه کردم، دیدم لبهای حسین تکان می خورد، نزدیک تر رفتم، گفتم شاید حسین نفرین می کنه، دیدم می گوید: «لشگر جگرم از تشنگی,SAD
267,نیلوفر بیانی، یکی از ۸ حافظ محیط زیستی که بیش از یک سال است در زندان به سر میبرد، در جلسه دادگاه در اعتراض به کیفرخواستی که مبتنی بر اعترافات اجباری، از بد رفتاری، تهدید و شکنجه که مبنای این اعترافات بود، سخن گفت. در این ویدیو که دوستانش منتشر کردهاند با او بیشتر آشنا شویم.,OTHER
268,"""مژده جون """"پس مژه بزن که بریزه اشک شادی""""""",HAPPY
269,"""دیجی لطفا دوباره شگفت انگیزش کن""""""",HAPPY
270,پیامکهای تبریک عید رو کپی میکنید اون اسم پایینش رو پاک کنید یا عوض کنید، امسال فعلا یه نفر سوتی داده :-.) #نوروز,OTHER
271,دروازه بان میمون عربستان عجب گلی خورد,SURPRISE
272, بیا خودم یه کارت هدیه بدم,OTHER
273,"""ساده و بسیار کاربردی""""""",HAPPY
274,در حالی دارم از بستگانم میخواهم آرامششونو حفظ کنند و از جانشان مراقبت کنن که خودم در حال انفجار از خشم هستم جمهوری اسلامی اشغالگری رو خوب نشون مردم دادی تف به شرف هرکسی که ازین رژیم حمایت کنه تف به شرف هرکسی که ازین رژیم حمایت کنه #خرمشهردرخون #خونینشهر #خرمشهر,ANGRY
275,خدایا این شادی رو از ملت نگیر???آمین,HAPPY
276,گزارش درباره تجاوز موادفروش،رانندهتاکسی،باغبون و... به یک زن معتاد مبتلا به ویروس اچآیوی,OTHER
277,بعضی وقتا برای بدست آوردن موفقیت، لازمه از «فضای امن» خودمون بیایم بیرون، ریسک کنیم و تجربه های جدیدی کسب کنیم. #تجربه,OTHER
278,صبح امروز تعدادی از کارگران راهآهن دورود خرمآباد بهخاطر آنچه عدم پرداخت مطالبات و حقوق چندین ماه، نبود بیمه و غیره اعلام شده، تجمع کردند. این کارگران در گفتوگو با ایسنا خواستار پیگیری مطالبات و رفع مشکلاتشان از سوی مسئولان شدند.,OTHER
279,اگر بخوام جدی پاسخ بدم، از لحاظ عرفی معمولا سالگردهای فرد رو زوج تقبل میکنه و سالگردهای زوج رو زوجه. اگر سالگرد ۱ رو زوج تقبل کرد، ولی رابطه به سالگرد ۲ نرسید چه کنیم؟ زوجه باید ۵۰٪ هزینه سالگرد ۱ رو با احتساب تورم روز به زوجه برگردونه. یه ماچ آبدار هم بده. …,OTHER
280,"""لذت از هنر موسیقی و زندگی با ارزش تره از یه کم هزینه""""""",OTHER
281,همه داریم اشتباه می کنیم. اشتباه می کنیم که دل های شکسته را، ارواح تحقیر شده را، آمال بر باد رفته را در خشم، در خشونت، در تقطیع جملات خبری، امری، هجومی پنهان می کنیم. اشتباه می کنیم که حقمان را از حلقوم یکدیگر طلب می کنیم. اشتباه می کنیم و می دانیم که اشتباه می کنیم.,SAD
282,#ژن_خوب: اگر نمیتوانید کار کنید بروید بمیرید! ساشا سبحانی پسر سفیر سابق ایران در ونزوئلا با انتشار ویدئویی در صفحه شخصی اش کاربران فضای مجازی را شگفت زده کرد./خبرآنلاین پ.ن: این حروم لقمه ها رو باید از خجالتشون دراومد دیگه مسامحه کافیه,ANGRY
283, با این که صفحه بزرگی داره و در دسته فبلت ها قرار میگیره اما خوش دسته و کار کردن باهاش لذتیکی از راههای تشخیص اینکه یه شهر یا محله برای زندگی مناسب هست یا نه اینه که ببینید سگ و گربهها اونجا از دست آدما فرار میکنن یا نه. اگه حیوونای ولگرد اون محله راحت بهتون نزدیک شدن و اجازه دادن بهشون دست بزنید، بدونید اونجا محل مناسبی برای زندگیتونه.,OTHER
284,وقتی یک قاضی ساده، رای به لغو دستور مهاجرتی ترامپ داد، خیلیا گفتن احسنت به این استقلال قضایی. دیروز هم دقیقا همین اتفاق افتاده و یک بازپرس برخلاف اراده دولت، رای به فیلترینگ تلگرام داده. پس بحث بر سر استقلال قضایی نیست. مساله اینه که چقدر اون دستور، همسو با افکار عمومی باشه,OTHER
285,تعریف این محمدرضا احمدی از پاس عالی چیه؟,OTHER
286,"""هر موقع خواستین از لفظ"""" دهاتی"""" برای تحقیراستفاده کنین بدونین دهاتی یعنی: رنگها وموسیقی شاد/ یعنی تنوع زیبای لهجه ها/ یعنی میراث فرهنگی""",OTHER
287,از اساتيدي ك ريز نمره در ميارن متنفرم! يادته ي بار شديدا حالت بد بود و نرسيدي فلان كار رو انجام بدي؟ الان نمرش رو از تومقعدت ميكشم بيرون بابا دهنت سرويس! فرصت جبران بده! شرايط همه يكسان نيست,HATE
288,اقشار مختلف مردم اعم از کارگران، معلمان، دانشجویان مطالبات بهحقی دارند. مسئولان پاسخ قانعکنندهای به آنان بدهند.درخصوص اخبار نگرانکنندهای که از نحوه برخورد با فعالان صنفی شنیده میشود، شفافسازی کنند. برخوردهای امنیتی و قضایی با مطالبات قانونی اقشار مختلف مردم چارهی کار نیست,OTHER
289,بابای اکسم #ولنتاین رو با یه متن زیبا بهم تبریک گفته!! و من نمیدونم جواب این #درام_تراژدی رو چی بدم!!,SURPRISE
290,عجب همسایههای استیم! شما باختید، اینجا خیلیها خوشحال شدهاند(برای خودم بیتفاوت است) اما هیچ وقت یادم نمیرود: علیدایی با گلزنی در مقابل افغانستان،فلسطین،نپال،کامبوج و... مدتها آقای گُل جهان بود,SURPRISE
291,از جایی دیگه اعصابم خرد بود و نتونستم متناسب با حس و حال بچه بهش بفهمونم که نمیشه! گریه کرد شاکی شد و من سنگ بودم اون لحظه در صورتی که میتونستیم مثل همیشه باهم تعامل کنیم لعنت به من که شعور زندگی و رفتار جمعی رو ندارم لعنت به پریود و pms کاش دور شم از هرچی و هرکی که هست,ANGRY
292,دختر بندری تو سرت کن روسریتووووو / با.اون چشای نااااازت دلما میبری تو/رو بند بنداز رو صورتت صورتته نبینن گلِ منی !میترسم گلِ منه بچینن/  بیاااااا دستا بندری بااااااالا??,HAPPY
293,عاشقان سرشکسته گذشتند، شرمسارِ ترانه های بی هنگامِ خویش وکوچه ها بی زمزمه ماند و صدای پا آقاى افشار، محبوب ترين گوينده خبر براى من، پرواز كردند تسليت به تمامى دوستدارانشون روحشون شاد #قاسم_افشار #عاشق #گوينده_خبر #شاملو #ما_تو_را_ميبينيم,SAD
294,درنهایت پس از ده روز جنگیدن، احساس بیهودگی، ناکارآمدی و غم بر من غلبه کرد، اگر تا جمعه زنده ماندم خوب میشوم,SAD
295,سوال این بود : ببر ، فیل ، گوزن ، کدام حیوان وحشی است ؟ جوابش هر سه اما به گمانم جواب صحیح تر این باشه : انسان از هر سه تا وحشی تر است !,SAD
296,"""روح آدم را میجوند تا حرف خودشان را به کرسی بنشانند! نه به عشق فکر میکنند نه به گذشتهها و یادشان نمیآید که روزی روزگاری گفتهاند: """"دوستت دارم!""""""",SAD
297,ما به چنگیزخان مغول میگیم خونخوار و وحشی ولی مغولها بش میگن کشورگشا و دلیر خیلی چیزها همینطوریه نسبی هست بستگی داره کدوم طرف ایستاده باشی,OTHER
298,موفقیت ۴۰ سالگی انقلاب همین بس که آمریکا و پمپئو دست به دامن مسیح علینژادها شدن برای براندازی:)))) #مرگ_بر_امریکا #الله_اکبر #بعث_انقلاب,OTHER
299,منی که الان باید خواب هفت پادشاهو میدیدم چرا بیداااارم؟؟؟ آفرین درسته ^_^ چون اعصابم کیریه,ANGRY
300,اتفاقا همیشه باید  دنبال منفعت بیشتر باشید ریسک برای بهترین موقعیت  افکار نو با ایده های خلاق  نه این که بترسی و کاری نکنی این وفاداری نیست این ترسو بودنه,FEAR
301,علی مطهری:قول مسئولان برای رفع حصر تا پایان سال/ اگر تا پایان سال حصر رفع نشود اعتراضاتمان را شروع میکنیم. پ.ن: این برای ثبت در تاریخ است.تا پایان سال 31 یک روز زمان باقی مانده است,OTHER
302,  ۱۰_۱۲ سال پیش ورساچه رو برام هدیه آورده بودن و من شاید کلآ دو بار تونستم استفاده کنم ،خیلی از بوش بدم میاد.رانندگان دشمن برای شکستن اعتصاب عراقی ها بکمک مسئولان عراقی متن میایند,OTHER
303,نمیتونین تصور کنین که چقدر از دوستای دوستام متنفرم و حالمو بهم میزنن و دلم میخواد چکیشون کنم بعدم یه روز جمعشون کنم یه جا و به آتَش بِکِشَمِشون,HATE
304,امروز میخاست به روز عالی تموم بشه که چقدر راحت خراب شد,SAD
305, باشه هر جور راحتی اون موقع که داشتیم بحث میکردیم پشت فرمون بودم و نتونستم درست و حسابی جوابتو بدم اشکال نداره,OTHER
306,یکی از این چیچی نیوزها ایجاد ترافیک در خیابانها را به عنوان تاکتیکجدید مبارزه اعلام کرده است. امیدوارم مسئولان این تاکتیک جدید را جدی بگیرند و بدانند از فردا هر خیابانی ترافیک بود، اقدامی علیه نظام است، شاید فکری به حال ترافیک کردند و مشکل حل شد.,OTHER
307,صبح امروز، ۱۵مهرماه ۱۳۹۷. اعتراض نمادین دانشجویان دانشکده علوم اجتماعی دانشگاه علامه طباطبایی نسبت به سکوت اساتیدو مسئولان، در قبال بازداشت #نجمه_واحدی، احکام ظالمانه دانشجویان و وقایع جامعه. #سکوت_اساتید  …,OTHER
308,"""خواستم خواهش کنم موجودش کنید (اگر هم رنگ سبزش باشه خیلی خیلی ممنون می شم).""""""",OTHER
309,سب موفقیت در عرصه انرژی هستهای، نانوتکنولوژی، و علوم هوا و فضا و پرتاپ ماهواری، از جمله موفقیتهای علمی و تحقیقاتی ایران در سالهای اخیر به شمار می روند. #چهل_سال_سازندگی #بعثت _انقلاب,HAPPY
310,مسئولان استعفا نمیدهند مگر اینکه فیلم ناجور در تلویزیون کیش پخش شود. راهکار: وسط اختلاس، وسط تصادف اتوبوس دانشجویان، وسط سوختن مدارس و کلا وسط هر چیزی، یک فیلم جکی چان پخش کنیم تا خبر به گوش همه مسئولان برسد. ۲ شرق,OTHER
311,پارسالم تقریبا همین موقعها بود که زلزله اومد. عجب وضعی شده بود خیابونا :|,SURPRISE
312,انقدر كلافم دوس دارم يه پولي بدم به خودم بگم چند روز بره مسافرت تنهام بذاره.,SAD
313,بعد از مدت ها کسی تو خونه نیست و از آرامشی که دنبالش بودم میخوام لذت ببرم اگر این استرسی که هر لحظه میگه، الان یکی میاد و خلوتت بهم میخوره، بگذاره! #زندگی_دانشجویی #خلوت,HAPPY
314,مازندران می گردد وبا قانون محیط زیست و اکو سیستم و حق کشاورزان حقابه بگیران مغائرت دارد. لذا ما در فضای مجازی اقدام به تشکیل گروه 15000نفری به نام .. نه به احداث سد فینسک از کل مازندران نموده ایم مسئولان استانداری وسازمان محیط زیست زیر مجموعه دولت هستند و شما حضرات وکیل ملتِ,OTHER
315,"""#نظر تو مهمه""""""",HAPPY
316,شباهت زیاد جرارد و کریم باقری عجیبه,SURPRISE
317,چقدر این ویدیو عجیبه! خسته شدم بعد از دیدنش واقعا  …,SURPRISE
318,خشم بیش از حد گرفتن وحشتآرد و لطف بیوقت هیبت ببرد ، نه چندان درشتی کن که از تو سیر گردند و نه چندان نرمی که بر تو دلیر شوند #سعدی,OTHER
319,انقدررر ازت بدی دیدم که تنفرم تنها تو خودت یه نفر جمع نمیشه...دایره ادمایی ک ازشون متنفرم رو حسابی بزرگ کردی،خودت،رفقات، دور و وریات و...ولی نگران نباش ها، تو خودت همیشه سرگروه باقی میمونیافتخارش تنها و تنها نصیب خودته,HATE
320,اقا فرمودند امیدشان بعد از خدا به جوانان است (نه مسئولان). جوانان عزیز شما هم امیدتان به خدا و رهبر عزیز، و خودتان باشد (نه مسئولان)! #گام_دوم_انقلاب مصداق کاملی از مفهوم آتش به اختیاریست,OTHER
321,دوباره باید ماسک بیتفاوتی را به چهره بزنیم. دوباره باید برگردیم تو همان باتلاق زندگی در کشور عزیزمان.زنگ تفریح تمام شد.,SAD
322,فکر نمیکردم بازیِ خوب بتونه کاری کنه که توی نمایشی که دارم نصف متنشو نمیفهمم خسته نشم و شاد بیام بیرون. چهارمضراب اصفهان، جشنواره مونولوگ دانشگاه هنر. اسم کارگردان یا بازیگر؟ یادم نیست.,HAPPY
323,چه شاخ شدن این مامورا,SURPRISE
324,یکی ازانتقاداتی که مسئولین مابه تصمیم دولتهای آمریکا،فرانسه وانگلستان مبنی بر بمباران سوریه گرفته اند اینه که چرا پارلمانهایشان رادرجریان حمله قرارنداده اند.این انتقاد ازسوی ما ایرانیان بسیاروارداست.چون همه تصمیمات ما در خصوص سوریه،لبنان،یمن،فلسطین و....باعلم و اطلاع مجلسمان هست.,OTHER
325,نظم خوبه. اتحاد خوبه. اصلا همه خوبن. ولی این تماشاچی های کاشیما خیلی رو اعصابم بودن:(,ANGRY
326,دیدن علایم هشداردهندهی #آلزایمر به این معنی نیست فرد حتما دچارش شده٬برخی علایم آلزایمر شبیه علایم بیماریهای دیگهست و کار تشخیص بیماری “فقط” بر عهدهی یک متخصص مغز و اعصاب است نه شما. پس در صورت مشاهده علایم وحشت نکنید و در صورت لزوم با مشاورین انجمن آلزایمر ایران تماس بگیرید.,FEAR
327,ولی دخترا برن سربازی خوبه ها ، کچل میکنن و چون هیچی ترسناک تر از دختری که موهاش رو کوتاه کرده نیست ، کسی جرئت نداره حمله کنه,FEAR
328,در کشور ما متاسفانه پلیس مایه ترس و وحشت شده درحقیقت باید امنیت باشن...افسوس برای کشور عزیزمان,SAD
329,اینه که روزمره نویسی را دوست دارم. از ترشی ماست گله میکنند و من میگذارمش کنار شادی خبر خوش چند روز پیششان و آرام آرام جهان داستانیشان تو ذهنم شکل میگیرد! خواستم بگم حتی روند تغییرات عکسهای حسابتان را هم دنبال میکنم!,OTHER
330,یه سری آدما هستن تو ذهنت مدام باهاشون دعوا میکنی ؛ از یه سریا انتقاد میکنی ؛ به یه سری آدما در غیابشون و پشت سرشون فحاشی میکنی ؛ اما رفتارِ یه سری آدما لالت میکنه، این آخری از همه بدتره,SAD
331,مسئولان نظام در محلههای مرفه نشین #تهران زندگی میکنند مردم اما باید با گرانی و مشکلات معیشتی دست به گریبان باشند این شد سهم ما از انقلاب #چهل_سال_شکست,SAD
332,روحانی که با صلوات فرستادن مانع از مصاحبه رییس دانشگاه آزاد شد در مجلس ترحیم جانباختگان حادثه اتوبوس #علوم_تحقیقات در مسجد واحد سوهانک که خبرنگاران و رئیس دانشگاه نیز حضور داشتند، با صلوات های مکرر مانع از پاسخگویی رئیس دانشگاه نسبت به حادثه اخیر شدند. راههای فرار از پاسخگویی,OTHER
333,ای کاش تو اینجا بودی. در حقیقت من در اینجا هیچکس را ندارم. هیچکس جز ترس و تشویش. #كافكا,FEAR
334,مسئولان امنیتی! آیا تسامح کافی نیست؟! ضمن عرض تسلیت به مناسبت سالروز شهادت حضرت فاطمه زهرا(س) و شهادت مأموران...,SAD
335,راستش برای من اهمیتی نداره تا کِی زندهام. همین دیروز داشتم فکر میکردم اگر بفهمم مثلاً تا چند ماه دیگر میمیرم چه حسی بهم دست میده. از جوانب مختلف بهش فکر کردم و فقط به حس آرامش رسیدم؛ روزی که بالاخره این کثافت و غم و بدبختی و نگرانی تموم میشه. زندگینفهمیده هراس از مرگ نداره.,SAD
336,اينجا #بوكمال است،مرز #سوريه با #عراق شهرى كه #داعش حضور گسترده اى اينجا داشته و طبق شنيده ها يكسرى از مردم حتى استقبال كردن از داعش خيلى هاهم به اجبار موندن ونتونستن فرار كنن،يا به اجبار بيعت كردن ياكشته شدن داعش همچنان در #شرق_فرات حضور دارد و خمپاره هاش روى شهر فرود مياد,OTHER
337,عاشقتم همیشه خندون باشی و شاد کنار عزیزانت واقعا دیدنت هرروزت برات شده عادت ازت انرژی میگیرم از یاد گرفتم محکم باشم محکم تراز قبل ?????,HAPPY
338,من همونی ام که زیر یک دقیقه میتونم مکعب روبیکا رو تیکه تیکه کنم ، چون اعصابم کشش نداره,ANGRY
339, یه سوال :به بیان دیگر، اعتراض باید معطوف به نتیجه باشد یا لایک توییتری و تخمه شکستن حین فوتبال دیدن و چک کردن اخبار؟ و بله، اینها بالاخره رفتنیاند!,OTHER
340,عمیقا دلم می خواد دوباره ژول ورن بخونم و خوشبین باشم و باور کنم که آیندهی کودکی هامان که حالا باشد، بشر فقط به پیشرفت در تکنولوژی رسیده و آن همه بد رفتاری را از عصر جهل، با خودش نیاورده به عصر اینترنت تا با وحشی گری کلامی و خشونت و زخم زبان، دورانِ جهلی تاریک تر دست و پا کند.,SAD
341,شما تا وقتی که در مورد ظلم های حکومت صحبت میکنید و روشنگری میکنید من طرفدارتونم ولی یه وقتایی نمیتونم تشخیص بدم که شما با حکومت بدید یا با اسلام...ولی اگر تلاشتون این هست که مردم در مقابل این حکومت فاسد همبسته و متحد شن و تاثیرگذار باشید و به ما کمک کنید به اعتقادات اکثریت توهین نکنید,OTHER
342,خاک برسرمون کنن که چنین قرمساقی داره اینا رو میگه تف به شرفتون تف به غیرتتون که با سکوتتون اجازه زدن این حرفا رو دادین لعنت به شما #رضاشاه_روحت_شاد,ANGRY
343,عجب دستبند باحالیه. هم ساعت هوشمنده، هم مترونومه و هم تیونر. یکی از بهترین ابزارها برای موزیسینهاس,HAPPY
344,جوانان در بیانیه ای خواستار آن شدند که مسئولان از طرف هم سن و سالهای خودشان حرف بزنند و اعلام آمادگی کنند. :) …,OTHER
345,من تو بحث هام سعی میکنم روبروی طرف مقابل بایستم تا هم او منظورش رو روشنتر بفهمه و هم من و معمولا تو بحث ها طرف مقابلم رو یا کلافه و یا دلخور میکنم. اخریش بهم گفته بود برو مطالعه کن چجوری بحث کنی که طرفت ناراحت نشه- الان دیدم #سقراط هم اینجوری بحث میکرده قصد رنجوندن ندارم,SAD
346,خدايا از دست اين برنامه هاي شاد و متنوع نوروزي به كجا پناه ببرم؟,ANGRY
347,روز دوشنبه ۱۵بهمن۹۷ کارکنان و #کارگران نگهداری راه آهن زاگرس در #اندیمشک در اعتراض به پرداخت نشدن سه ماه حقوق معوقه خود دست از کار کشیده و اعتصاب کردند. #اعتراضات_سراسری #DownWithKhamenei,OTHER
348,"""گزارش عالی """"الناز محمدی"""" از روزنامه شهروند درمورد وضع اسفبار زندگی نخبه های دانشگاهی. نخبه هایی که قربانی """"کالاسازی آموزش در ایران"""" شدند...!""",SAD
349, چرا اتفاقا من خودم سه سال پیش دیدم...یه زوج جوان..نمیدونم کجایی بودن..سوار دوچرخه سریع رد شدن و فقط تونستم یه های براشون بگم و دستی تکون بدم,OTHER
350,ما که تلاشمونو کردیم. لعنت به دل تنگی.,SAD
351,با مترو میری داون تاون خیلی مراقبت می کنی سر وقت برسی. از شارژ گوشی و لب تاپ مطمئنی. تو مترو یه نگاه سرسری به دوتا مقاله جدید میندازی. می دونی همه شاخ ها و کله گنده های آمریکای شمالی اینجان. ۸:۳۱ دقیقه میرسی، رجیستریشن را کامل می کنی سالنهای سخنرانی که برنامهریزی کردی /۲,OTHER
352,خلاصه اخبار 20:30: سلام همه چی ارومه،وضعیت اقتصاد عالی وبا ثباته رفاه،اسایش مردم در سطح عالی قرار داره امریکا در حال منزوی شدن،و اقتصادش در حال فلج شدنه خدافظ,OTHER
353,بعد از استعفای خاتمی تو سال 71، جهرمی دومین وزیر جمهوری اسلامیه که به نشانه اعتراض استعفا میده,OTHER
354,دلم ميخاد با ادم جديدي اشنا شم ولي از اين طرف حوصله ندارم همه چيو از اول براش توضيح بدم,SAD
355,من همچنان آرزومندم رضاییان مصدوم شه. هر توپی که میاد زیر پاش اعصابم خورد میشه. #TeamMelli,ANGRY
356,چه عجب کارت زرد,SURPRISE
357,چه عجب سردار و طارمی نریدن,SURPRISE
358,برنامه جدید انجمن چایوفلسفه: کارگاه آموزش مهاجرت تحصیلی (2): تحصیل در مقطع کارشناسی ارشد فلسفه در کانادا ارائه شادی حیدریفر، دانشجوی دکتری دانشگاه گوئلف کانادا ظرفیت محدود * جهت کسب اطلاعات بیشتر با شماره 09198285759 تماس بگیرید.,OTHER
359,●دیروز تا حالا بیشتر خانواده ها زنگ زدن و تشکرکردن.. ●عکسا با رضایت کامل خانواده ها بود ولی خب من حواسم نبود اینجا ایرانه و ذهن مریض زیاده.. ●عکس بچه هارو دیشب مدیرگرفت و گذاشت توکانال مدرسه.. ●و من خوشحالم چون دیروز بچه هام شاد ترین آدمای روی زمین بودند وبرای من همین مهمه,HAPPY
360, دهنت سرویس?????نوشته کارای سنگین نمیتونم انجام بدم انگار اینستا فرم باربری بهش داده اشتباهی?????,HAPPY
361,روان دوپادشاه پهلوی شاد,HAPPY
362, روحشان شاد ای خدا،صبری بده بر حال مامن از اینکه انقد ناخواسته کسایی که خیلیییی دوسشون دارمو اذیت میکنم از خودم بدم میاد..!,HATE
363,دیگه خنده هام بوی بغض میده:),SAD
364,با چشماش چی داره میگه؟ حرومزاده ها خودتون میخاردتون انگار صبر کنین تا این خشم فروخورده شده سر باز کنه,ANGRY
365,چقدر از آدمایی که یهو میان، یهو میرن بدم میاد! یا نیا یا بمون لشتو دیگه!,HATE
366,بنابر اخبار میدانی کشورهایی مانند امارات با خرید و قاچاق دام زنده ایرانی باعث گرانی قیمت گوشت در ایران شده اند.احتمالا یکی از پایه های فتنه آتی، کمبود مواد غذایی چون گوشت و ایجاد #قحطی_تصنعی یا #احساس_قحطی در اذهان مردم است. لازم است مردم و به خصوص مسئولان به هوش باشند! #فتنه_98,OTHER
367,"""مستند """"زیر صفر مرزی"""" را دیدم. فیلم 2 بخش دارد: 1. جنگ: با تمرکز بر زندگی سردار شهید علی هاشمی و نحوه مدیریت راهبردی و فرماندهی دفاع مقدس 2. پساجنگ: به محوریت موارد ذیل: +نقد تصمیم سازی های اقتصادی و تاثیر آن بر کیفیت نامطلوب زندگی مردم (قوم عرب) در مناطق جنگ زده +محیط زیست +نفت""",OTHER
368,عجب جنده ای بود,SURPRISE
369,"""به کارای """"بدم"""" که فکر میکنم حس میکنم با این کارام یه سری ادمو خوشحال میکنم ولی خب چرا همیشه تهش باید یه جوری حال من گرفته بشه که بشینم به خودم بگم """"از ماست که بر ماست""""؟""",SAD
370,انقد بدم میاد تا میای نوشابه برا خودت بریزی هی میگن برا منم بریز خودت چلاقی مگه,HATE
371,ما برای رسانه هابسته pr میفرستیم و خیلی از آنها هم خبر را کار میکنند، پس به جای انتقاد از رسانه ها بایدبا آنها ارتباط بگیریم #5shanbebazaar,OTHER
372,صدای بسیار تیز و بد سر درد می گیرید من نمیدونم این دوستان شاید تا به حال هنذفری خوب تو گوششون نذاشتن با محصولاتی مثل سونی و اپل اصلا مقایسه نشه خلاصه لذت بخش نیست,SAD
373,دیالوگ های این روزهای ما : هه سَن دیَندی سن بیر یول تاپ من اونی الیریم سنه نه ! با این سه جمله ( که تیکه کلام هر یک از اعضای خانوادس با لحنی خاص ) روح و روانمون رو شاد کرده و هر هر میخندیم,HAPPY
374,سه جوان 23 ساله بعد از 14 سال انتظار در حال مشاهده ی کارتون شگفت انگیزان 2 !!,OTHER
375,در تشریح این صحنه یکی از دوستان گفت:این دو تا دختر چه حقی دارند که بین این همه پسر بروند! لعنت بر این سطح فکر این دقیقا سطح فکر ملت ماست …,HATE
376,عمرمون داره صرف جدال نابرابر انتخابهای ما با انتخابهای پدران و مادرانمون می شه که با هم در تضاد کاملن.,SAD
377,منع خشونت علیه زن چرا باید این همه مخالف داشته باشه؟ :)))) شوخین اینا؟,SURPRISE
378,باید باور کنیم بعضی تابو ها تو جامعه اینقدر جدی شدن که برای کاری که خلاف شرع نیست مثل ازدواج همسر شهید حججی باید خانواده شهید حججی بیانیه بدن و تبریک بگن !,SAD
379,اگ یروز پرسپولیس رو بدن ب شهرستان و بگا بره، فردوسی پور میگ با پرافتخارترین تیم جام ولایت چیکار کردید مسئولان,OTHER
380,بالاخره تونستم به یکی تبریک عید بگم و تپق نزنم!,HAPPY
381,هزارتا کار هست که باید انجام بدم هرکدوم و چند ماهه به بهانهی اون یکی میپیچونم دیگه بسه. با سر میرم توش.,OTHER
382,نژاد پرست فقط اونی که فکر میکنه سبزه ها ادم نیستن و حق انتخاب شدن برای ازدواج ندارن. حالم از ادما بهم میخوره که تمام زندگی رو فقط برای یه تیکه پوست سفید میخوان لعنت به دنیا... #سیرم_از_دنیا,HATE
383,چه عجب وقت کردین,SURPRISE
384,#ای_عزیز_سفر_کرده: درروزگاری ترکمان کردی که بیشترین نیاز رابه حضورت داشتیم! مراسم دومين سالگرد ارتحال #ايت_الله_هاشمی_رفسنحانی پنجشنبه ٢٠ دي ماه ١٣٩٧ ساعت ٨ صبح بزرگراه شهيد چمران،سالن اجلاس سران خنده های مهربانانه ات هنوزهم دوستانت راامیدوارو مخالفانت رابه خشم میاورد!!,SAD
385,حقیقتش اینه که تابستون از گرما مینالم و وقتی از اواسط شهریور هوا کم کم شروع میکنه به خنک شدن و بوی ماه مهر و پاییز استشمام میشه استرس و دلشوره میگیرم هنوز هم از این حس متنفرم و بی اختیار تو دلم خالی میشه.,HATE
386,اعتیاد که شاخ و دم نداره شما نگاه کن ما هر چند دقیقه یبار اینستا رو چک میکنیم؟تلویزیون روزی چند ساعت نگاه میکنیم؟ چقدر توی تلگرامیم؟ اما چیزی که از همه ی این ها اعتیاد آورتره میدونید چیه؟ هرویین،هرویین واقعا اعتیاد آوره,OTHER
387,ای کاش تولید یون می‌داشت. در کل مناسبه در شگفت انگیز,OTHER
388,نه طبق ِ مُد دوستت دارم نه به حکم سنت! همه چیز بنا بر فطرت است “خوب ها” دوست داشتنی اند…,HAPPY
389,هیچوقت کنسرتای بزرگ و شلوغ و پر هیاهو برام جذابیتی نداشته، حتی مهمونی هم از یه تعدادی بیشترش دیگه اعصابم یاری نمیکنه,ANGRY
390,بعد از 2 دقیقه استفاده مثل بخاری داغ میکنه و بی متالش اتومات قطع میکنه خاموش میشه و 10 دقیقه باید صبر کنی تا سرد بشه و وصل بشه و عملاً هیچ کارایی نداره اگه کسی خواست بگه نصف قیمت بهش بدم!,SAD
391,بسیجی پرو بیشعور.از هرچی بسیجی بدم میاد آخه یکی بگه بتوچه ایتوپی,HATE
392,نژاد ، دین ، غرور قومی و ملی گرایی هیچ تاثیری ندارند ، به جز اینکه یاد می دهند تا از مردمی که هیچوقت ملاقات نکرده اید متنفر باشید ...! #داگ_استنهوپ,HATE
393,غم دارم,SAD
394,-سلام آقا! +سلام ... بفرمایین؟ چی بدم خدمتتون؟ -من از اووووون آسمون آآآبی میخوااااااام... +بفرمایین... دستور این قرصا روی جعبه نوشته شده...,OTHER
395,قابل توجه بعضیا باید گفت که دیدید حضور خانما به ورزشگاه اصلا هم ترسناک نبود! چون بر خلاف تلویزیون کسی از فاصله دور باردار نمیشه!!,FEAR
396,شورای عالی معادن در پی اعتراض سازمان حفاظت محیط زیست نسبت به واگذاری معدن تراورتن میمه واقع در پناهگاه حیاتوحش موته استان اصفهان، پروانه صادر شده برای این معدن را لغو کرد. #محيط_زيست #ميمه #موته,OTHER
397,دوستان واسه اینکه روی مجاهدین خلق کم بشه لطفا در این نظرسنجی شرکت کنید در صورت امکان #ريتوييت_لطفا تا دوستان بیشتری شراکت کنند آیا شما از مجاهدین خلق متنفر هستید,HATE
398,لعنت بهش. وسط خیابون از عصبانیت نزدیک بود بزنم زیر گریه، یهو با چونهی لرزون عین بچهها به خودم گفتم اصن میرم اصفهان! لعنت بهت کاهو,ANGRY
399,لعنت به تموم آشپز خونه های دنیا که کفش خیسه تف به اصل و اساس اون چیزی که باعث میشه همیشه کفه اینجا خیس باشه اه اه اه,HATE
400,از شما چه پنهون این «سلام برسون» و «فلانی هم سلام میرسونه»های الکی همیشه رو اعصابم بوده و میمونه.,ANGRY
401,“ هر که در این بزم مقرب تر است جامبلا بیشترش میدهند شاید خدا خیلی منو دوست داره کاش خدا واقعا دوسم داشته باشه “ تودوربین نگاه کردی اینا رو با خنده گفتی تهش یه اشک ریختی و رفتی؟ خدا تو رو دوست داره. همه تورو دوست دارن. ماییم که موندیم با این داغ رو دلمون.,SAD
402,جنگ اول به از صلح آخر شاهکلید موفقیت در جامعهای پر از تعارف و رودربایستی...,OTHER
403,تاریکی دسْپامو بسته آنچه بینم ترس مطلقه نه میمیرم، نه میزیم گیر کردم من بدنم محبسهههه,FEAR
404,بچه بودم هر کی میرسید گازم میگرفت اینقدر بدم میومد که تو خاطرم مونده نکنید این کارو بابا …,HATE
405,راه نجات آرش اعتراض جلو زندان اوینِ نه هشتگ تو توییتر #RescueArashSadeghi,OTHER
406,"آقای جهرمی اینترنتمون رو مخابرات خورده. بگو پس بده.من اینترنت مخابراتو نمیخوام اصلا. اون یکساله ای که 15 روز پیش خریدمو میخوام. من اصلا فیبر نوریم نمیخوام دیگه واقعا عصبیم. نمیفهممتون. صادقانه بگین بیار پول بده همینجوری خیلی بهتره, حداقل به شعورمون توهین نمیشه.",ANGRY
407,۱/این اولین #رشته_توییت منه و خداکنه آخریش باشه. میخوام توضیح بدم چرا موضوع افزایش ۵۰۰درصدی #عوارض_خروج_از_كشور اینقدر اعصابم رو به هم ریخت، و میخوام که بخونیدش؛ خیلی طولانی نیست/,ANGRY
408,منکه اصلا راضی نیستم تو جمعه سیاه خرید کردم هم نشتی داره هم دکمه کم و زیاد کردنش خرابه هنوزم نتونستم پسش بدم چون کسی پاسخگو نیست . بسته بندی هم زیر صفر اصلا نمیشه نمره داد,SAD
409,آیا ارتباط جنسی بدون رضایت، تجاوز است؟ دادگاههای #اروپا چه میگویند؟,OTHER
410,نه آدمای وحشتزده رو دست میندازیم و نه به وحشت دامن میزنیم #درکنارهمیم,FEAR
411,اعتقاد به هرگونه محدودیت، ناشی از ترس و تعصب است . حدی وجود ندارد، نه برای افکار و نه برای احساسات. این ترس است که حدود را می سازد ... METALLICA  …,FEAR
412,رهبر انقلاب: مسئولان جز در موارد نظامی و امنیتی هیچ رازی را از مردم پنهان نکنند. پ.ن: مساله اینجاست که نگاه آقایان مسئول عموما به همه چیز امنیتی است,OTHER
413,خیلی زوره تا سه هفته مچبند ببندم عملا هیچکاری نمیتونم انجام بدم,SAD
414,لعنت به این سیستم تخماتیک که ایرانو کنترل میکنه لعنت به همشون …,ANGRY
415,دیگه اعصابم بخدا نمیکشه از اینهمه خبر بد?,SAD
416,همین قدر وحشتناک. #تجاوز_به_کودکان_شوشتر,FEAR
417,شب کریسمس دختر و داماد دکتر #کینژاد عضو شورای عالی انقلاب فرهنگی، که با بورسیه جمهوری اسلامی برای تحصیل در مقطع دکترای معماری به سوئیس رفت و بعد شهروند رسمی آمریکا شد! #ژن_خوب,OTHER
418,يه روزايي از خواب پا ميشم، از همه متنفر ميشم، يه شبايى ام ميخوام بخوابم، از همه متنفرم،,HATE
419,جای همه خالی عجب بارونی اومد و داره میاد..شاعر چه زیبا گفت... وای باران باران شیشه ی پنجره را باران شست از دل من اما چه کسی نقش تو را خواهد شست؟,HAPPY
420,٢- حالا تو يك كشوري مثل ما با توليد پايين ثروت و نرخ بالاي هدررفتِ منابع اين قصه تلخ تر هم ميشه. پس كساني كه ناراحت شدن پيكان انتقادشون رو بايد ببرن سمت ديگه اي./,SAD
421,روحشون شاد ، سايه حاج آقا حسين زاده مستدام??,SAD
422,بعضی موقع ها یه قضایای خنده داری پیش میاد که یه لحظه به خودت میگی من هرچقدر هم به این قضیه بخندم کم خندیدم پس بهتره خنده رو اینجا متوقف کنم,HAPPY
423,"""رهبری به مسئولان کشور: """"بروید در میان مردم"""" + تبصره: - با کفش وارد نشوید - خوردو ضد گلوله را دربین جمعیت نبرید - طلبکارشان نباشید - به آنها سربالا جواب نداده و تحقیرشان نکنید - خود را خادم آنها بدانید نه آنها را رعیت خود + اصلا نروید خیلی بهتر است :))""",OTHER
424,فقط 20 درصد از مغزش مونده حتی کلمات را هم به سختی بیان میکنه، چه برسه که بخواد حتی پسرش را بشناسه. عام غلام (عمو غلامرضا) بوسش میکنه، دستش را میگیره و میکشه روی سر خودش: من غلامتم، ننه دعام کن. من فقط سعی میکنم گریه نکنم. شعرهایی که برامون میخوند را یادم نمیاد، لعنت به آلزایمر,SAD
425,یکی بیاد باهاش دعوا کنم اعصابم بیاد سر جاش,ANGRY
426,هر روز تکه ای از خاطراتمان کنده می شود و انگار از درون خالی می شویم خداحافظ پاشنه طلا،خداحافظ داش غلام،بدرود لوطی سینما روحت شاد،مرد بزرگ متواضع #ناصر_ملک_مطیعی,SAD
427, مرتجع شمایید که کشور را با قوانین کثیف اسلامی اداره میکنید و باعث به لجن کشیده شدن ایران شدید. متوهم هم شمایید که به امید یک امام خیالی و فراری زندگی میکنید. واقعا اعتقادات شما از هر طنزی خنده دارتر است #بشین_تا_بیاد,ANGRY
428,اون شرکت کننده وقتی حسنی گفت اینو میشناسی اگه میگفت مادرتون هستن الان اینجوری فرزاد حسنی شاخ نمیشد #فرزاد_حسنی #الهام_چرخنده,ANGRY
429,بزرگترین مشکل نظام «اعتیاد» است. «اعتیاد» مسئولان به قدرت! هراسناکتر از هر افیون دیگر ویرانگرتر از هر افسون دیگر,SAD
430,تحت فشار و استرس این روزا، این رسید به ذهنم که دوباره رو بیارم به کار چوب. این بار نه برای تفریح و لذت، بلکه به عنوان درمان و تسکین.,HAPPY
431,ظاهرا مردم مراکش از اینکه عربستان توی رای گیری برای جام جهانی به اونا رای نداده بوده ناراحت بودن ازشون و بعد باخت دیروز عربستان کلی خوشحالی کردن و حالا عربستانیا به تلافی دارن توی هشتگ #المغرب_ايران از بردن ایران حمایت میکنن!,OTHER
432,بچه فیل شجاع ما نشان داد تنها راه برای پیروزی در نبردهای مطلقا نابرابر تهاجم است وقتی تهاجم میکنی میمانی و پیروز میشوی #خیزش_دی۹۷ #دیکتاتور_در_آتش #براندازم jOiN,OTHER
433,سخنان رهبر انقلاب با مردم قم: «رسیدگی به مشکلات معیشتی مردم بهویژه قشرهای ضعیف، مهمترین وظیفهی امروز دولتمردان است و مسئولان باید با هوشیاری، تحریمهای آمریکا را همانند دوران دفاع مقدس به شکستی بیسابقه برای شیطان بزرگ تبدیل کنند» امیدواریم مسولین سخنان رهبر را شنیده باشند,OTHER
434,اصل سی ام قانون اساسی میگه تا حد عالی دولت موظف هست به تامین وسایل آموزشی برای بچه ها. آموزش رایگان که کشک شد توی این مملکت، حداقل یه کاری کنید بچه هامون آتیش نگیرن! #دیکته_آتش,SAD
435,چرا آذربایجان به جنایتی که #سلمان_خدادادی علیه #زهرا_نویدپور مرتکب شد واکنش نشان نمیدهد؟ خیلی ساده. نفع شخصی ای رو که از سکوت در برابر یک فرد متجاوز ولی پرنفوذ و قدرتمند میبرند به نفع عمومی ای که با اعتراض به مرگ یک زن بی پناه میبرند ترجیح میدهند. #SalmanKhodadadi #RapistRegime,OTHER
436,""" تو """"اصلا جوهر نداشتمن میخوام سفارش بدم لطفا قیمتشو برگردونید به همون قبلی ممنون""",OTHER
437,آقای مایک پنس با درود بر شما کشورهای غربی با پیش گرفتن سیاست مماشات با ملاها بیشترین آسیبها را به مردم و مقاومت مردم ایران در #چهل_سال_دیکتاتوری رساندند اکنون زمان برسمیت شناختن تنها جایگزین دموکراتیک #مردم_ایران شورای ملی مقاومت به رهبری #مريم_رجوي است,OTHER
438, اگه ممکنه تو دایرکت توضیح بدم,OTHER
439,شما رویاتونه برید خوشکلترین جاهای دنیا رو ببینید، من توجه کردم همیشه تو رویاهام اینه که برم همون جاها چندساعت تخت بخوابم! این حجم از عشق به خواب عجیبه,SURPRISE
440,مامانم برام یه پست فرستاده که نوشته اگه بعد قلیون فاز خنده گرفتید تعجب نکتید تازگیا دارن به توتون گل اضافه میکنن. میگم من انقدم بیجنبه نبودم با قلیون خالی چت شم=)),SURPRISE
441, جنس بدنه خوبه خط بو نداره ولی ماندگاری ش بد نیستعجب بی شرفیه هرچی لایق خودشه بار دختره کرد,SURPRISE
442,سلام هموطن نفهم من! آفرین که دشواری زندگی کردن در این شهر رو برای سالمندان و کمتوانان و بچهها از اینی که هست هم سختتر میکنی! باریکلا پفیوز! …,ANGRY
443,همه عمرم از جمعه ها بدم میومده...و هر جمعه حس تنفرم پایدارتر میشه,HATE
444,همیشه هر چن وقت یه بار با یه آدم جدید آشنا میشدم و واقعاً خوشحال بودم الان چن وقته هیچ دوس جدیدی نداشتم و این عصبیم میکنه .,ANGRY
445,بقاياى اتوبوس واژگون شده دانشگاه #علوم_تحقيقات كه در اثر اين اتفاق ٨ دانشجو پرپر شدند و هيچ مسئولى استعفا نداد و به جايش ضد شورش آوردند و از ترس اعتراض دانشگاه را دوروز تعطيل كردند! اينجا جمهورى اسلامى است...,FEAR
446,انتخاب طبیعی جانداران را در یک مسیر مطلق به پیش نمی راند: او صرفا به موفقیت های تولید مثلی جایزه می دهد، بر مبنای #انتخاب_طبیعی هیچ پیشرفتی بنا بر یک مقیاس #ارزشی مطلق صورت نمی گیرد بلکه صرفا تغییر بدون مقصد است.,OTHER
447,امشب میتونیم یه ساعت بیشتر بخوابیم. ^-^ شادی کنید. -اشکهایش را پاک میکند و به یاد کلاس ۷ و نیم صبحش میفتد-,SAD
448,""" """"کسانی که میخوان متوجه کیفیت واقعی این هدفون بشن با گوشی نمیتوننمتنفرم از رامبد جوان و برنامه مسخره ش""",HATE
449,بشار اسد چقدر مسخره میخنده حال ادم رو بهم میزنه با این خنده ی مسخرش.,HATE
450,ميفرمان : هوا را از من بگير خنده ات را نع #تانگو_نامجو,HAPPY
451,لعنت بهت مرد. لعنت بهت. لعنت بهت با اون دو دقیقهی انتهایی. …,ANGRY
452,اشتباهم این بود هر جا رنجیدم، خندیدم فکر کردند، درد ندارد ضربهها را محکمتر زدند #چارلی_چاپلین,SAD
453,من هیچ وقت نفهمیدم اون خنده کسشری که آخر چسناله هاتون میذارید چیه خب بدبختی دیگه،بگا رفتی،کونت پاره شده دیگه این :) چه کسشریه؟ عر بزن بدبخت.,ANGRY
454,""" """"تازه گرفتم و درباره شارژش نمی تونم الان نظر بدمعجیبه! تجربهی مردی که دو هفته در محل کار جاش رو با یک همکار خانوم عوض کرد: من در جهنم بودم - ویرگول""",SURPRISE
455,مثل شکلات بسته بندی شده با تخفیف ارزش داره. بسته به ذائقه شما داره مزش ولی من بدم نبومد.,OTHER
456,"""من توی مغازه گرونتر از این دیدم. به عنوان یک عطر دم دستی خوبه. راضی هستم.""""""",OTHER
457,کیرشانسی یعنی تصمیم بگیری یه مسیر نیم ساعته رو پیاده بری لذت ببری بعد ۵ دیگه راه رفتن شارژ هدفونت تموم شه و دیگه ماشینم گیرت نیاد,ANGRY
458,وفا ژنی مخصوص کردهاست و در اقوام دیگر موجود نیست. آنها که بعد از کمک ایران در مقابله با داعش، به ایران پشت کردند اصلا چیز مهمی نبود و همیشه وفادار مانده اند. احتمالا اینجا منظور از آمریکا، خداست و کوه هم اسرائیل است. وگرنه خروج آمریکا از سوریه نباید اینقدر ترسناک باشد. …,FEAR
459,ملتی که از ترس دلار۵۰۰۰تومانی به روحانی رای داد گرفتار دلار۱۹۰۰۰تومانی شد(ایران) ملتی که از ترس جنگ، هستهای و موشک خود را از بین برد،گرفتار جنگ شد(لیبی وصدام) ملتی که از ترس تحریم،برجام را پذیرفت گرفتار مادر تحریمها شد(ایران) ترس روی دیگر مرگ است و هربار ما برای ترس آغوش گشودیم,FEAR
460,ولی من به جای لذت مرور خاطرات، به همهی کافههایی که نرفتیم، چای و قهوههایی که نخوردیم، جملههایی که نگفتیم و قدمهایی که نزدیم فکر میکنم!,SAD
461,کاش میشد یکی دو نفرو گاز بگیرم این حجم خشم و عصبانیتم کم شه,ANGRY
462,""" """"با سلام واحترامدلم چندبار گرفته از رفتناتون چقدر حسرت ندیدنتون ، آغوشتون و بوسههاتون رو خوردم . چقدر تو خوشحالی و غم دور بودیم از هم . چقدر دلم برای بوی تک تکتون تنگ شده. مهاجرت خانواده و دوست رو خرخرهی من تا ابد ، لعنت به فرودگاه و چمدوناتون . #InternationalMigrantDay""",SAD
463,روزگاری بود اروپایی بودکه میگفت مهد تمدن و حقوق بشر است هرجاظلمی بود اعتراض میکردبیانیه مینوشت حمایت میکردتااینکه عده ای باخورجینهای پول وطلا راه اروپارا یادگرفتند از ان روز همه دفاتر حقوق بشری تعطیل شدند اروپااعتبارش رافروخت و شد سرزمینی سرد و خاموش #EUchoosePEOPLEoverIR,SAD
464,وای چه قد دوسش دارم کاش هرجا هس دلش شاد باشه,HAPPY
465, نه دیگه از زنان بیشتر متنفر شدم,HATE
466,شب جمعه خوش گذشت ؟,OTHER
467,هاشً لالله که عجب زیبارویانی اینجا هست. شگفتا واقعن.,SURPRISE
468,اگر هم علامتی دال بربازگشت عنقریب سلطنت وجودنداشته باشدهمین ترس و وحشت مصدقی ها وتوده ای های خائن پیشین و خائنین مجاهد و فدایی و ملی مذهبی و روشنفکر چپ و راست امروز بهترین نشانه آن است که این دشمنان همیشگی ایران آزاد و اباد مشروطه بوی نابودی خود را به مشام گرفته اند. #VivaPahalvi,FEAR
469,در قسمت سوم سراغ شاهکلید موفقیت  در ۱۲ سال گذشته یعنی «محتوا» رفتم؛ جایی که مدیریتش با  هست. در گزارش میخونیم که «کانتنت فکتوری» چطور کار میکنه و کسبوکار آنلاین چقدر به محتوای مناسب متکی هست، چون اعتماد برپایهاش شکل میگیره.,OTHER
470,""" """"بسیار خوب و ولتاژ و پرامترهای ان مناسب با گوشی بود . قیمت نیز عالی بود اما بسته بندی میتوانست شکیل تر باشدکودکان دبستانی هم میتوانند با هم ازدواج کنند #حسن_رحیمپور_ازغدی،عضو شورای عالی انقلاب فرهنگی، میگوید کودکان حتی در دوران دبستان میتوانند ازدواج کنند. عجب مسخره بازی شده؟ ازدواج""",SURPRISE
471,""" """"من اینو تو دیجی دیدمما میتونیم خیلی چیزها به آدمهای اطرافمون هدیه کنیم... مثل عشق ، لذت و محبت ... اما لیاقتِ داشتنِ اینها رو ، ما نمیتونیم بهشون بدیم ...! #ژواکیم_ماشادو_آسیس""",OTHER
472, بیا شارژ ده تومنی بهت بدم نکن این کارا رو ?,OTHER
473,لعنت به پیتزایی که معلم پنجاه ساله اول راهنماییم پیک موتوریش باشه . لعنت به من . لعنت به جبر ، لعنت به این اقتصاد مریض چقدر خجالت کشیدیم,SAD
474,مث یه مردچهلساله که وسط مهمونی فامیلی و صدای همهمه و خنده، از بین لباسهای نو و صورتهای آرایش کرده، چشمش میفته به صورت زیبا و لباس ساده و ارزون همسرش و همهمهها براش نامفهوم میشن درحالی که عشق به همسرش خونِش رو به جوش میاره، از خودش متنفر میشه که همسرش لیاقت زندگی بهتری رو داشت,HATE
475,تقریباً کلاس کم رفتم تو زندگیم. کلاس زبان البته فرق داره ولی تقریباً هیچ کلاسی نیست که رو اعصابم نره. دلیلش هم ناآگاهی معلمشه نسبت به چیزی که درس میده و این که خیلی سطحیه.,ANGRY
476,مدیرم اکانتم رو فالو داشت. بلاکش کردم. تبریک میگم چه پیگیر,OTHER
477,داستان موفقیت استارتاپ یورباتلر از زبان موسس آن,OTHER
478,چطوری توییتا رو میخونید رد میشید امروز من یه فیو لیمیت شدم اعصابم خورد شده بود نمیتونستم فیو بزنم,ANGRY
479,یک آگهی تبلیغاتی خوب... دو قانون موفقیت: ۱- هرگز همه دانستههات رو لو نده,HAPPY
480,عزيزان، فمنيسم به معني اجازه تجاوز به هر فرد مذكر نيست,OTHER
481,از ضعف همیشگی گل خوردیم اعتراض به داور #ایران_ژاپن,SAD
482, مبارک  باشه،چه عجب بالاخره یکی از فالور ها برنده شد?????????????????????✅✅✅,HAPPY
483,یادم باشه به بچه ها دایزکت بدم کلاس سع تارو از فردا شروع کنیم,OTHER
484,مادرم روزی پنج تومان صبح ها می گذاشت کف دستم که سر راه مدرسه از نانوایی کنار مدرسه شیرمال بخر ببر زنگ تفریح بخور. پول را قایم می کردمو مادرم می پرسید خریدی خوردی می گفتم آره. صد و بیست تومن که میشد می رفتم کتاب ژول ورن می خریدم و کیف می کردم. دلم می خواست روزی ده تومان می دادند. …,HAPPY
485,فقط با ترس و وحشت میخوان نظامشونو حفظ کنن.‌,FEAR
486,بعضی از شرکتهای سازنده گوشی نسبت به امکانات گوشی قیمتهایی طرح میکنند که آدم شاخ در میاره که این شرکت هم یکی از اونهاست,SURPRISE
487,امشب بدجوری بی اعصابم خدا کنه از دانشگاه تا خونه کسیو جرواجر نکنم!,ANGRY
488,به گرانی شدید #دنت از ۱۲۰۰ به ۲۲۰۰ تومن اعتراض دارم! دیگه خوشی های ساده زندگی م هم داره حذف میشه.,SAD
489,اگر سخنگوی وزارتخارجه گفته باشد «ایران هیچ نیروی نظامی در سوریه ندارد» منظورشان این بوده که ایران یگان نظامی در سوریه ندارد و صهیونیستها خوب میدانند که اقتدار و ابهت یگانهای نظامی ایران به حدی است که اگر حضور حتی یکی از آنها را در سوریه ببینند، از ترس قالب تهی خواهند کرد.,OTHER
490,این فیلم، تصویر واقعی شادی را نشان میدهد. زمانی که یک میوزین پروتئین یک توپچه اندروفین را، بر روی فیبرهای مغزی به سمت کورتکس مغز انتقال بدهد، حس شادی ایجاد خواهد شد. این فرایند فیزیکی، مسبب همه شادیهایی است که تا کنون حس کردهاید و حس خواهید کرد. شاد باشید.,HAPPY
491,سال خیلی عجیب و خوبی بود. خیلی اتفاقا هم افتاد که فکرشم نمیکردم. عجب سالی بشه ۹۷. …,SURPRISE
492,هزار مرتبه گفتم که : دوستت دارم هزار مرتبه ... این جمله را ... هدر دادم . #حامد_ابراهیم_پور,SAD
493,حالا اعتراض دستهجمعی چند بار تو تاریخ فوتبال کلا جواب داده؟,OTHER
494,من این کیفو در پیشنهاد شگفت انگیز یک سوم قیمت خریدم و به نظرم بیشتر از اون نمی ارزه. رنگ کرمش را گرفتم که کمی تیره تر از عکسش بود و دو بار چرخ شده بود جای دوختها و نخ اول دوباره خارج شده بود و سوراخهای رد دوخت قبلی روی کیف مشخص بود.,SAD
495,امروز شروین بهم گفت تو که میگی من رشد کردم، ساک ایت آپ و خلاصه تحمل کن و چرا واکنش شدید نشون دادی و اینا اصن انقد بدم میاد یکی باهام اینطوری منطقی حرف بزنه. ایش,HATE
496,"""اندکی """"سراب روزهای خوب آینده"""" توی یخچال گذاشتم که تازه بمونه. عصرهای ملال معمولاً یه کم ازش میخورم که تازه بشم و ادامه بدم.""",SAD
497, ازری باباته و هفت جدوابادت بعدشم واسه بابات متاسف باش که بی غیرتی مثل تورو عمل اورده. من همشهری ندارم که مثل تو ساتقن باشه پس خودتو قاطی همشهریام نکن,ANGRY
498,الان دلم میخواد چندتا آخوند رو آتیش بزنم از خاکسترشون یه آدمک بسازم و بهش تجاوز کنم.,ANGRY
499,جمعه گروهی از کاربران توییتر در اعتراض به مسدود نکردن اکانت توییتر الکس جونز قصد دیاکتیو کردن اکانتشونو دارن. جونز و کانالهاش در یوتوب، فیسبوک و اپل به دلایلی نظیر پخش مطالبی در تایید تئوری توطئه و دیدگاههای نفرتزا قبلا مسدود شدن. اگر توییتر فارسی رو میدیدن چی کار میکردن,OTHER
500,روباهی که سرش درون یک دبه پلاستیکی رها شده در طبیعت گیر کرده بود توسط کوهنوردان نجات پیدا کرد. رها شدن زباله در طبیعت ایران، تبدیل به یک بحران جدی شده است. نه مردم رعایت میکنند و نه مسئولان چارهای برای دفع زبالهها میاندیشند. #محیط_زیست #حیات_وحش,SAD
501,خدا با زنان مهربانتر است امام رضا(ع) از پیامبر(ص) روایت کرد که فرمود: خدای متعال با زنان مهربانتر از مردان است و اگر مردی یکی از زنان مَحرَم خود را شاد کند، خدای متعال او را در روز قیامت شاد میکند. کافی، ج6، ص6,HAPPY
502,ضمن تبریک به این شاعر خوش چهره و افغانهای عزیز امیدوارم تیپ و چهره شاعران ملاک نبوده باشه …,OTHER
503,  عجب دینی دارین شماها اخه اون خانم هم سن مادربزرگه ارمینه مگه میشه نظر بدی بهش داشته باشه خدا خودتونو شرعتونو زمین گیر کنه,SURPRISE
504,اول اینکه نظر کسی برام وقتی مهمه که خود اون شخص برام مهم باشه دوم اینکه اگه اون نظرو دوست نداشته باشم و شخصی که نظر داده مهم باشه ترجیح میدم دیگه اون شخص مهم نباشه کلا آدم انتقاد پذیری نیستم خب چطور بگم !!,OTHER
505,هر سال بیشتر از #احسان_علیخانی و برنامه #ماه_عسل متنفر میشم،اونایی که امشبو دیدن متوجه میشن که نفر اول و نفر آخر رو همزمان اعلام نمیکنن!,HATE
506,چرا از این اتفاقا توی شهرما نمیفته یا جلو من پیش نمیاد که یه حالی به طرفی که امربه معروف میکنه بدم,ANGRY
507,نموداری که نشان می دهد خشونت و جنگ چه نسبت مستقیمی دارد با سرانه درآمد. جنگ از تعمیق نابرابری و فقر و تبعیض می آید، نه از تنوع قومی و مذهبی. تلاش برای برقراری عدالت و رفع فقر صلح طلبی واقعی است نه مدارا با فرآیندی که باعث تعمیق فقر می شود. #صلح_طلبی_واقعی,OTHER
508,نشد من یه بار ناراحت بخوابم فرداش سرما نخورم:|| گلو درد بدجور...,SAD
509,عجب سرعتی داره موقع انتقال داده مثلا فیلم پر حجم,SURPRISE
510, عجب زذی توی خال جواب این مردک همین بود,HAPPY
511,شنبه فارغ از هر نتیجهای استادیوم میرم تا بعد از بازی مثل آخرین بازی فصل ۹۴-۹۵ خود پرسپولیس رو تشویق کنم برای قدردانی از پرسپولیسی که با دست بسته و پنجره بسته خوب نه اما عالی نتیجه گرفت میرم که قدردان بازیکنای با غیرتمون و مربی با دانشمون باشم برای عظمت پرسپولیس میرم #میجنگیم,HAPPY
512, بیشعورها پُر از خشم اند. اعتقاد دارند خشم بهترین ابزار برای پیشبرد اهدافشان است.,ANGRY
513,روزی که با کسی در ارتباط نیستم، آرامش اعصاب دارم در عین حال گاهی دلم میخواد با یکی صحبت کنم ولی به نصف حرفم نرسیده باز گند میخوره تو اعصابم,ANGRY
514,دابسمشهای آهنگ ادل رو جمعیت همونقدر یخ و بینمکه که دابسمش من باختم بدم بختم نقی معمولی,HATE
515,مردك احمق بي سواد ابلح متاسف هستم برأي خودم كه به عنوان نماينده مردم در دنيا سخن ميگويي و چهره مردم ايران را در دنيا خراب ميكني,ANGRY
516,يكيم هست تو تايملاين هروقت توييتاشو ميخونم اعصابم خورد ميشه ولي بازم اصرار دارم هر دفعه برم توييتاشو بخونم!! نميذونم چه مرضيه!!:///,ANGRY
517,لعنت بهش ، لعنت به پوشه تلگرام ایمیج ، لعنت به پوشه پیکچر ، لعنت به ویسا لعنت به اسکرین شاتا ، لعنت به من که فقط گند زدن بلدم,HATE
518,نه تنها لاغر نشدم بلکه سه کیلو هم چاق شدم. شرم بر من,SAD
519,یکی از دلایلی که باعث شده به شدت از app های hybrid متنفر شم سرعت و performance بسیار پاییونشونه! شاید آمار از پرفرمنس تقریبا خوبشون بگه ولی من هیچ وقت عملکرد خوبی ازشون ندیدم. نمونش هم اپ #Instagram که هیچ وقت رو mobile من درست اجرا نشده!,HATE
520,جناب آقاي ولي ا... درود برشما. در متن دفاعيات مرحوم خسروگلسرخي،عبارتي است بسيار تكاندهنده ودردناك. مرحوم به هم نسلهاي خوددر آن زمان مينويسد:يادمان باشد به نزديكانمان سفارش كنيم برسنگ قبرمان تاريخ تولد ومرگ حك نشودتاآيندگان ندانندكه بيغيرتان تاريخ ما بوديم. …,SAD
521,""" """"بسیار زیبا و خوشرنگه .  زنده ماندن زآن همه غوغا گمانم خواب شد!! تاخبر آمد که رفتند آن سی و اندی نفراین دود به چشم مسئولان نمی رود آلودگی هوای تبریز #پیمان #پاکمهر #تبریزنیوز #Peyman #Pakmehr #tabriznews""",SAD
522,رنگبندی اش رو دوست داشتم کامله ولی هنوز استفاده نکردم تا از لحاظ کیفیت نظر بدم,OTHER
523,من هنوز به هدیه رو باز نکرده صدر اسلام میخندم. وحشتناک میخندم.,HAPPY
524,درسته گوشت ۱۲۰ و مرغ ۱۵هزار تومانه... درسته قیمت واقعی دلار بیش از ۲۰هزار تومانه... درسته هیچ آینده ای برای فرزندانتون نیست... درسته صداتون دربیاد ، دستگیرتون میکنیم و میکشیمتون... ولی اینها دلیل نمیشه تو ۲۲بهمن شرکت نکنید و به جهانیان نگویید ما با این همه بدبختی خوشحالیم...,OTHER
525,صبح شک داشتم که تولد دوستم امروزه یا فردا ، میخواستم قبل اینکه بیاد دانشگاه چک کنم که پارسال کی تبریک گفتم ، انقدر کار داشتم یادم رفت,SAD
526,تو کنسرت پازل بند تو یه سری شعرهاشون حرکت رقصی داشتند گفت مربی ایروبیک داربم بلند شد تشویقش کنبم عجب موهایی داشت برگهای همه ریخت,SURPRISE
527,تو شگفت انگیز ارزش خرید رو داره و به عنوان گوشی دوم میتونه مورد استفاده قرار بگیره وگرنه قیمت الانش خیلی جالب نیست,OTHER
528,ایضا به همراه تمامی مسئولان تحصیلات تکمیلی به دانشجوی ترم 6 ارشد! …,OTHER
529,تنفر بیشتر... بیشتر... خیلی بیشتر... لعنت به من که انقدر حساسم.,HATE
530, ممنون دوست عزیز...ولی اینجور آدما اصصصلا انقد بی ارزشن ک ارزش جواب دادن هم ندارن خودتونو ناراحت نکنین?,SAD
531,الان این خنده بود؟,OTHER
532,بابا من یزدیم. توی بازیایی که inventoryت محدوده و باید برای برداشتن یه آیتم حتما یه آیتم بندازی من زجر میکشم. این خشونت رو علیه ما متوقف کنید. :((,SAD
533,کودکان کورهپزخانههای #محمودآباد #شهرری هر هفته مهمان دنیای شگفتانگیز داستانها میشوند و هر چند کوتاه آرامش و شادی را در زندگی خود تجربه میکنند. #بلندخوانی #کتابخوانی #ترویج_کتابخوانی #کودک_کار,HAPPY
534,موفقیت های #دونیت درسال95 تاسیس تیم #ورزش برای #نوجوانان مبلغ موردنیاز:500هزارتومان مبلغ جمع آوری شده:557هزارتومان تعدادحامیان:6 نفر,OTHER
535,"""الان وضعیت اعصابم ی جوریه که همین الان در کالبد ی موجودی دربیاد و باهاش برخورد کنم فقط میتونم بهش بگم:""""چخه""""""",ANGRY
536,اولین نشست اجلاس صلح پاریس همزمان با صدومین سالگرد پایان جنگ جهانی اول برگزار شدکه 70کشورجهان شرکت کردند -چرا #ایران که 8تا10میلیون کشته داد دعوت نشد؟!! - #دیپلماسی_عمومی وزارت خارجه ما درواقعه ای که یک سوم جمعیت مارا به کشتن داد،،کجاست؟!!!!!!!!!!!!!!!!!!!!!!!!!!!!!!!!!!! -عجیبه,SURPRISE
537,خدا صبری بده به پدر و مادر شون اعصابم خورد شد آخه به چه جرمی,SAD
538,"""محدودیت و حقوق نابرابر زرتشتیان تا پایان حکومت قاجار!! شادروان بهدین """"اردشير خدارحم مرزبان بنشاهی"""" از نویسندگان و فرهیختگان جامعه زرتشتی هند(پارسیان) در کتاب خاطرات خود از اوضاع ایران چنین مینویسد:""",OTHER
539,"""پیشنهاد """"#حذف_مهریه و #تقسیم_اموال_زوجین بعد از ازدواج"""" در مجلس/مسئولان زن مخالف کردند نایب رییس کمیسیون اجتماعی گفت: متاسفانه روزی که این موضوع را در کمیسیون اجتماعی مطرح کردم، چند نفر از زنان مسئول که در این جلسه حضور داشتند، اگرچه با تحصیلات عالی، اما با این موضوع مخالفت کردند""",SAD
540,این خشم و نفرتی که بین دو گروه اصلاحطلب و برانداز به وجود اومده بیمعنیه. هدف هر دو گروه یه چیزه و اونم دموکراسی و آزادی؛ ولی راهشون فرق میکنه. اگه تحمل همدیگرو نداشته باشیم و بخوایم وقت و انرژیمونو برای کلکل باهم هدر بدیم راهو اشتباه رفتیم.,OTHER
541,همچون مادرهای پر خشم و کینه اینچنین فرزندانی رو تربیت میکنند.هر کجای دنیا این دخالتها رو کسی ببینه تعجب میکنه,SURPRISE
542,تجربه شکل مدیریت در ۸سال #جنگتحمیلی با وجود آن تحریمهای شدید، نشان میدهد که مشکل امروز کشور غیر از مباحث خارجی، در نحوه مدیریت کردن مسؤولان اجرائیست. جای #میرحسینموسوی خالیست که کشور را با نفت ۷دلاری اداره کرد. اوئی که هم #مردم به او اعتماد داشتند و هم مدیری لایق بود...,OTHER
543,کدام نمایندگان تاکنون از تریبون مجلس نسبت به حصر مهندس کروبی، خانم رهنورد و شیخ مهدی کروبی اعتراض کرده و خواستار پایان آن شدند؟,OTHER
544,ای ملت حواستون کجاس. مگ نمیبینید نوشته ساشه ۱۰ گرمی،ینی یدونه . اگ یه بسته بود مینوشت یک بسته... ولی قیمت همین یدونش خیلی زیاده و بامیلوگرون میده. اگ بامیلو قیمت بستشو خوب بزاره ی بسته کاملشو خریداری میکنیم . ارزش نداره یدونه  رو پست برامون بیاره خنده داره :|,OTHER
545,در سومین روز بر طبق روزشمار #نابودی_اسرائیل برای زدودن تفکر غربی از روند زندگی مسئولان دومین روز تحصنمان را همصدا با مردم خرم اباد بابل رشت همدان زنجان قائمشهر قم کرج فارسان در مسجد جامع امام را اعلام میکنیم. #مسجد_پناه_مردم #حفاظت_ازمنافع_ملت,OTHER
546,برای رسیدن به اهداف عالی در زندگی و اینکه جسم در برابر شوق روح به فعالیت کم نیاره، لحظاتی پیش دمبل سفارش دادم,OTHER
547,عجب فیلمی بود Deliver us from evil بزرگترین فرقش با بقیه فیلمهای این مدلی ۶ مرحله بودن جن گیری بود دوست داشتم :),HAPPY
548,بخند دیوونه کی دیده غم بمونه,HAPPY
549,در کنار اون، نمیتونستم جلوی این فکر رو بگیرم که من پدربزرگا و مادربزرگامو تو فاصلهی خیلی کمی قراره از دست بدم...,SAD
550,دیشب که گفتم کلی پیاده رفتم خیلی همه جا تاریک بود واقعا وحشت کردم تاریکی زمستون خیلی احمقانه و رو مخه,FEAR
551, تنفر از بقیه هم ریشهاش تنفر از خوده. برای هم حتی بذاری بری، باز یکی رو پیدا میکنی که ازش متنفر باشی. برای همین استیون میگه:,HATE
552,از یه طرف معده ام به شدت ترش کرده از یه طرف دندون کشیدم دهنم پر خونه وباید دندون فشار بدم رو دندون از یه طرفم نمازم مونده تباه شدم .....,SAD
553,سال اول دانشگاه استاد ادبیاتمون یه داستان از یه نویسندهای خوند، بینهایت زیبا. عالی، عالی. ولی این چند سال نه اسم نویسندهاش خاطرم بود نه اسم رمان. الان پیداش کردم: شرق بنفشه، شهریار مندنیپور,HAPPY
554,سر صبی جوری اعصابم خورد شد که تا یک هفته درست نمیشه,ANGRY
555,کادر تر و تمیز، رنگ های شفاف نور عالی، ما یاد گرفتیم حتی از کثافتمون هم تصویر قشنگی ارائه بدیم. شاید زیبا ترین عکسی که میشد از همچین تخریبی گرفت همین باشه. عمق فاجعه اونجایی هست که هیچ کدوممون حجم این تخریب رو درک نمیکنیم. …,SAD
556,یه مقاله دارم ترجمه میکنم به عنوان پروژه، انقد باهاش مخالفم که همش اعصابم خورد میشه نمیتونم تمومش کنم :|,ANGRY
557,""" """"سلام ای غروب غریبانه دلدوستام یجورین که وقتی به جک میخندن از خود جوکه خنده دار تر میشن""",HAPPY
558,اعصابم چقدر خورده,ANGRY
559,"""با اینکه تو شگفت انگیزخریدم ولی باز ارزش نداشت بی کیفیت و افتضاح هرگز پیشنهاد نمیدم واقعا تو ذوقم خورد""""""",SAD
560,پیام به صورت وویس طولانی دادن کار خوبی نیست. حال تایپ کردن ندارن، ما باید علاف بشیم. گوش دادن خیلی بیش از خوندن طول میکشه. رسما معطل میشه مخاطب. حالا راحت نمیشه ارجاع داد بهش بماند. #شکایت_از_انسان_بیحال,SAD
561,"یه مازندرانی اصیل وقتی داره فارسی حرف میزنه نمیگه رقصیدم, میگه رقص کردم. نمیگه خندیدم, میگه خنده کردم و...",OTHER
562,کافیه من یه برنامه ریزی کوچولو برا اخر هفته هام انجام بدم که خبر مرگم برم یه تفریحی چیزی! زارت استادا میان ترم میذارن.,SAD
563,خشم و دشمنی را به درگاه مردان با اراده راهی نیست سقراط,OTHER
564,برای ترم دارم اندیشه سیاسی امام میخونم الان میفهمم که چقدر دولتمردا از نوشته های تو این کتاب عقب هستن یا ما ازشون از نظر چپاول این ملت عقب افتادیم، اصن این کتاب ی جهان گل وبلبل و ب تصویر میکشه درمورد ایرانی ولی وقته ب حال الان نگاه میکنی تو حیرت میمونی :-/,SURPRISE
565,بیانیه جمعی از معلمان ایران در حمایت ازاسماعیل بخشی و اعتراض به خط سرکوب فعالان صنفی و مدنی  …,OTHER
566,یه چیزی دیدم اعصابم خورد شد گفتم تاکید کنم مرگ بر جمهوری اسلامی مرگ بر مجاهد و رجوی #WarsawSayNoToMullahs,ANGRY
567,فامیلامون مدال طلای المپیاد کامپیوتر داره، امسال رفته نرم شریف. دیروز میگفت میخوام تغییر رشته بدم سی اس :)))) چنان حس غروری بهم دست داد که نگو,HAPPY
568, صفر نمیزنه ولی پوست رو هم زخمی نمیکنهسگ و قتی حمله میکنه اگر فرار کنی دلیر تر میشود اما اگر همانجا دست به زمین بگزاری فرار میکند یاد بگیر فرار نکنی?????,OTHER
569,من تا حالا پيام نميدادم ولي واقعا منزجر كنندست,HATE
570,درسته که آدم برای پیشرفت باید دائما به جایی که میخواد برسه فکر کنه و همیشه باید به داشته های کنونیش مغرور نشه، ولی یه جاهایی هم لازمه که چند لحظه ای درنگ کنه و به موفقیت های کنونیش فکر کنه. آدمی زاد به تشویق زنده ست. نمیشه که فقط به نداشته ها فکر کرد.,OTHER
571,علمالهدی: یکی از مسؤولان اجرایی نظام [روحانی] درخواست برگزاری #رفراندوم کرده. مردم دین میخواهند و رهبری دینی در این نظام میخواهند. شما مردم را به اصل ۵۹ قانون اساسی حواله میدهید؟ شعار استبدادطلبان برای به شکست کشاندن #مشروطه: ما پیرو قرآنیم/مشروطه نمیخواهیم. تکرار تاریخ,OTHER
572,پست اینستاگرام رهبر انقلاب خطاب به مسئولان: بروید در میان مردم...,OTHER
573,پرتره ی #دختری_با_گوشواره_مروارید ، از اون پرتره های عجیب و غریبیه که هر وقت نگاهش میکنم دقایقی مبهوت میشم . #یوهانس_فرمیر (اغلب میگن #ورمیر ) یک لحظه ی خاص ثبت کرده . چشمهای خیره و لبهای نیمه باز ، انگار میخواد حرفی بزنه ولی سکوت میکنه . همه ی نقاشی همین یک لحظه است .,SURPRISE
574,خوار پشتیبانای قلمچی رو گاییدم. لامصبا الان یادم افتاد اعصابم خورد شد,ANGRY
575,شادی صدر.. شیرین عبادی.. سحر بیت مشعل.. اینها اسامی کسانیست که با ادعای پاسداشت «حقوق بشر» از گروه تروریستی #الاحواز حمایت کردهاند.. این اسامی را به یاد بسپرید! وقتی در کنفرانسهای حقوق بشر ژست انساندوستانه میگیرند امروز را به یاد آورید..,OTHER
576,عدم حمایت دولت از دامپروریها ( بیتوجهی دولت به بخش تولید)/ دلیل کاهش تولید فقط اعمال برخی سیاستها است. اختصاص ندادن علوفه دولتی به دامپرور و عدم حمایت او از سوی دولت، موجب سرخوردگی او شده. تعطیلی 7500 گاوداری در چند سال اخیر، وحشتناک است که ربطی به آمریکا و تحریم ندارد,SAD
577,از ساعت خوشم نمیاد. با قیافه ساعت به خصوص مچی ش مشکلی ندارم که از خود ساعت بدم میاد چرا ما باید خودمون رو با ساعت تنظیم کنیم؟! شاید یه روز ساعت هایی بیان که اونا خودشون رو با ما تنظیم می کنند. اون وقت ساعت دوست میشم، قول میدم.,HATE
578,اسکار بهترین نذری تاریخ هم به هموطنی تعلق میگیره که نذر کرده واسه این بچه ها کفش نو بخره! خنده های بچه هارو ببینید!,HAPPY
579,با آدمای نزدیک زندگیمون باید از بقیه مهربونتر، صبورتر و خوبتر باشیم اما برعکسه ومعمولا حلقههای اول رابطهمون شاهد بیشترین خشم و بیحوصلگی و کجخلقیهامون هستند. #منبر,OTHER
580,آنکه می گوید دوستت دارم دل اندوهگین شبی ست که مهتابش را میجوید .,SAD
581,"خودمون, مسئولینمون... همه خوشحال و شاد و خندونیم. هیچی نمیتونه طنازی مارو ازمون بگیره. هیچی ناراحتمون نمیکنه. ملت شاد فقط ایرانی حالا ما که فیلترو دور میزنیم ولی حجم خارجی اینترنت مخابرات چرا 4 برابر حجم داخلیه؟ …",HAPPY
582,متنفرم وقتی آدمی رو همراهی میکنم تا به مقصد برسه و اون فقط برام دست تکون میده وقت برگشتن من میمونم و مسیری که باید تنهایی برگردم....,HATE
583,درود بر آمريكا و عدالت قضاييش!خاك بر سر حكومت عدل علي! در بلاد كفر نه رعايت بازيگر و مربي تيم ملي را ميكنند نه حتا رييسجمهور را. اينجا عدالتخانه را كثافت برده. #كثافتخانه اسم بهتري براي عدالتخانه است.,ANGRY
584,از همه اونايي كه سر قرار دير ميكنن(جز نگين) متنفرم,HATE
585,بدترین حس وقتیه ک از ترس وابستگی از کسی که دوسش داری فاصله بگیری . . .,FEAR
586,خلاصه اینکه از خودم بدم میاد دلیل نمیشه اَ تو خوشم بیاد که.,HATE
587,من از گوگل کروم بدم میاد، اصلا هم برام مهم نیست که اونم از من بدش میاد یا نه، مهم اینه که من از اون بدم میاد، یک تار موی فایرفاکسمو هم به صدتا کروم نمیدم,HATE
588,وقتی آخرین سنگرت فرار از خونه شد بدون که داری وارد ۲۷سال میشی,OTHER
589,ای کاش سیاستمداران و مسئولان در ایران متوجه این مهم بشوند دموکراسی فقط رسیدن به قدرت نیست بلکه کنار رفتن از قدرت هم جزئی از #دموکراسی است .,OTHER
590,از بارون بدم میاد.,HATE
591,تاجایی که برای این فرقه رجوی کثیف کار میکنی خیلی ادم خوب هستی وقتی آدمها از از آنها جدا میشدند هزار یک مارک به آنها میزنند اینقدر آدم کثیفی هستند و شرم هم نمیکنند,HATE
592,دوست عزیزی که نوشتین خیلی نازکه و با فشار میشکنه ، به نظرتون طلایی که فقط 0.30 گرم وزن داره میتونه ضخامتی داشته باشه که خم نشه . من تازه امروز اومدم که وزن 0.69 رو سفارش بدم و نظر شما رو دیدم تعجب کردم.,SURPRISE
593,ای عجب گر من رسم در کام دل کی رسم چون روزگار از دست رفت #سعدی,SAD
594,تنها مدارا میکنم؛دنیا عجب جایی شده!,SAD
595,سیگار فوتبال فکر کردن ب چیزای کسشر و نهایتن اعصابم خرد شدن! =/  …,ANGRY
596,مسئولان ذوق نکنید، به عشق رهبر آمدیم...؟! #بهمن_تماشایی,OTHER
597,روحانی، اول انقلاب:«شعار زیبای مرگ بر آمریکا در کشور ما وحدت آفرین شده.» روحانی،سال۹۶:«امیدوارم مرگ از همه شعارها جمع شود.» روحانی،سال۹۷:«این روزها یاد حرف امام میافتم که میگفت هر چه فریاد دارید سر آمریکا بزنید.» اگه یکیفهمید این با خودش چند چنده، به منم خبر بده!,SURPRISE
598,شاد و سلامت باشید خداوند یارتون?,HAPPY
599,SSSS.Gridman عجب انیمهای بود خیلی عجیب بود، یک لحظه با خودت میگی پای چه آشغالی نشستم، یه لحظه دیگه میگی عجب چیزیه یه داستان بی منطق، مسخره، اکشنهای آبکی، که خیلی خوب ساخته شده، صدا گذاری و دوبله عالی دارد و در هر قسمت شما را در پای خود میخکوب میکند. و چه پایانی,SURPRISE
600,دوستان گرامی! من میخوام تا آخرین لحظهای که امکان داره زنده بمونم و از زندگی لذت ببرم. چیزی برای لذت بردن نیست؟ میسازم و لذت میبرم، با دست خالی هم میسازم، فقط خواهش میکنم اگر از چیزی عصبانی هستید برای همه آرزوی مردن نکنید و نگویید : چرا نمیمیریم؟,HAPPY
601,از آدمی که زیاد پیام میده حتی وقتی که کار داره هم متنفرم، چه برسه به شما دوست عزیز که صرفا میخوای یه لاسی زده باشی!,HATE
602,معاون فرهنگی ق.ق گفته: مردم برای اعدام بابک زنجانی عجله نکنند! گویاآقایون نمیدونن مردم برای اعدام سرشاخه های اصلی فساد که از مسئولان بلند پایه نظام هستند، عجله دارند نه امثال زنجانی ها و سلطان سکه ها که مهره ی سوخته ی ناچیزی بیش نیستند. #مبارزه_واقعی_با_فساد,OTHER
603,آقای محمودنبویان  برای #مناظره با #عراقچی درباره FATF اعلام آمادگی کرده. خدمت سید بزرگوار عرض میکنم بیخیال مسئولان شوید، من مثل شما بیکارم و درباره #FATF سوادم کم نیست. هرجا و هر زمان آماده اید،آمادهام. فقط یک شرط:مثل جماعت #دلواپسان،خدای ناکرده #دروغ_نگویید. منتظرم.,OTHER
604,این کیف اصلا کیفیت نداره. با اینکه تو پیشنهاد  شگفت انگیز خریدم اما اصلا راضی نیستم.فک نمیکردم اینقد جنس کیف و آستر بی کیفیت باشه,SAD
605,این اوسکل چندتا بچه رو سپردن بهش هوایی شده.یکی اونجا نبود اون شوکرو بگیر بکن ماتحتش ک دیگه برای زن و دختر شاخ و شونه نکشه,ANGRY
606,بگذار که خون داد کنم درد دلم را فارغ شده از مایع پیمانـه بمیــرم میترسم از آن روز که درغیبت یاران بر شانه ی جمعیت بیگـانـــه بمیرم بگذار که این شام سحر آید و فــــردا حتی شده بر سفره صبحانـه بمیرم وقتی همه خوابند بخوان ناممرا؛خاک چون گرد شوم، سِری و دزدانه بمیرم #خاک,SAD
607,"""درکل تو شگفت انگیز فقط ارزش خرید داره""""""",OTHER
608,اه اه اه اه یعنی یه کم دیگه مونده فقط تا کامل قاطی کنم. سرم و بکوبم به میز. همه چی و پاره کنم و تمام اه اه اصن اعصابم نمیکشه دیگه.,ANGRY
609,من آن بار کجم که روی شانههای عالم، زیادیام؛ عجب مدار که بیوقفه میدوم و به مقصد نمیرسم!,SAD
610,بهترین راه براش اینه از فامیل فرار کنه بیاد روستا نشین بشه یا توافقی طلاق بگیره یا خرجشو با زنش جدا کنه یا دست بکار بشه نظامو عوض کنه یا کلا هر چی داره بفروشه بره کشور دیگه زندگی کنه یا همینجوری ادامه بده و کمرش بیشتر خم شه.راه دیگه ای به نظرم نرسید شما راهکار دیگه ای داشتید کامنت کنین,OTHER
611,علاوه بر مسئولان آموزشوپرورش، مهندسانی که تاییدیه استحکام بنا و ایمنی ساختمان را برای مدارس و مهدهای خصوصی صادر میکنند باید پاسخگو باشند. ظهر امروز یک واحد پیش دبستانی خصوصی در #زاهدان دچار حریق شد که بر اثر آن 4 کودک دچار سوختگی شدید شدند. یک کودک دقایقی پیش فوت کرد.,SAD
612,هر اتاقی میری صحبت همه همکارا بحث دلار و چی میشه و فلان چیز پیدا نمیشه و بدبخت شدیم و عجب حماقتی کردیم نرفتیم و...! و من خوشحال ازینکه غروب میریم یه عالمه گلدون بخرم,HAPPY
613,"""کیفیت کار خیلی کمتر از عکسه و من برا هدیه گرفتم روم نمیشه بدم بس که جنسش بچه گانه س""""""",SAD
614,مسئولان صدا و سیمای #میلی حتی فکر نمیکردند در روزگار #فریب، مردی از جنس #شفافیت و #صداقت خواستار انتشار #حقایق برای #مردم شود. #محرمانه_نداریم #ميرحسين #موسوي #سبز_میمانیم,OTHER
615,"""نامرد ترين رفيقاي دنيا ، رفيقای شماعی زاده بودن كه بهش گفتن: """"حسن عالي ميخونی ، عالی ، برو واسه ركورد""""""",OTHER
616,تغییری که این بانوی هندی در مناطق فقیرنشین و دهات هند داشته رو از زبان خودش میشنوید. شکست در تأسیس بانک، باسواد کردن زنان، موفقیت در تأسیس بانک، دخیل کردن زنان در مورد نحوه دسترسی بیسوادان به بانک و بهکار بستن نظرشون، داشتن ایستگاه رادیویی، ایجاد محلی برای رساندن آب و 1/5 …,OTHER
617,""" """"من تو پیشنهاد شگفت انگیز خریدمش واقعا راضیم فقط کاش دستکش مخصوص داشتعجیبه که فمینستها از تساوی زن و مرد فقط مدیریت های کلان و سالاد و نوشابه رو دوست دارند اصلا هم ذهنشون سمت کارگری و عملگی و عرقریزی و سربازی و ...نمیره #زنان_خیابان_یاسر""",SURPRISE
618,از اینکه وقتی هردفعه با یکی بحثم میشه وسطش بغضم میترکه متنفرم,HATE
619,با کیهان کلهر تو یکی از سوپری های تورنتو.....از همراهش تو صف جدا شد رفت چیزی برداشت و دوباره برگشت پیش همراهش که تو صف بود، هموطنی از پشت اعتراض کرد که برو ته صف، خیلی متین و محجوب رفت ته صف....  …,OTHER
620,دیوان عالی آمریکا: شروع جنجالی روند تایید نامزدی کاوانا در سنا,OTHER
621,ترس يعنى،هيچ چيز سر جايش نباشد قهوه سر برود كليد پشت در جا بماندو سوويچ ماشين گم شود ترس يعنى نخوردن قرصهاى پرو پرانول قلب از روى فراموشى اخرين سيگار را برعكس روشن كردن #ترس يك معنى ندارد جانم ... #لاله _صبورى,FEAR
622,متنفرم از این شهر که تمام کوچه پس کوچه هایش بوی آشنایی خاطرات را میدهد متنفرم از هرچی که منو یاد تو بندازه،از خودم,HATE
623,بزرگ کسی است که قلبش کودکانه، قهرش بی کینه بخشش بی انتها و دوستی اش با وفا باشد خدایا آرامشی عمیق نصیب همه ی دلها و شبی بی دغدغه قسمت عزیزانم بگردان به امید فردایی عالی,HAPPY
624,خیلی بدم میاد یکی بگه پایدار :| نگین خواهشا,HATE
625,مردم بايد آزاد باشند آنچه را دوست دارند انتخاب كنند، حتى اگر نامطلوب باشد. #سقلمه,OTHER
626,بیا تا دونت بدم بخوری,OTHER
627,وقتی ضعیفترین آدمها را در این چهار دهه وزیر آموزش و پرورش کردند و تاریخ را «درست» و «راست» آموزش ندادند، نتیجهاش آدمهایی شده که دلتنگ رژیمی میشوند که همواره مورد انتقاد شدید نهادهای حقوق بشری بینالمللی دهههای شصت و هفتاد میلادی بود!,SAD
628,"""هیچوقت بدون تست عطر نخرین""""""",HATE
629,دلم گم شدن مى خواهد از شهرى كه آدم هايش با هر بهانه اى دوستت دارم هايشان را از آدم پس ميگيرند و آنقدر بيگانه مى شوند كه باور نمى كنى هرگز به ياد داشته باشند روزى به تو گفته اند دوستت دارم.,SAD
630,من اينجوري ام كه بگن فلان فيلم خيلي غم داره هركي ديده گريه اش گرفته من حتي اگهههه غم انگيز ترين فيلمم باشه گريه ام نميگيره ، وقتي با خودم فكر ميكنم همه گريه كردن توام الان بايد گريه كني يه چي تو وجودم شديدا باهام لجبازي ميكنه و گريه ام نمياد :)))))),OTHER
631,دیشب ساعت دو بیدار شدم و از اینکه بهم نگفته بود سالی متعجب شده و خوابیدم ،تعجب هیچوقت حسی مجزا نبود همیشه بعدش خشم یا غم میاومد اما دیشب تعجب منو بغل کرد و خوابیدیم,SURPRISE
632,تیم اقتصادی دولت بطور عجیبی قبل از تصمیمهای درست هنگمیکند اما تصمیمهای اشتباه (مثل توزیع دلار۴۲۰۰تومانی یا اخلال در صادرات) را فوری میگیرند! اگر جنگ اقتصادی واقعیت دارد، هیچ بعیدنیست با فناوریهای شناختی(cognitve) بر تصمیمهای مسئولان اقتصادی ما اثرمیگذارند,SURPRISE
633,ما نسل بدبختی هستیم، دستمان به مقصر اصلی نمیرسد از همدیگر انتقام میگیریم... .,SAD
634,سرده سرده دهن سرویس،بدم میاد این همه لباس تنمهشلوارک نرم اسنوپیم رو میخوام,HATE
635,وقتی کیف به دست رسیدم از انتخابم پشیمان شدم خیلی بد بود دوخت بد و بی کیفیت اصلا به قیمتش نمیخورد حتی تو شگفت انگیز به هیچ عنوان به کسی پیشنهاد نمیدم,SAD
636,اون پیرمرد تلفنچی شیار ۱۴۳ با همون لهجه عالی کرمانی، توی بچه مهندس بازی میکنه.,HAPPY
637,از صبح تا حالا ذهنم پیش دوستمه که بخاطر استرس نصف صورتش فلج شده. هی اشک میاد تو چشمم نفس عمیق میکشم تا گریم نگیرهچیه این درس و کار...لعنت,SAD
638,مشکل من خندیدن به خودمه. مشکل من نقض پیوستگی صحنههاست. مشکل من لحظۀ یه ساعت و سی و دو دقیقه و سی و نه ثانیۀ فیلم فروشندهست. مشکل من اینه که ارجاع میدم. مشکل من اینه که خودارجاعم. مشکل من تغییر بیخود و بیجهت کنتراسته. اونم نه ۱ بار، نه ۲ بار، نه ۳ بار، بلکه ۴ بار.,SAD
639,#کیروش هم رفت، تنها رفت اما قطعا در جای دیگری از دنیا تنها نخواهد ماند. ما ماندیم و تنهایی آرزوهایمان، ما ماندیم و نگرانی برای حس غرورمان، ما ماندیم و نگرانی برای تنها دلخوشیمان. ما ماندیم و التماس موفقیت های او از نفر بعدی. ما از او حاضر به تشکر نشدیم اما او از ایران تشکر کرد. …,SAD
640,پخش بو خیلییی کم .ماندگاری متوسط.و بوی شیرین و خنک !عجیبه که تووی مشخصاتش میگه شیرین و گرم,SURPRISE
641,  ای خواخر جان امه دهون ره وشون سرویس هاکردنه اینجه مردم فقط تجنه وشنایی نمیرن...بابل دله راه شونی هنده انه فرار هاکنی بوری جنگل منگل دله تنهایی دواشی...خدا وشونه سقط هاکنه اماره پیر هاکردنه؛ایشالا که وشون بن بزه بونه تو هم انی شه جان سره شه عزیزون پلی، ته فدا بابلی کیجا,OTHER
642,از هر چیز انگیزشی متنفرم,HATE
643,کاش میشد برم بهش بگم دیشب خوابشو دیدم...اونم با ذوق جزییات خوابمو بپرسه ولی آدم بیشعور و بی احساس ک شاخ و دم نداره ..,SAD
644,لازمه که نکاتی رو در رابطه با این ماجرای #سامسونگ بگم. سامسونگ 4000 گوشی به مسئولان برگزاری مسابقات #المپیک_زمستانی داده در حالی کل شرکت کنندگان و همراهان در این مسابقات زیر 3900 نفرن. این تصمیم از طرف مسئولان برگزاری مسابقات گرفته شده و ربطی به سامسونگ نداره,OTHER
645,فوری کمیسیون امنیت و ضدتروریسم ایمیلهای جعلی اطلاعات آخوندها را که به نام مسئولان مجاهدین خطاب به شماری ازهواداران است،فاش کرد در این ایمیلهای جعلی،ازجمله یک ایمیل مشابه ایمیل ابوالقاسم رضایی با امضای حبیب،از هواداران درخواست پول و اطلاعات و حتی اقدامات تروریستی شده است.,OTHER
646,با فضاسازیهای شوونیسم فارس(!) نسبت به فعالیتهای #هویت_طلبانه در جهان، تمام رهبران #جدایی_طلب منطقه #کاتالونیا در دادگاه عالی اسپانیا محاکمه شدند. پ.ن: کافی بود همچین دادگاهی در #ایران برای #تجزیه_طلبان برگزار میشد؛ آنوقت بود که #اتحادیه_قصابهای_بدون_مرز هم علیه ما بیانیه میداد!,OTHER
647,هشتمین همایش بانکداری الکترونیک و نظام های پرداخت :بزرگترین گردهمایی صنعت بانکداری ، تنها صنعت موفق و تنها صنعت اعتماد شده به جوانان که با موفقیت های فراوانی همراه بوده. امیدوارم امسال هم همانند سالهای گذشته همه چیز خوب باشه و کلی موارد جدید به تجربیاتم اضافه شه,HAPPY
648,این حرفهای آرنولد واقعا قشنگ و آموزنده است و حس غرور ایجاد میکنه اما باور کنید در سیستم حکومتی ایران جایی برای پیشرفت مردم عادی وجود نداره ، تمام تلاشها درجا زدن حساب میشه . کاش ایران هم حساب و کتاب داشت و جوانها به امید به آینده همچین تلاشی رو برای رسیدن به موفقیت انجام میدادند,SAD
649,نمیدونم این توییت چرا انقدر معذبم کرد! کلا انگار ناراحت نشدن از مرگ یکی بدجور معذبم میکنه …,SAD
650,حاضرم تمام تقصیرهایت را ببخشم به جز موفقیت هایت را! یک مثل اوکراینی که نشون میده دست کم در اوکراین هم آسمون همین رنگه.,OTHER
651,درود . صدای آزادی پروین محمدی فعال کارگری بازداشتی باشیم ....,OTHER
652,"""بهار بیا و با خودت کمی شادی بیار لطفاً ???????""""""",SAD
653,اقای خمارلو چ عجب یه حرکت خوب از شما دیدیم :))))))))))))))),SURPRISE
654,مقابل پلیس با لبخند و آرامش صحبت میکنیم و در مقابل راننده سهل انگار با خشونت تمام! حتی در بسیاری از فرهنگها بروز خشم بصورت عصبانیت نشان از ضعف و سستی است و بصورت علمی اثبات شده است بروز خشم بصورت عصبانیت اساساً نیاز نبوده و می توان با مدیریت آن، از عواقب غیرقابل کنترل آن کاست.,OTHER
655,بادوسال حقوق کارگر درحالی که نون وآبم نخوره وقیمتاثابت بمونه میشه همچین چیزی خرید توف توشرافت مسئولان جمهوری اسلامی,ANGRY
656,یه موقع هایی باید از تنهاییت لذت ببری... تا کسی از بازی دادنت لذت نبره.....,OTHER
657,امروز انقدر عصبیم که با سفارش دادن یه هات داگ پر و پیمون بل پی با پنیر گودا و سیب زمینی سرخ کرده و نون سیر انتقاممو از این دنیا میگیرم,ANGRY
658,دارم سریال 13 reasons why رو می بینم، یه دختر نوجوون خودکشی کرده و مدرسه مدام به والدین بچه ها ایمیل می زنه و در مورد افسردگی هشدار میده، مسئولان مدرسه دارن واکاوی می کنن چرا این اتفاق افتاده، پدر و مادر بچه شکایت کردن از مدرسه و می خوان موضوع روشن بشه،,SAD
659,دو دیقه بیاین ببینمتون، میخوام برم بقیهی پروژهی مهندسی معکوس رو انجام بدم.,OTHER
660,""" """"خداوکیلی تواین همه گوشی  که من خریدم این گوشی فوق العاده است خداکنه دیجی کالا تاچ والسیدیشم بیارهبر مرگ خودم راضیم ای چرخ ستمکار، گر میزنی از ریشه بفرما تبر از من... (حیرت)""",SAD
661,ببینید چطور هر دعوا یا اعتراض اجتماعی در داخل کشور را به #نشست_ورشو پیوند میزند و به حساب جنگطلبان ضدایرانی میریزد. نشستی که در آن نتانیاهو صراحتاً از تشکیل ائتلاف برای «جنگ» علیه ایران سخن میگوید. وقتی اسم کمپیناش را گذاشت #دوربين_ما_اسلحه_ما خوب میدانست که آن را به کجا میبرد …,OTHER
662,تو یه کاری که هیچکسی انتظار نداشت موفق شدم. وقتی فهمیدن هیچکدوم بهم تبریک نگفتن. این بهترین تبریکی بود که میتونستم دریافت کنم.,HAPPY
663,نبرد نابرابر کوسه ها و انسانها،۱۲ به ۱۱۴۱۷. هر بار که کوسه ای آدمی رو پاره کنه حادثه کربلا آید به یادم …,SAD
664,بخند مصنوعی حتی اگه چیز خنده داری نیست,HAPPY
665,به قدری آگاهی جامعه پایینه که وقتی به یه دختر بچه یا خانوم تجاوز میشه از ترس سکوت میکنه و تا ابد بار سنگینی از اسیب های روانی رو به تنهایی و بدون درمان به دوش میکشه #امنيت_اجتماعي_زنان,SAD
666,"""تمام راه های ممکن به اندرزگو رو بسته پلیس، آخر اعصابم خورد شد رفتم گفتم یعنی دهن مارو سرویس کردین، نشد ی شب راحت برسیم خونه، ج داد """"خوب خونتون جای بدیه، عوضش کن"""" :|||""",ANGRY
667,وحشتناك شده اصلا واقعا نميتونيم ديگه با اين وضع زندگي كنيم ما ماهي كمِ كم ده تومن خرج ميكنيم بازم اخر برج كم مياريم و هميشه به اونايي فكر ميكنم كه ماهي يكي دو تومن حقوقشونه واقعا چجوري زندگي ميكنن!!!!وحشتناكه وحشتناك,FEAR
668,ای هفت سالگی ای لحظههای شگفت عزیمت بعد از تو هرچه رفت، در انبوهی از جنون و جهالت رفت بعد از تو پنجره که رابطهای بود سخت زنده و روشن میان ما و پرنده میان ما و نسیم شکست شکست شکست …,SAD
669,آقای وحشی که مردم رو کتک میزنی، شما حتی به ترکیه هم نمیتونی فرار کنی و پناهنده شی. مراقب خودت باش. #فردای_براندازی خشم این مردم رو خیلی سخت میشه کنترل کرد,ANGRY
670,با سه پیروزی و یک باخت، توی یک چهارم نهایی حذف شدم! هنوز اعصابم خورده سر اشتباه خودم …,ANGRY
671,آقای #مهدی_قلیان تنها به دلیل دفاع از خواهرش در هنگام حمله به منزل،بازداشت شده و در همان بند امنیتی_سیاسیِ اطلاعات اهواز نگهداری میشود و تاکنون ملاقاتی با خانواده نداشته است. طبق وعدههای مسئولان قرار بود که امروز مهدی قلیان با خانواده ملاقات کند و #اسماعیل_بخشی #سپیده_قلیان,OTHER
672,با خنده گفتمش به سلامت سفر بخیر... وقتی که رفت از تو چه پنهان دلم گرفت #مجید_ترکابادی,SAD
673,گفتگو با ژیلا خیر و منیژه فروزنده از فعالان صنفی معلمان در شهرهای کازرون و تهران: از حق آموزش رایگان برای دانش آموزان تا حق اعتراض برای معلمان,OTHER
674,کشت رو دادم وسایلو مرتب کردم مونده محیط کشت بسازم تقسیم کنم.الان یادم افتاد که هنوز خونه رو جمع نکردم و سکته خفیفی بهم وارد شد,SAD
675,عجب دردیه انسانیت,SURPRISE
676,اگه منو به ضد زن بودن متهم نمیکنید باید بگم صدای خوانندههای زن رو نمیتونم تحمل کنم. به نظرم توی زنها بهترین صدا رو خانوم هایده داشتن که نهایت یک ربع بیست دیقه میتونم گوش بدم,OTHER
677, ننت عجب کس تنگی داره کونیه دوجنسه پس کوش آدرست حرومیه لب و دهن بدرد نخور,ANGRY
678,سلام به تمام مردم داغون وخسته ایران دیشب باز دوستان جمع شدن و برا خرید یه مسواکرفتیم سیتی سنتراصفهان توراه کلی رقصیدیم واهنگای بندری شاد و... چیزی که واقعا باعث تعجبم اینکه مردم وقتی شادی و رقص مارو میدیدن انگار یه سری مجنون دیدن همه قیافه هاداغون خسته اخماتو هم باباشادباشید,SURPRISE
679,تا روزِ تهران تموم نشده بگم که به اندازهی تمام علفهای هرزِ روییده در خاکت دوستت دارم. و صد البته: ای کاش آدمی، وطناش را همچون بنفشهها میشد با خود ببرد هر کجا که خواست.,HAPPY
680,سلام دوست گلم صبحت بخیر و شادی آرامش یعنی در میون صد مشکل خیالت راحته چون خدا حلال مشکلاته لبخند بزنی چون میدونی خدایی داری که هوات رو داره امروزت پر از لطف خدایی #جاذبه_احساس,HAPPY
681,با قبول استعفای مجدد #مسعودنیلی ، پازل فروپاشی تیم مقتدر و کارآمد اقتصادی دولت، که کشور را از سراشیب سقوط در پرتگاه ونزوئلایی شدن نجات داد، در حال تکمیل است.,OTHER
682,موفقیت اکتسابی است نه ذاتی. موفقیت علم است و میتوان از طریق آموزش و یادگیری آن را به دست آورد. #محمدرضا_معاشرتی #توییت_نویس #موفقیت,OTHER
683,"""روزنامه حریت: """"مسئولان ترکی فایلی دارند که ۱۵ دقیقه قبل از ورود #خاشقجي به کنسولگری #عربستان رو ثبت کرده که نقشه قتل روزنامهنگار سعودی بررسی میشه در برخی فایلها و در جریان تماسهای تلفنی اسم #محمد_بن_سلمان صراحتا ذکر شده سرکنسول عربستان فقط شاهد نبوده و در عملیات دست داشته""""""",OTHER
684,این گزارش واقعا وحشتناک است! نزدیک به پنج هزار جنگجوی داعش در افغانستان، رقمی کمی نیست. …,FEAR
685,و همهی مسئولان نظام، از نمایندگان محترم #مجلس_شورای_اسلامی تا مسئولان بخشهای مختلف اجرایی، بهخصوص ردههای سیاستگذاری و کارشناسی و تا قضّات و اجزای #دستگاه_قضایی ، باید به جدّ و جهد و با همهی اخلاص، در صدد اجرای عدالت در جامعه باشند.,OTHER
686,همیشه تودبیرستان بخاطررنگ موهام که طبیعی بوربودند واززیرمقعنه بیرون میزدند،بارهابازخواست شدم ،معلم ادبیاتمان بالحن قشنگی که من ناراحت نشم بمن می گفتند،گندم هارابپوشان...منم می خندیدم...کاش لحن تذکردادن ها،کمی بهتروملایم ترباشد...,SAD
687,"""اگه بخوام در مقایسه با  ایرپد اپل که خودم دارم امتیاز کیفیت بهش بدم عدد۱۸ میدم . علت ۲ امتیاز کم رو هم یکیش به خاطر کیفیت صدا و یک امتیاز رو به خاطر بُرد کمتر در مقایسه با ایرپد اپل ( تا فاصله ۱۰ متری از گوشی دور بشین صدا میاد)""""""",HAPPY
688, دوستانی که میگن ماندگاریش کمه توجه کنید این خاصیت اکثر عطرهای خنک هست که ماندگاریشون کمه،به چهار نفر خیلی دوست دارم بشینم بگم بیا جای این همه انتقاد از دیگران یه بار تمام اون انتقادا رو به خودت بکن!و بشین فکر ببین اونا تو وجود خودت نیست؟!به خدا مشکلت با کل عالم حل می شه..,OTHER
689,عجب بانک باکلاس وب روزی,SURPRISE
690,جان جان ایرانم باید همیشه شاد باشه ایران مونو پس میگیریم,HAPPY
691,اینقدر که اعصابم خراب بود امروز دفتر نرفتم تف تو این بازار,ANGRY
692, من با توجه به شرایط نابسامان شدید جامعه ودروغ ها ووعده های پوچی که  اخوندها به ملت دادن  اینقدر از آخوندها متنفر شدم وهستم که حتی به ذهنم خطور نمیکنه جایی حق باآخوندی باشه  که,HATE
693,روز جهانی نه به خشونت بر زنان ، ۲۵ نوامبر,OTHER
694,میتونم این مبحث فرار از اسپویل فیلمها رو درک کنم ولی اینکه خوندن نظرات دیگران، رو دیدگاه و نظر ما تاثیر میذاره، چیز بدیه. باید تمرین کنیم نه فقط در قبال فیلم که در مورد هر چیزی، نظر و رای خاص خودمونو داشته باشیم، حتی اگه تمام دنیا نظری متفاوت با ما داشته باشن. …,OTHER
695,موفقیت یعنی : غیر ممکن ها رو ممکن کردن فقط ...! کافیه اراده کنی و بخای,OTHER
696,امروز بعد دیدن فیلم عرق سرد،عرق شرم رو روی پیشونیم حس کردم؛سعی کردم تو چشم هیچ دختری نگاه نکنم و خارج شم از سالن پیشنهاد میکنم حتما ببینید,SAD
697,امام رضا علیه السّلام: خود را با کار مداوم خسته نکنید و برای خود تفریح و تنوع قرار دهید. بحار، ج78، ص346,OTHER
698,آغای #جمهوري_اسلامي ، هر زهر ماری که اسمت هست و دغدغه ات شام و یمن و سوریه و #فلسطین و #لبنان شیخ شکم گنده #حسن_نصرالله است. مردم را بدبخت کردین، قدرت خرید ایرانی را به سطح کشورهای پاکستان و افغانستان رسانده ای... شرم کن بی شرافت,ANGRY
699,امشب پنجشنبه ساعت ۲۳ طوفان توییتری #کودک_اعدام_نشود در اعتراض به قصاص نوجوانان زیر ۱۸ سال,OTHER
700,همیشه تو زندگیم این بوده که بقیه رو راضی نگه دارم از خودم حالا خودم ناراحت شدم اشکال نداره ، ولی میخوام این رویه رو عوض کنم چون آدم رو داغون میکنه,SAD
701,کلی پول دادم اسپینر خریدم اعصابم آروم بشه، گمش کردم بدتر اعصابم خراب شد :)))),ANGRY
702,کاش من اونجا بودم میدونستم چجوری جوابش رو بدم که تا آخر عنرش حرف زدن یادش بره آشغال,ANGRY
703,شما به عنوان رعیت ما، بچه به دنیا بیار تا جمعیت زیاد بشه، ما خودمون به عنوان اربابتون میدونیم کی وکجا از این جمعیت بهره ببریم؛ شاید تو دبستانی باشه و آتیشش بزنیم، شاید بخوایم بهش تجاوز کنیم، شاید بخوایم به همراه جمیعی بفرستیمش ته دره، شایدم حتی خواستیم با کشتنشون دشمنو فریب بدیم!,OTHER
704,به يك عدد فرار نيازمنديم #نيازمنديها,SAD
705,کلیپ تبلیغاتی یونیسف برای پایان دادن به خشونت علیه زنان و کودکان، با حضور دیوید بکهام مطلب مرتبط: تربیت فقهی کودکان و فراهم شدن زمینه خشونت مجاز  #خسونت_علیه_کودکان #خشونت_علیه_زنان,OTHER
706,#روز_دختر رو به اون دخترهایی تبریک میگم که باباهاشون به خاطر بی پولی و نگرفتن چند ماه #حقوق نتونستن امروز هدیه بگیرند. به اون دخترهایی تبریک میگم که به خاطر #فقر و نداشتن جهیزیه تو خونه موندن.,SAD
707,دیروز صبح با یه کابوس از خواب پریدم ایران دقیقه نود و یک گل خورد و باخت .اعصابم ریخت به هم.اما تو واقعیت 3 تا خوردیم :)))) #تیم_ملی #ایران_ژاپن,ANGRY
708,جامعه از حكمرانان خود #عدالت_عملى ميخواهد، نه #اميد هاى واهى. آستانه عصبىِ مردم مرزى دارد كه اكثر مسئولان از آن غافلند و اين، فاجعه بار است. …,ANGRY
709,ترس و واهمه و البته که خاطره ما آکواریومدارها! …,FEAR
710,معاون سیاسی و امنیتی وزیر کشور : «ما دیگر چیزی به نام کولبر نداریم؛ این کلمه کولبر هم کلمهای بود که نمیدانم کجا اختراع شد، هم برای خود مردم و هم برای مسئولان مشکل درست کرد.» واقعا مردم با کولبرا چه مشکلی دارن؟ چرا زر می زنی؟,ANGRY
711,چند ماهه دارم استفاده می کنم، فست شارژه مشکلی هم نداره. الان هم می خوام یه دونه دیگه سفارش بدم. البته بقیه دوستان راست میگن روی کابلش حساب نکنید، کابلش کیفیت نداره، خودتون یه کابل دیگه جاش بذارید.,OTHER
712,انقد بدم میاد آدمایی که این وسط میان میگن فایده نداره بحث نکنین????,HATE
713,کولبری نه تنها قاچاق است بلکه شغل کاذب است وقتی میشه از مرز با یک کامیون به اندازه دهها کولبر جنس وارد کرد و کولبری صرفا شغلی برای دور زدن مجوزها و گمرک است. هرگونه تلاش برای هویت بخشیدن به چنین شغلی توسط مسئولان خیانت و شانه خالی کردن از ایجاد شغلی معقول برای این مردم است,SAD
714,خشونت به جنس مخالف هم از جانب زن و هم از جانب مرد محکومه با احترام به بانوانی که برای برابری تلاش میکنند و مطمئنم با این کامنت های ضد مرد زیر این پست اینستاگرامی مخالفند خودتون برید چک کنید واکنش کامنتی [بعضی] از بانوان به خبر قتل فجیع و تعداد لایک کامنتا ! #موسی_علینژاد,OTHER
715,یکروز معمولی یک ایرانی که سرش تو کار خودش است ولی بدبختی سرش تو کار ایرانیه است …,SAD
716,اینقدر بدم میاد از آدمایی که در مورد پوشش دیگران اظهار نظر میکنن! عقاید و سلیقه هر شخص واسه خودش محترمِ کمی بهتر فکر کنیم,HATE
717,اینکه آ. لاریجانی خواستار پیگیرد منتشرکننده ویدیوی نماینده سراوان میشود و مردم در کامنتها منتقد آن نماینده هستند نشان از دو واقعیت دارد: ا- مسئولان از ماهیت فضایمجازی و تحول در معیارهایجهتدهنده افکار عمومی بیخبرند. ۲- هنجارها وارزشهای اخلاقی مردم با مسئولان کاملا متفاوت است.,OTHER
718,بعد جالبیش اینجاست که اکثر کسایی که قفلی میزنن که فارسی بنویس، دو خط مینویسن، ۱۰ تا غلط املایی دارن. بشین رو دیکتهت کار کن به جای این کارا بیا! اعصابم خورد شد :)) …,ANGRY
719,عجیبه.. حتی فقط حضور بعضیا توو شهر باعث دلگرمیه. :),SURPRISE
720,نميدونم از شدت خنده چه گهي بخورم,HAPPY
721,فیسبوک یه چیزایی یادآوری میکنه، آدم میبینه عجب موجود بحثکننده و کنشگری بوده. مثلاً دیروز دیدم شیش سال پیش سر یه موضوع حقوق بشری بیست تا کامنت طولانی با آرش رد و بدل کردیم. اگر الان بود نهایتاً میگفتم «آره، میفهمم چی میگی.»,SURPRISE
722,ترس وجودش را گرفته.,FEAR
723,خودمون کم بدبختی داریم ابی هم هی کنسرت میذاره,SAD
724,من با چیزایی که بقیه خوشحال میشن خوشحال نمیشم، بقیه هم حسی به چیزایی که من رو خوشحال میکنه ندارند. عجیبه.,SURPRISE
725,"""شخصیتی که خیلی بهش حسادت میکنم """"خسرو""""ی کتاب ادبیات دبیرستانه. دورهی موصوف تحصیلش مثل من بود. عالی تو درسای حفظی علی الخصوص ادبیات و ضعیف تو درس ریاضی. آخرشم مث اون بدترین راه رو انتخاب کردم و رفتم رشته ریاضی.""",SAD
726,تنها اشکال #سام_عباسی اینه که خوراک خوبی برای شیادها نیست و قیافش جوریه که نمیشه ترحم و خشم مردم رو همزمان باهاش دراورد. اکت ایشون در زمانی بوده که لازم نبوده حواسا به جایی پرت شه,OTHER
727,بخش ناراحت کننده تویت های فحاشان تویتری این هست که اکثرا دارای تحصیلات بالا هستند البته که مدرک شعور نمیاره ولی خب کسی ک مدرک بالا داره مدعی خیلی چیزها ست !!!!,SAD
728,اعصابم خورد میشه وقتی اینایی که کوت میکنید میبینم منو بلاک کردم. من که دارم راه خودمو میرم سرم توی توییت های خودمه، چرا الکی بلاک میکنید بزدلا؟,ANGRY
729,""" """"واقعا متاسفم که چنین کالاهای بی کیفیتی رو با این قیمت میفروشن. ما اعتماد میکنیم به سفارش اینترنتی و کیفیت کالا.همیشه دلم به این خوش بود ک یکی هست ک در هر شرایطی کنارمه و میگفتم خدا اگه هرچی ب من نداده باشه یه رفیق داده ک در هر شرایطی تنهام نمیزاره... به خودم تبریک میگم دگ اونم ندارم :)""",SAD
730,"""بیانیه انجمن علمی رادیولوژی ایران: """"مسئولان آمریکایی ادعا می کنند که این تحریم ها علیه مردم ایران نیست و آسیبی متوجه مردم نمی شود، این در حالی است که مردم عادی و بیماران بیشترین صدمه را از این تحریم ها متحمل می شوند."""" #همصدایی_دربرابر_تحریم  …""",SAD
731,ایران از معدود کشورهایی است که مردم #خبرهای_رسمی کشورشان را از منابع #غیررسمی می گیرند؛ علتش این است که بسیاری از مسئولان و رسانه ها نیازهای خبری مردم را بموقع و کامل پاسخ نمی دهند اما توقع دارند به فضای مجازی مراجعه نشود و شایعات رواج نیابد. #تاخیر۲ساعته_سازمان_مدیریت_بحران,OTHER
732,دخترکم،یادم باشد آنقدر ببوسمت و بگویم دوستت دارم تا،اگر یکی گفت دوستت دارم... بپرسی:اندازه پدرم یعنی؟! نگران نباش دخترکم من با تو خواهم بود...,HAPPY
733,در #لیون فرانسه که دومین شهر (و به ادعای اهالی بندر مارسی، سومین شهر) بزرگ فرانسه است، سالی یک بار بین ۳ تا ۵ سانت برف می آید و کل شهر فلج می شود. همیشه غافلگیر می شوند. یک سال ساعتها در راه مهد فرزندم بودم (مسیر ۲۰ دقیقه ای)، کودکان ساعت ۸ شب هنوز چشم براه والدین بودند. …,OTHER
734,این قهوه طعم نچندان دلچسبی داره و بیشتر بدرد درمان میخوره تا یه نوشیدنی لذت بخش. یه نکته هم به نظرم میرسه. انگار به این قهوه رنگ مصنوعی اضافه کردن. چون تفاله قهوه بعد از دم کردن شروع به رنگ سبز پس دادن میکنه. رنگشم بد جور به ظرفشوریی میمونه.,SAD
735, واسه هدیه هم چیز بامزه و زیباییه.کاورهای بد میتونن کاری کنن که از آهنگ اصلی هم متنفر بشی.,HATE
736,خلاصه اینکه «نقد خشونت» با «نقد خبر/محتوا درباره خشونت»، رابطه درهمتنیدهای دارد. شناختشناسی این رابطه، نیازمند آموزش، تجربه، فدا نکردن دقت در پای سرعت، شناخت موضوع و ادبیات تولید متن، پای نقد گذاشتن آن، و البته رسیدن به میثاق مشترکی است که «آگاهی»، دلیل پایبندی بدان باشد.|۳۰,OTHER
737,اينی كه ميگم رئال يه سطح بالاتره. الان اگه رئال ببازه همه بهش انتقاد ميكنن اما يوونتوس ببازه يه چيز عادّيه خب بالاخره حريفشون رئال بوده,OTHER
738,من اگر نیکم و گر بد تو برو خود را باش هر کسی آن درود عاقبت کار که کشت سر تسلیم من و خشت در میکدهها مدعی گر نکند فهم سخن گو سر و خشت #حافظ,OTHER
739,انتقامجویی در تضاد با منافع ملی است و جامعه را از تلاش، پویش و تکاپو باز میدارد و به دور باطل خشونت و انتقام میانجامد. عباس امیرانتظام/گفتوگو با حسین دهباشی,OTHER
740,یکی از شاخصهای اصلی ارزیابی موفقیت نظام جمهوری اسلامی ایران در طول چهل سال مشاهده میدانی شاخص های هر کدام از حوزهها است. اصن یه وعضی بوده قبل انقلاب؛افسوس #بعثت_انقلاب #چهل_سال_سازندگی,SAD
741, جوون غلط كرده با موي زن جذب ميشه، اين همه كشور زنا ازادن تو پوشيدن لباس، آيا مردا همه تو خيابون جذبن؟ لب ساحل دريا همه لختن و مايو پوشيدن آيا همه جذبن؟ جوون اگر ناراحت ميشه بره بكنه بندازه دور خودشو راحت كنه نه يكي ديگرو ناراحت!!!!!!,ANGRY
742,تو این توییته ولی و وقتی اضافهان، ریتم رو گرفتن و کاراکتر هدر دادن. هی هم فیو میزنید میاد جلو چشمم اعصابم خورد میشه.,ANGRY
743,اه دوباره یادش افتادم اعصابم به هم ریخته و به امید خدا تا صبح بیداریم آخه چرا انقدر احمق بودی حسین جان؟! همون موقعها هم خیلی معلوم بود که به هیچجاش نیستی! بفهم دیگه لعنتی. …,ANGRY
744,اومدم نیم ساعت بخوابم خواب دیدیم مدیر پروژه داره با هم بحث می کنه در مورد پروژه از خواب پریدم و دارم ادامه سریال Band of Brothers رو می بینم. عجب سریال خفنیه ...,SURPRISE
745,سرلشگر باقری رئیس ستاد کل نیروهای مسلح.همه دشمنان ما و در راس آنها آمریکا و رژیم صهیونیستی می دانند که اگر نیت تهاجم، تهدید و تجاوز به این ملت را بگیرند پاسخ دندان شکنی دریافت خواهند کرد. #USARegimeChange,OTHER
746,سلفیان برای اموات شان هیچ مراسمی نمیگیرند! نماز میت و دفن و والسلام! از آن طرف، ما شیعیان ختم و سوم و هفتم و چهلم و گل و خرما و حلوا و سر مزار و ته مزار و میلیون میلیون خرج و مرخصی بدون حقوق و بدبختی و... به راستی این چه افراط و تفریطی است گریبانگیر ما مسلمانان شده؟!!,SAD
747,حدود ۳ هفتس ماشینمو نشستم و اعصابم تخمیه امروز دیگه باید یه فکری بکنم,ANGRY
748,با دل بستن به صندوقهای رای هر روز خود را تنهاتر و بی پناه تر کردیم حس می کنم حقم است تاوان این همه خوشباوری را پس بدهم کسی فریبم نداد ،از خود فریب خوردم از همه آنها که نوشته های من باعث شد رای بدهند با شرم عذرخواهی می کنم و اگر نبخشند حق دارند,SAD
749,چقدر خوبه من پول دیه ندارم بدم وگرنه تا این لحظه هشتاد و هفت نفر رو کشته بودم,ANGRY
750,"""من اسپری بدن 10 تومنی میزنم بیشتر میمونه تا این""""""",SURPRISE
751,تلاش برای شکستن حکم اعدام محمد ثلاث یا عفوش میتونه بهترین حرکت این روزها باشه؛ چرخه خشونت رو باید یه جایی متوقف کرد و اتفاقا اینجا مناسبترینه.,OTHER
752,طعم و مزه اش خاص نبود ولی بدم نیست,OTHER
753,از عجایب و بامزگیهای روزگار اینکه قالیباف که به املاک نجومی مشهوره هی از ملک گرفتن بقیه انتقاد میکنه و رئیسی از مالیات ندادن.,SURPRISE
754,امروز صبح تو ازمایشگاه یه پسر اومد ۳۰ سالشم نمیشد واسه hiv اومده بود ۵-۶ جا هم ازمایش داده بود نصفش مثبت نصفش منفی تو پزشک قانونی کار میکرد.. لعنت به بعضی شغلا که همچین استرس سنگینی و به ادم تحمیل میکنه...,SAD
755,تاکید کنم که فقط گفتم دفاعها منطقی نیست، وگرنه خود من خیلی به #سمپاد مدیونام. با یه آزمون کسایی که «به نظر میرسه شاید شانس بیشتری برای موفقیت تحصیلی دارن» جدا میشن، بعد معیار سنجش موفقیت سیستم نباید این باشه: بیا ببین اینا چه قدر از نظر درسی موفقاند. …,OTHER
756,نه به اصلاحطلبی و اصلاحطلبان دلبستگی دارم و نه به جریان برانداز میترسم از این همه انحصارطلبی رسانهای!چه در فضای رسمی کشور که از سوی اصلاحطلبان و حامیان وضع موجود به انحصار درآمده و چه در فضای مجازی که تا نظری غیر از آنچه پسند تحریمدوستانست،بگویی با حمله گروهی روبهرو میشوی,OTHER
757,خیلی رو مخمه قسمت عکس/فیلمبرداری عروسی بنظرم خیلی احمقانهو فیکه واقعا دوست دارم بجاش یه عالمه عکس که تو هرکدومش قیافهی یکی خنده داره داشته باشم تا یه عالمه عکس مسخره با ژستای احمقانه و نمایش تمام قد چیزی که نیستیم+ یه عکس دوتایی ادم واری(قول نمیدم زبونمو نیارم بیرون:دی),OTHER
758,گویا خبر دقیق این است که شمسی خانم در گورستان بهاییان گیلاوند دفن شده بود اما به گفته مسئولان امر بهاییان فقط میتوانند در گورستان بهاییان تهران دفن بشوند. از این رو او را نبش قبر کردند و در بیابان رها. شرمآور! …,SAD
759,من طرفداری از سیاست رو به هر شکلی بدم میاد ولی اینکه بعضی از دوستان فقط کمر به تخریب دولت بستن واقعا حماقته,HATE
760,عبدالصمدابراهیمی وکیل سابق طارمی ومسبب محرومیت تیم با گمراه کردن باشگاه وبازیکن کسیکه خودش رو پرسپولیسی جازده ولی کمک حال قلعه نویی درنقل وانتقالاته کسیکه اولین باربه مسئولین کیسه گرا داد درپرونده سوپرجام میتونند به دادگاهcasشکایت کنندبرانکو رو بصورت نامحسوس مقصراین دعوامیدونه,OTHER
761,وقتی این مدل جدید نوشتنشون (#گلاب به روتون و #تهوع)رو دیدم تنها چیزی که به ذهنم اومد شعر بزرگوار بود که می گفت: عیب رندان مکن ای زاهد پاکیزه سرشت که گناه دگران بر تو نخواهند نوشت من اگر نیکم و گر بد تو برو خود را باش هر کسی آن درود عاقبت کار که کشت,OTHER
762,چندی پیش با یک کارگر شهرداری کاشان حرف میزدم. گله داشت که چندماهه حقوقمونو نمیدن و شرمنده خانوادهام هستم و چندین ساله یک جفت کفش نگرفتم و.... امروز خوندم که نماینده شورای شهر کاشان گفته ۱۲میلیارد تومان پول حقوق کارگران رو شهردار بالاکشیده! از شدت خشم نوشتنم نمیاد...,ANGRY
763,بعد از سخنرانی دکتر قاسمی بود که برای چندمین بار مطمئن شدم موفقیت یک مجموعه، در کنار تلاش اعضاش، به رویکرد و طرز فکر مدیرانش بر می گرده #fanapco #FANAPX,OTHER
764,تا طبسی زنده بود معافیت مالیاتی #آستان_قدس مسئلهشون نبود، همین که #رئیسی اومد و در انتخابات شرکت کرد شد مسئلهشون، اینهمه هراس نشانه چیه؟,FEAR
765,این توییت 4 سال پیشمه. شب بازی لیورپول-رئال. امشب دوباره همون حسو دارم. پدر و مادرها دوست دارن موفقیت همه بچه هاشونو ببینن نه فقط یکیش. پس به امید برد لیورپول :))))) …,HAPPY
766,همهی ما مثل «علی شریعتی» هستیم و به اسیدپاشی اعتراض داریم. طبیعتا پاسخ اعتراض صلحآمیز ما زندان نیست، آن هم ۵ سال حبس... #WeAreAli,OTHER
767,چیزی که میشه گفت اینه: موفقیت حاصل کارتیمی هست ژاپنی ها متخصص کار تیمی و تلاش هستند. ایرانیها کار تیمی بلد نیستن و نبودن و ... #پرسپولیس_کاشیما,SAD
768,همه حرفای بابام مربوط به خاطرات سی تا پنجاه سال قبل و انتقاد از مسوولین سی سال اخیره... آینده توش نیس.,OTHER
769,هم عصبیم هم غر میخوام بزنم هم حرص دارم میخورم:)) دلیلم ندارم براشون,ANGRY
770,تصور کنید آموزش رایگان ( حتی همین هچل هفتی که تو ایران هست و عملا اگر فرزندت رو دوست داری و میتونی باید بفرستی غیرانتفاعی ) وجود نداشت و بازارآزاد مشخص میکرد که آموزش چطور بچرخه با وجود موسساتی مثل گاج و قلمچی که میرن فتوا میگیرن علیه برداشتن مشقشب ترسناک نمیشد ؟,FEAR
771,رنگ نسکافه ای رو تو شگفت انگیز سفارش دادم .سگگ ها کاملا بی کیفیت هستند و رنگشون رفته اصلا شبیه عکس اش نیست.,SAD
772,حالا دارم فكر ميكنم با اين تفاسير چند درصد ترس ها و نگراني هام تو اين سال ها همينقدر مسخره و بي پايه بوده؟چندتا موقعيت عادي تو زندگيم بوده كه با overthink ازش واسه خودم يه چيز ترسناك ساختم در حالي كه عملا هيچي پشت اون در نبوده؟!,FEAR
773,اعدام رامین حسین پناهی یعنی : آتش کشیدن زیر باروت خشم کردستان با آتش بازی نکنید که پشیمان میشوید دست از سر جان شهروندان ایرانی بردارید #RaminHosseinPanahi,ANGRY
774,این عکس نشنال جئوگرافیک فوقالعادهس. کلی تضادهای احساسی داره. عشق و محبت، بامزگی، خشونت و وحشیگری رو یجا داره. خلاصهای از طبیعته,HAPPY
775,""" """"به کسانی که میخواهند اهنگ گوش کنند و لذت ببرن حتما توصیه میکنماعصابم خورده از اینکه زیادی """"خود خودمم"""" همه ش، و با همه، و به قول همه. (ایراد بزرگم اینه که زیادی مهربون و ساده و خوبم طور)""",ANGRY
776,امروز از دست خودم عصبانی شدم که وقتی عصبانی بودم جلو دوستام به استاد گفتم “تخمسگ”! واقعاً اعصابم از دستش خرد شده بود وگرنه اینقدر بیعفت نیستم! :|,ANGRY
777,دفتر نخستوزیر #عراق در بیانیهای اعلام کرد مسئولان آمریکایی از پیش بغداد را از سفر #ترامپ مطلع کرده بودند. #آمریکا,OTHER
778,دانشمندان و محققان و مراکز علمی و پژوهشی برای ادامه پر شتاب حرکت علمی کشور بخصوص در زمینه علوم جدید، باید با توکل به خدا و با نیت الهی، از جان مایه بگذارند و شب و روز نشناسند و مسئولان کشور بهویژه دولت نیز باید به این موضوع توجه جدی داشته باشند.,OTHER
779,اوه اوه! انبیسی عجب آشی پخته برای منافقین ملعون: اولین تصاویر از پایگاه نظامی جدید آنها در آلبانی/افشاگری شکنجه و کشتار اعضا توسط عناصر جدا شده/ پول آنها از کشورهای عربی خلیج فارس میآید. به بولتون و جولیانی و رفقای نزدیک ترامپ هم رشوه دادهاند. …,SURPRISE
780,اعصابم چقدر خورده، از دیروز تا الان درست نخوابیدم و الان خوابم نمیبره. اه,ANGRY
781,جنگ بین #برانکو و #کیروش باعث شده که جفتشون تمام تلاششون و بکنن واسه موفقیت، و نکته مثبت اینه که برنده واقعی ماییم و فوتبالمون...,HAPPY
782,دیوانه و دلبسته ي اقبال خودت باش سرگرم خودت عاشق احوال خودت باش یک لحظه نخور حسرت آن را که نداری راضی به همین چند قلم مال خودت باش دنبال کسی باش که دنبال تو باشد اینگونه اگر نیست به دنبال خودت باش پرواز قشنگ است ولی بی غم و منت منت نکش از غیر و پر و بال خودت باش #اقبال_لاهور,OTHER
783,تو هر خونه ای میریم یه مدرسه باید نزدیکمون باشه که هر زنگ تفریح با صدای بلند آهنگ بذارن. این چه مسخره بازی ایه جدیدا رواج پیدا کرده و باهاش ملت رو آزار میدن؟؟,ANGRY
784,از چیزای دیگهای هم که ازش خیلی متنفرم اینه که بعد کلی اصرار بیخود و آزاردهنده برمیگردن با یه لحن طلبکار میگن «بیا و خوبی کن» یا «خود دانی» :| بله، خودم میدانم، خوبیتم فرو کن درونت. نمیخوام دیگه :| …,HATE
785,روحشان شاد و یادشان گرامی باد,SAD
786,زنی شجاع بنام #شاپرک_شجری_زاده در جنگی نابرابر... #FreeShaparak,SAD
787,ده نفر برای من پیام تبریک عید یک شکل فرستادن تنها فرقش اینه که آخرش اسم خودشو نوشته یکیشون خلاقیت به خرج داده بود تاریخم زده بود,OTHER
788,اینکه دلم برای کسایی که ازشون بدم میاد تنگ میشه حتی با ی اسم از باگای شخصیتمه,HATE
789,بیچاره رامبد شاخ دراورد ?????,SURPRISE
790,""" """" ناراحت ميشم بخاطر اينكه ازم هيچ خواسته اي نداره چون ميبينه حرفي نميزنه ستايشش ميكنم اما بازم كمه چون ميدونم ازدواج كرده كه خوشبخت بشه شاد باشه بيرون بره اما افسوسانگار همین دو،سه سال پیش بود که نوار کاست آلبوم انتظار امید رو خریدیم و رفتیم کرمان الان دیدم آلبوم واسه ۱۳۸۵ عه! واقعا عجیبه این گذر عمر""",SURPRISE
791,میخوام بعد این همه سال کار و فعالیت یه امیدی هم به براندازا و اصلاحطلبها بدم... این جبهه موسوم به انقلاب، فاقد هرگونه #مرجعیت فکری و عملی در همه حوزههاست. هم دچار تشتته و هم در پیدا کردن راه برونرفت از این تشتت، دچار تشتته! خلاصه سخت نگیرید به خودتون...,OTHER
792,بنده توی شگفت انگیز خریدم و موقعی ک بدستم رسید ۵۰ درصد شارژ داشت منم زدم تو شارژ که کامل شارژ بشه که تست کنم بعد از ۲۴ ساعت شد۷۵ درصد خیلی دیر شارژ میشه و خیلی خیلی کند شارژ میکنه بنظر من اصلا مناسب نیست و بنده هم مرجوع میکنم,SAD
793,قطر عجب بازی کرده,SURPRISE
794, میخوای لینکشم بهت بدم یا زحمت فهمیدنشو میکشی؟,ANGRY
795, نه تنهایی چرا.وقتی امثال شماروداره دیگه غم نداره. اصلا دشمن باهاتون بشکن میزنه????,HAPPY
796,۲ چیز در ایران نسبت به میانگین جهانی (هنوز) قیمت خیلی پایینتری داره ولی مردم برای خریدش طوری پول میدن انگار بهشون تجاوز شده! یکی خدمات درمانی و دیگری کتاب، طرف یه رستوران تباه میره ۱۰۰ تومن میده خیلی هم خوشحاله! حالا به همین آدم بگو قیمت فلان کتاب ۲۰ تومنه! خون میریزه!,SAD
797,خدایا شکرت عجب خاطره قشنگی شدن این دو روز,HAPPY
798,هیچکدومتون هم اینکاره نیستین ازتون کمک بخوام بدبختی!,SAD
799,و تو چه میدانی که لذت پس از آخرین امتحان چیست؟,HAPPY
800,یه دختر عمو دارم که از من ۸ سال کوچیکتره و به طرز عجیبی صداش مثل صدای منه، به این صورت که وقتی باهاش صحبت میکنم اعصابم خورد میشه،انگار صدام برمیگرده سمت خودم یا اینکه وقتی به یکی دیگه وویس میده و من میشنوم ۲ ساعت به این فکر میکنم که من کِی این وویس رو واسه طرف فرستادم :)))),ANGRY
801,"""سەرهەڵدانی و شۆڕش لە کاتی سەرکوت و هێرشی قورس و گران ئەکرێت و """"ترس"""" پێش بەم سەرهەڵدانە ناگرێت، مێژووی سەرهەڵدانەکان بخوێننەوە. #دیگر_بس_است سکوت""",OTHER
802,#اقتدار_سپاه همان است که وقتی نامش را هم می آوری مستکبرین ترس به جانشان می افتد و مستضفین امید را حس میکنند...,FEAR
803,موفقیت با خودش دشمن میاره. میتونی موفق باشی و دشمن داشته باشی یا میتونی شکست بخوری و دوستانی داشته باشی.,OTHER
804,لعنت بر انگشتی که بی موقع توییت کند,ANGRY
805,و واقعا تصورش رو هم نمیکردم مرگ استاد دانشگام انقدر اذیتم کنه. آخ لعنت به این سرطان و هر درد و مرض دیگه ای!,SAD
806,یه کنسرت جدید از لینکین پارک دیدم که همه اعضا بودن ولی صدای #چستر توش پلی بک بود . همه افرادی هم که اومده بودن شاد و خندون بودن من برم کنسرت لینکین پارک به جای دیدن خودش صدای ضبط شده چستر رو بشنوم زار زار گریه میکنم بابا,SAD
807,انتقاد شدید از بازداشت «مائده هژبری» رقصنده جوان توسط پلیس در فضای مجازی #مائده_هژبری متولد ۱۳۸۰ در تهران از چند سال پیش که او دختری نوجوان بود، ریمیکس رقص او با آهنگ های خوانندگان مشهور همچون «بیانسه» در اینستاگرام مورد استقبال کاربران قرار گرفت,OTHER
808,"""بنظرم امتحان کردنش می ارزه""""""",HAPPY
809,یه دفه هم یه مجازات خوب و انسانی و اروم انجام شده تو ایران یه بند شر ور بگید. چرا؟ چون از حمید هیراد بدتون میاد... بسه دیگه یا ببندید دهنتونو یا همین حکومت وحشی لیاقتتونه. خسته شدیم بخدا از بالا تا پایین فقط زر میزنن تو این مملکت …,ANGRY
810,روحش شاد و یادش گرامیباد ???قریشی گیوی آموزگار بازنشسته مدارس محروم روستایی,SAD
811,میدانی گرفتاری من چیست؟ دور وبرم را آدم های احمق گرفته اند! آدم های باهوش درنوعی تبعید محض متولد میشوند بشریت به میزان شگفت انگیزی آدم احمق تولیدمیکند «جشن خداحافظی» میلان کوندرا,OTHER
812,اخی خدا صبر بده ب این مادر و روح شهیدش شاد,SAD
813,تو مترو زدم رو دوش یکی بهش تذکر دادم ک اول واسا پیاده شن بعد سوار شو .... چنان جوی حاکم شد ک چن نفر تشویقم ک افرین خوب زدیش ... خلاصه فقط تو مترو کتک نزده بودم,OTHER
814,برای من قیافههای اینجا، سر و صدایش، عقاید و افکار و هنر و افتخاراتش وحشت دائمی است. کابوس است. هدایت,FEAR
815,چرا توضیح نمیدید که برای ایفن هست .نزدیک بود اشتباها سفارش بدم,ANGRY
816,واقعا مشکل روحی روانی دارین برین دکتر ی مشت خشم فروخورده و خاموش از کودکی نگه داشتین ک چی بشه نچ نچ,ANGRY
817,همیشه وقتی حرف ازدرون گرا و برونگرایی میشه به این فکر میکنم که من کدومشم وباز هم به هیچ نتیجه ایی نمیرسم، ولی حالا دلم می خواد ازدرونم بگم از دردها و شادی هام بگم هرچند که میدونم فعلا مخاطب ندارم ولی میگم، اول از همه از هر چی که الان تو ذهنمه میگم وای وای از سریال پایتخت متنفرم,HATE
818,من یکی از فامیلاتم هر کی بهت تو هین میکنه گوه میشه تو اعصابم,ANGRY
819,لذا از بزرگواران این رسانه خواهشمندیم صدای مردم این روستا را به مسئولان استانی برسانند و بتوانند مشکل مردم این روستا راحل نمایند. به امید حل مشکل با تشکر اهالی روستای عبدلیه شهرستان رامشیر استان خوزستان,OTHER
820,خیلیا هستن که دارن در جهت عادی سازی شیو نکردن زنا تلاش میکنن که عالی خب دمشون هم گرم اصلا. ولی اعصابم خورد میشه که تعریفشون از HAIRY اینه :))))))))))) بدتر لجم میگیره ازشون.,ANGRY
821,سلام. خواهش میکنم آگه کسی در توانشه بهم کمک کنه... من نمیتونم علت نیارمندیمو اینجا بنویسم. چون فقر فقرِ. خدا لعنت کنه این نظامو که فقط باعث بدبختی شده. بخدا تنها راه نجاتم دست به دامان شدن تو مجازی. التماس میکنم آگه کسی میتونه بیاد دایرکت تا شماره کارت بدم. ترو امام حسین اگه میتونید از پیامم نگذرید,SAD
822,برای کارگری که بهش حقوق نمیدن و اگر هم اعتراض کنه میگن برو خوش اومدی هزار تا مثل تو صفه #IraniansWantRegimeChange,SAD
823,درباره قوی سیاه چند ماه پیش نوشتم. خوندنش رو به رفقای استارت آپی وبه هرکسی که تو زمین عدم قطعیت دنبال موفقیت میگرده توصیه میکنم. …,OTHER
824,دلیل احتمالی اول ماجرای مقاله ای است که در روزنامه نیویورک تایمز منتشر شد و یکی از مقامات عالی دولت ترامپ در کاخ سفید به صورت ناشناس در این مقاله نوشته بود که گروه مقاومت در کاخ سفید علیه ترامپ شکل گرفته . ترامپ هیچ وقت موفق نشد بفهمه چه کسی این مقاله رو نوشته و شاید هیلی باشه.,OTHER
825,توی شگفت انگیز می ارزه بخریش؛خوش بو و همه پسند ؛ پخش بوش کمه اما ماندگاریش خوبه.اگه به نظرتون قیمتش مناسب اومده بخرید چون خوشبو هستش.,HAPPY
826,مثل همیشه تو موقعیتی قرار گرفتم که فقط از خودم میتونم متنفر بشم و زورم به بقیه نمیرسه,HATE
827,بالاخره اشکم دراومد! گوشی رو پرت کردم و تند تند نوشتم! گاهی از ضعف های خودم متنفر میشم و گاهی میفهممشون,HATE
828,گریه بقیه شمارو ارضا میکنه؟ ازنظر من انسان قرن 21 برای مسائل اجتماعی نیازبه گریه نداره نیازبه اگاهی و تفکر داره تا جلو خسارات بعدیو بگیره احساساتی نظیر غم و خشم چیزی نیس که ادم بخواد برای طولانی مدت همراه خودش داشته باشه و بارفتن اون احساس شما دیگه خودتو مسئولو درگیر نمیبینی,OTHER
829,یعنی از این حجم پفیوز هایی که هنوز میگن پشیمان نیستم از خشم میسوزم و میپیچم به خودم.... یک مشت بی شرف انگل گه اشغال که لیاقت نفس کشیدن رو ندارن ماله کش های حروم زاده #خرمشهر,ANGRY
830,برانکو سمینار گذاشته درباره موفقیت؟ اونوقت یه عده هم بین 250 هزار تا دو میلیون تومان پول بلیت دادند که برن برانکو براشون درباره موفقیت منبر بره؟ عجب بازار عجیبیه این «موفقیت فروشی». جای تاسف داره برای باشگاه پرسپولیس که اجازه داده مربی تحت قراردادش چنین کار چیپی بکنه.,SURPRISE
831,چون اعصابم از حرفهای ترامپ و هراس مردم خرد شده بود، برای خودم چلوکباب سفارش دادم و خوردم. پونزده تومن از تو ستارخان. تا چلوکباب هست ایران هم هست,ANGRY
832,انگشتر خوشگلیه ، چند روزه دستمه ولی در رابطه با اینکه ثبات رنگش چجوریه هنوز نمیتونم نظر بدم,OTHER
833,مادرم بعد تو هی حال مرا میپرسد مادرم تاب ندارد غم فرزندش را عشق با اینکه مرا تجزیه کرده است به تو به تو اصرار نکرده است فرآیندش را قلب ِ من موقع اهدا به تو ایراد نداشت مشکل از توست اگر پس زده پیوندش را حفظ کن این غزلم را که به زودی شاید بفرستند رفیقان به تو این بندش را :,SAD
834,از کل زندگیم تا حداقل سه سال دیگهم متنفرم، کم و زیاد میشه ولی این اصل تغییری نمیکنه.,HATE
835,رفتار این استاده از صب گند زده به اعصابم. آخه یه نفر چقدر میتونه عقدهای باشه که سر لجبازی با یکی دیگه دانشجو بدبخت اذیت کنه,ANGRY
836,تو فوتبالیستها هر وقت سوباسا یه بازی گند میزد، یهو واکی بایاشی از آلمان با اولین پرواز خودشو میرسوند کنار زمین یکم داد سر سوباسا میزد و برمیگشت آلمان. منم کیف میکردم. یهو یادم افتاد اعصابم بهم ریخت. #سوباسا #واکی_بایاشی #فوتبالیستها,ANGRY
837,دوست عزیز، انتقاد و امر به معروف و نهی از منکر روش داره، شما حق نداری به یه خانم نامحرم هر تهمتی دلت بخواد بزنی، اونم وقتی که ایشون گفتن منظوری نداشتن، من رفتار ایشون رو تایید نمیکنم، ولی ادبیات و نحوه انتقاد شما هم اشتباهه …,OTHER
838,امروز مثلا روز فارغ التحصیلی ما بود از خنده های تصنعی عده ای از بچه ها اعصابم خورد شده بود جدی دارم فکرمیکنم کاش جشن رو نرم یه عده رو نبینم دیگه ادعاشونمیشه با هممشکل دارن ولی امروز همدیگه رو بغل میکردن با هم عکس میگیرن ولی پشت سر همدیگه حرف میزنن. یه خورده ثبات لطفا,ANGRY
839,عجب گليييييي,SURPRISE
840,انقدر خندیدم که اصلا غم شب رو شست برد! ای تف بر پدرت:)) …,HAPPY
841,بدم میاد میگن ما اینجا موندیم که خدمت کنیم یا فلان کنیم یا ... دوست من شما اینجایی چون جای بهتری نداری اونجا که خیلی خوبه شما سرت پایینه نهایتا یه کارمند خوبی کسی تحویلت نمیگیره اینجا که باشی کارآفرین نمونه ای کلی هم تحویلت میگیرن بهتر هم پول میسازی,HATE
842, تحریم بخاطر گوه خوری اون چلاقه نه این ....اگر اون چلاق برای کلزنیا شاخ و شونه نکشه کسی کاریش نداره,ANGRY
843,از عجایب ادبیات معاصر ما همین بس که شعری که پنجاه سال قبل در انتقاد از سران حکومت و وضع جامعه سروده شده است را الان هم از گفتنش ترس داریم که به کسی بر نخورد!,SURPRISE
844,#از_فروشگاه_کوروش_نخرید #تحریم_داخلی #کارگران_ایرانارشیست_خوزستان #پان_مزدوریسم #حزب_ایرانارشیست #چالش_عملگرایی این نشانه خشم و انزجار,ANGRY
845,ﻓﺮﺩﯼ با ﻧﺎﺑﯿﻨﺎیی هم سفر شد، ﺳﺒﺪﯼ ﮔﯿﻼﺱ خریدند، قرار شد هربار دانهای بیشتر برندارند. - ﺗﻮ چرا ﺳﻪ ﺗﺎ ﺳﻪ ﺗﺎ ﻣﯽﺧﻮﺭﯼ؟ + ﺗﻮ ﻧﺎﺑﯿﻨﺎﯾﯽ، ﭼﮕﻮﻧﻪ ﻓﻬﻤﯿﺪﯼ؟ - وقتی من ﺩﻭتا ﺩﻭتا ﺧﻮﺭﺩﻡ ﻭ تو ﺍﻋﺘﺮﺍض نکردی... #شفافیت_تخصیص_ارز,OTHER
846,من توی شگفت انگیز خریدم . برای کار های سبک و خونگی لازم داشتم . چون لوازمش کامل بود این مورد رو خریدم . امیدوارم کیفیتت عالی باشه,OTHER
847,درغذارسانى صبح با دوست توييترى نازنينم با پيرمردى مواجه شديم كه با قامتى خميده و دستانى لرزان خم و راست ميشدواز توى كيسش غذا در مياورد،ميدادبه حيوانات پارك.اين دست انسانها الهام بخشند ، با ديدنش ياد پير مرد #حيوان_آزارى_افسريه افتادم ،دلم براى اون اتفاق وحشتناك گرفت...,SAD
848,"""حرف نداره""""""",HAPPY
849,متاسفانه بامیلو به دلیل عدم موجودی کالا در بسیاری از مواقع موفق به ارسال نمیشه و وجه رو بازگشت میده،همین باعث شده که من خریدم رو از این سایت کاهش بدم،البته پس از مدتها دوباره اقدام به خرید این محصول کردم،ببینم اینبار ارسال میشه یا مثل دفعات گذشته وجه برگشت داده میشه!!!؟,SAD
850,واقعن حالم بده از حجم زماني كه تلف مي كنم، از اينكه برا چندرغاز ميرم دانشگا درس ميدم يا كنكور مي گم، آخرشم هيچي با درآمدش هيچ كدوم از روياهام رو نميتونم برآورده كنم بايد مسيرم رو تغيير بدم اما چقد برا ما كه از بچگي فقط درس خونديم سخته ولي بايد بتونم دوستان …,SAD
851,آقا بزارید شگفت انگیز حداقل دو نفر بتونن بخرنش,OTHER
852,فقط من می تونم کشک بادمجون بخورم با بربری روشم نسکافه با عسل بدم پایین.,OTHER
853,نماینده #مجلس «منتقد» نیست #رئیس_جمهور «منتقد» نیست معاون رئیس جمهور «منتقد» نیست وزیر «منتقد» نیست اینها همه مسئول شنیدن انتقاد #مردم و نهایتاً بطور زنجیروار مسئول «اجرا» هستند. مردم شمارا بعنوان منتقد انتخاب نکردهاند. بلکه شما را عامل و مجری میبینند.,OTHER
854,مث سگ چسناله میکنید؛ من حتی حال ندارم ناراحت شم,ANGRY
855, مشکل و بدبختی ایران همینجاست که تموم فسادا از زیر عمامه امثال تو میاد بیرون و برای فریب مردم گیر دادین به دو تار موی زنان...ریش شما ریشه مردم و سوزونده...خدا خر و شناخته که بهش شاخ نداده...این عوعو سگان شما هم نیز بگذرد...#انسانم_آرزوست,ANGRY
856,مسئولان دانشگاه آزاد باید پاسخگوی خانوادههای دانشجویان کشته شده و مردم ایران باشند. این مصیبت را به خانواده های درگذشتگان تسلیت می گویم.,SAD
857,اعصابم خرابه حالمم گرفته,ANGRY
858,"""چون خودم هم به نظر دیگران توجه کردم و خریدم""""""",HAPPY
859,اینکه سریع جوابتونو میدم از بیکاریم نیست. از روی علاقه هم نیست. از پیام نخونده بدم میاد :))),HATE
860,""" """"ایران دیگه کشوره امنی نیسبه #علیرضارجایی ، توی زندان داروهای ألوده بهش میدادن که همش خون دماغ میشده وخون اش هم بند نمیومده یا قرصهایی ( اجباراً) میخورده که همش خواب الوده وگیج میشده…پس اینطوری که قرص به زور به زندانی میدن ،یوهو زندانی میخوره و یوهو #خودکشی میکنه… عجب! لعن ونفرین بر ظالمان و سفاکان...""",ANGRY
861, برای خود بدبختت متاسف باش برای که یه تیکه استخون سگ حکومت شدی و وطنت رو به این رژیم فروختی #بیشرف,ANGRY
862,عجب دارم درون #عاشقان را که پیراهن نمیسوزد حرارت! #سعدی,SURPRISE
863,وقتی میگیم کشتزار دقیقا داریم از چی حرف میزنیم اینا از عرزشی ها وحشی ترن عقده ای ،ناراحت، طلبکار، وقیح,ANGRY
864,معنی پشیمان بودن رو نمی فهمم. هیچ گاه از رای خود پشیمان نبودم. از رای به احمدی نژاد گرفته تا روحانی. رای دادم که انتقاد کنم و انتظار داشته باشم. طبیعیه که با گذشت زمان به حجم تجربه و سطح علمی انسان افزوده میشه. #پشیمان_نیستم,OTHER
865,۸.با ترس روبرو شویم و باز سازی کنیم حتی در آستانه ورشکستگی مالی، موقعیتی ست که نمیتواند من را بکشد زیرا نمی ترسم که سخت کار کنم. ما گزینه های نامحدودی داریم اگر با ترس روبرو شویم. با یک ذهنیت مثبت، ما همیشه می توانیم بازسازی داشته باشیم.,FEAR
866,جنگجویی خسته ام بعد از نبردی نابرابر پیش رویش پشته ای از کشته همسنگرانش #منزوی,SAD
867,چقدر شاخ مجازی داریم که هر کدام یک #نسیم_اقدم بالقوه میتوانند باشند؟ شهروندان حبابی از توهم شهرت، محبوبیت و تاثیرگذاری، و لبریز از خشم و خشونت فروخورده و محصول سرکوب آزادیهای اجتماعی و سقوط ارزشهای اخلاقی...,SAD
868,"ملت بی دفاعی که نباید تو صحنه باشن در صورت مشاهده حمله این چنینی یا هر چیز دیگه باید فرار کنن, ابراز تاسف دارم واقعا برا این ملت نکنه میخواستن سلفی بگیرن مثل خیلی از اتفاقاتی دیگه که بخصوص تو تهران افتاد, حتما باید گرفتار بشن تا درس بگیرن.",SAD
869,یه کلیشهای هم هست که نخوابیدن رو به معنی تلاش و پشتکار و موفقیت میدونه. یارو با افتخار میگه من همیشه سه صبح میخوابم، پنج هم بیدار میشم. بخواب بابا هموطن. بخواب بذار کوروش هم بخوابه.,OTHER
870,""" """"به نظر من خوبه و برای استفاده معمولی خوبه ولی بصورت حرفه مناسب نیستزن ایرانی روزی ۴۰۰ دفعه قربونصدقه باباش نره روزش شب نمیشه؛ ولی انتقام بلاهایی که همون بابا سر ننهش آورده رو از اون مرد بدبختی میگیره که به امید یه زندگی آروم و بی تنش بهش دل بسته. اسمشم گذاشته فمینیسم نوین! #همچنان_زنان_را_بشنوید""",SAD
871,فوری اعضای فراکسیون امید جلسه فوری تشکیل دادند تا پیگیر #اعتصاب_غذا #کروبی باشند رایزنی های نمایندگان با مسئولان عالی رتبه ادامه دارد,OTHER
872,هرچند انتقاد به کوتاهی دولت در موارد ذکر شده کاملا وارده ولی رئیس جمهور الان هم سرکارشون هستند.جناب اسفندیاری مثل بابای منه که فقط بیل زدن رو کار قبول داره و اگه ببینه پای کامپیوتر نشستی میگه چرا بیکاری؟ …,OTHER
873,""" """"دستم رسید و تست کردملطفا قضیه اسم عکس محصول مشخص کنید تا ببینم همونه که سفارش بدم""""""",OTHER
874, حتی اگر یک دهم قیمت هم باشه باز هم عملا استفاده نمی کنیدما چندتا مقام عالی رتبه در نظام داریم که دفتر یکیشان این امامزاده رو منع کرده؟! ((؛ …,OTHER
875,امروز از بچهها پرسیدم از فکر کردن به چه موضوعی شاد میشن؟ یکی گفت از فکر اینکه زن داییم فوت کرده اما جای بهتریه... بعدشم زد زیر گریه این حجم از ابراز احساسات رو بین پسرا ندیده بودم و خوشحال شدم که درگیر #کلیشههای_جنسیتی نیستن #مدرسه,HAPPY
876,در مصاحبه فارس مواردی گفته شده از جمله اینکه : علیرغم ضرباتی که عراق متحمل شده بود، پس از عقبنشینی از خاک ایران، همچنان مناطقی از مرز را که وسعت آن به 2500 کیلومتر مربع میرسید تا آستانه تجاوز به کویت، در اختیار داشت.,OTHER
877,طبق آماری که یک مقام دولتی چندی پیش داد، ۹۰٪ کودکان کار کشور حداقل یکبار مورد تجاوز قرار گرفتند... آماری از کشته شدن کودکان در محیط کار منتشر نمیشه، اما از گودال محمودآباد شهرری تا حاشیه شهرها ومحلات زاغهنشینی میشه ردپایی از کودکان کشته شده در محیط کار رو پیدا کرد...,SAD
878,۱۰ سال پیش در چنین روز خسروی سینمای ایران از دستمون رفت: اعتراض دارم به رنگ سرخ که سوزاننده است، اعتراض دارم به آبی که سرده به زرد که رنگ جداییه به هررنگی که رنگ روح زندگی توش نیست، رنگ روح زندگی سبزه! #خسرو_شکیبایی,SAD
879,مقایسه نکن... نه خودت را، نه همسرت را، نه فرزندانت را، نه منزلت را، نه درآمدت را، نه موفقیت هایت را، نه خوشی و غم هایت را...,OTHER
880,"""مامانم معلم دوم ابتدایی مدرسه روستامون نودهک هست. مدرسه مختلط هست و دختر و پسر یکجا با هم هستند. میگه هی فرت و فرت نامه عاشقانه از پسرها برای دخترها با این مطلع """"که من تو را دوست دارم"""" میگیریم. چند بار هم تنبیه کردن فایده نداره انگار. بازم می فرستن :)) عجب وضعیه :)))""",SURPRISE
881,کاش راننده های کامیون به این هیچ هایکر ها تجاوز کنن,ANGRY
882,كالاهاي bluelance خيلي زيبا هستند اما خداييش قيمتي كه اينجا براشون آورده شده به طرز شگفت آوري چندين برابر قيمت كالا در خارج از كشوره، و اصلا منطقي نيسن چنين هزينه اي براي كالايي كه چرم مصنوعي هم هست پرداخت بشه,OTHER
883,روح سرگردان غرب طهران ، همچنان به پرسه هایش ادامه می دهد .,OTHER
884,رستاک میخواند : فقط یه سوال به فرض محال اگه یه روزی بفهمی چقد زندگیم تاریکه ، میری؟ :)))))) فک کنم ترسناک ترین سوال باشه برای پرسیدن :) مخصوصا وقتی یکی باشی شبیه من ، پر از ترس از دست دادن آدما :),FEAR
885,من دور مچم ۲۰ و کاملا اندازم هستش و اینکه اصلا باعث خارش نمیشه خیلی بافت چرمش خوبه و نرمه فقط نسبت به قیمتش یکم نمی ارزه چون گرونه ولی اگر تخفیف بخوره یا در پیشنهاد شگفت انگیز خریداری کنید واقعا سود کردید,OTHER
886,من از رو تعریف دوستان خریدم و به نظرم اونقدر که نوشته شده بود هم خوشبو نبود البته در شگفت انگیز میارزه,OTHER
887,فقط من وقتی دو ساعت طول بکشه تا به اصطلاح #فستفود برسه، اعصابم خورد میشه یا چی ؟ خوب آدم خودش آشپزی میکنه دیگه ... #اسنپفود #پاستاچنگال,ANGRY
888,ممانعت از اعزام #احمدرضا_جلالی به بیمارستان! مسئولان #زندان #اوین از اعزام احمدرضا جلالی پزشک و پژوهشگر محکوم به #اعدام به مراکز درمانی خارج از زندان ممانعت میکنند انجام ۳ بار آزمایش خون طی چند هفته اخیر احتمال اینکه وی به #سرطان خون مبتلا شده باشد را تقویت کرده است,SAD
889,کمبود ی دوس پسر که صب تا شب رو مخش راه برم و بهش گیر بدم تو زندگیم احساس میشه:(,SAD
890,اون موقع که بود و همش با دخترا لاس میزد و ریتوییتشون میکرد اعصابم خورد میشد، الان که نیست بیشتر اعصابم خورد میشه,ANGRY
891,آدم وقتی قشنگی خنده ها یکی رو دیده باشه، دیگه همه خنده ها رو با اون مقایسه میکنه ، ته دلش هم میدونه که دیگه هیچوقت اون خنده هارو نمیبینه,SAD
892,تو دلم قند آب میشه وقتی تصور میکنم که امشب قراره تو خیابون شادی کنن و برقصن,HAPPY
893,"""و این که قیمت قبل تخفیفش خنده داره و همین قیمت 19900 باید قیمت اصلی باشه""""""",OTHER
894,  خشم با دفاع از خود فرق داره,OTHER
895,من هر سال بیشتر از پارسال نمی فهمم که دانشجوها چیه روز دانشجو رو دارن به خودشون تبریک می گن؟ دانشگاه ما توی این چند ساله از دید من حداقل .... هر سال ساکت تر، بی رمق تر، بی دغدغه تر....,SAD
896,دلم میسوزه چطور با شعور اینا و باقی بچه ها دارن بازی میکنن?? بیچاره ها باورشون شده? یادم به بچگیهای خودمون افتاد که چقدر توی مدرسه  شعور ما به بازی گرفته بود باور کرده بودیم و میترسیدیم، ???? بهترین خانم دنیا???? عجب,SURPRISE
897,یه دلارام نامی توی دانشگاه هست خیلی دوست دارم یه بار بهش بگم: هر که دلارام دید از دلش آرام رفت. ولی میترسم به شوهرش بگه و ازم ناراحت بشن!,FEAR
898,به نظرم اسم درست پنی سیلین باید پینس ایلین باشه دیشب یه دونه زدم ،هنوز نمیتونم درست راه برم خو چته وحشی انگار من گفتم بیا برو تو کونم خو دکتر گفته میفهمییییی,ANGRY
899,#سیدمحمدخاتمی موفقیت دوباره #اصغر_فرهادی را در #اسکار شادباش گفت و آن را نشانه عزت، سربلندی، صلحخواهی و انسانمداری ایران و ایرانی دانست,HAPPY
900,هر اندیشه ای که حق پرسشگری و انتقاد را به مخالف خود ندهد از اساس مشکل دارد.,OTHER
901,اقدام انقلابی مسئولان نظام جهت حجامت تنها راه گذر از این بحران میباشد #ایران …,OTHER
902,برای کسی که باور میکند هیچ توضیحی لازم نیست، کسی هم که باور نمیکند هیچ توضیحی برایش کافی نیست _دانینگر شگفت انگیز,OTHER
903,امروز تولد دوستم نگينه كه به خاطر تدريس در دانشگاه بهاييان ماههاست در زندانه. اینستاگرام من امروز پر بود از تبریکهای دوستان مشترکمون کنار عکسهای شاد گروهی با نگین؛ از همه موثرتر اما نامهی خود اوست به برادرزادهش که وقتی سه ماهه بود عمهاش زندانی شد.,OTHER
904,آیا میدونید باتوم اونقدر که ترس داره، درد نداره؟ #اعتصاب_کامیونداران #اعتراضات_سراسری,FEAR
905,از ادم های نژاد پرست بی سواد متنفرم #اعتراف,HATE
906,#NAME?,SAD
907,میدونستید که با انتشار محتوای ناراحت کننده، به حال خوب دیگران تجاوز میکنید؟!,SAD
908,امروز رو اون مود رو اعصابم که هی تو کتابخونه میکوبم رو میز میگم هیسسسسسس حقم یکی بیاد بهم بگه مرض,ANGRY
909,این گریندلوالد به این مهمی رو چرا اینقد بد ساخته بودن:)))))))) از دیشب اعصابم خرده,ANGRY
910,ما خشم فرو خورده هر طوفانیم آماده دفع خار از این میدانیم تنها به اشارتی ز #رهبر کافیست تا ریشه هرچه #فتنه را خشکانیم,ANGRY
911,وای اینا چقدر وحشتناک هستن ??? خدا بدور.  جن زده شدن ؟؟ ????,FEAR
912,انصافا تا چشم و دلتون از جنس مخالف سیر نشده ازدواج نکنید! اون بدبختی که میاد تو زندگیتون گناهی نکرده -_-,SAD
913,توکلی در میان مالباختگان #کاسپین: اعتراض شما بجاست و آنرا تا برقراری عدالت و محاکمه آقای سیف پیگیری میکنیم,OTHER
914,دقیقا همین امشب که حس میکردم عصبی ترین و ناراحت ترین آدم رو زمینم با دو سه تا دیوونه زیر بارون شدید پیاده رفتیم بیرون و کلی خنده و خاطره ساختیم,HAPPY
915,دوستت دارم و این تنها رنجیست که از زهر مار هم شیرین تر است,HAPPY
916,من تارتاریخ یازده ازر۲۰۰تاکدشانس دارم وتراکگشم خیلی بالاست روزانه بایدخیلی تراکنش انجام بدم قول دادم ایاشانس دارم برنده شوم قبلا باهفت هشتادبودم عرض سه ماه ۷۵۰۰۰کدشانس جمع کردم متاسفانه چون عدالت نبود امدم به سمت ۷۲۴خواهشاهوای من نه کسانیکه ترکنش بالا دارنداستسناه بدانی برایشان,SAD
917,بگذار ربات خطابت کنند. آن واقعی ها خاورمیانه را ویران کردند، ایران را نابود کردند اما ما ربات ها احساس داریم و حقوق بشر میخواهیم. ما خاورمیانه ای امن و ایرانی بدونِ جمهوری اسلامی میخواهیم. ایرانی که ضامن صلح و توسعه پایدار باشد نه پیام آور جنگ و خشونت #WeSupportPolandSummit,OTHER
918,اصلاااااااااااااااااااااا نخرید ، حتی دوش هم بگیرین باهاش به درد نمبخوره ، بوی صابون میده ، من که پولم رو ریختم توی جوب آب ، متأسفانه جای برگشت هم ندارم پس بدم پولم رو بگیرم,ANGRY
919,ميگما كسي نميدونه قيمت كناف چنده؟؟؟چن روزه ذهنم درگيره، اعصابم كيريه,ANGRY
920,از اين به بعد سوال كسشعر تو تايم لاين ببينم بلاك، ديگه اعصابم نميكشه از اين همه كسشعر بودن جماعت توييتري,ANGRY
921,اکثرچاه های #کشاورزی اصفهان خشک وکم آب شده اند.این به معنی نابودشدن دسترنج کشاورزان است.کاش مسئولان استان ودولتمردان باکمک صنایع بزرگ استان مبالغی رابرای این قشر #مظلوم_زحمتکش درنظر میگرفتند، تاکشاورزان برای گذران امرارمعاش خودتاوان این ضررسنگین رانمی دادند.,SAD
922,ریدم تو اون روزایی که ورزش داشتیم و بارون میبارید الان یادم افتاد اعصابم خرد شد.. اصلا میرم بخوابم ساعت دو نیمه,ANGRY
923,از مراسم ها متنفرم...از خواستگاری گرفته تا عروسی و ختم و کوفت و زهرمار...,HATE
924,انقدر اعصابم خورده که فک کنم دوباره از اول باید بشینم friend رو ببینم :)),ANGRY
925,لعنت به کویر . لعنت...,HATE
926,براساس قوانين بين المللي سفارتخانه هر كشوري دركشوري ديگر جزو خاك آن كشور درنظر گرفته ميشود و بالا رفتن از ديوار سفارتخانه هر كشوري براساس قوانين تجاوز به خاك آن كشور در نظر گرفته ميشود. شماودوستان شما اين كار را كرديد چون جزو خوديهابوديد،فاتحه خواني ازهمان جاشروع شد. …,SAD
927,موفقیت های #دونیت درسال95 پیش فروش گجت #فایندیما مبلغ موردنیاز:15میلیون تومان مبلغ جمع آوری شده:19میلیون و288هزارتومان تعدادحامیان:98نفر,OTHER
928,قابل توجه مسئولان نظام، مراجع عالیقدر، نمایندگان مجلس شورای اسلامی و خبرگان، شورای نگهبان، تشخیص مصلحت نظام، سران کشوری و لشکری. #شهید_بهشتی,OTHER
929,من کلا از جلسه بدم میاد،حالا اینا صبح که ما هنوز بیدار نشدیم جلسه میذارن .,HATE
930,از مراسم #خاکسپاری بیزارم. لعنت به هر مشت خاکی که به روی جانِدلی ریخته میشود که کمک کند تا باور کنی زندگی گاهی چه بیرحم و ترسناک است.,HATE
931,"""اگه شما هم مثل منید لایک کنید""""""",OTHER
932,پاییزان، پاییزان، شوق عبور یاران در شهر مهر ورزان، پاییزان رهایی، در جادههای حیرت گشتیم و باز گشتیم آنجا، آفاق آشنایست پاییزان، پاییزان، رویای روشن عشق در فصل برگ ریزان، ... افشين سپهر,OTHER
933,خشونت عریانی که پشت لبخند تصنعی، یقه ی کراوات زده و موهای آراسته اینستاگرامی گاهی به بیرون درز می کند و در معرض دید عموم قرار می گیرد. طبقه ی روشنفکری که متمایزترین وجه اش پرت بودن از مسایل اساسی ایران است. ما که هیچ کاری از دستمان برنمی آید...,OTHER
934,قفلش با کشتی باز میشه، فضاش اصلا به نظر نمیاد انقدر کم باشه، تو شگفت انگیز خریدم ولی باز هم نمی ارزه,SAD
935, هم نرم کننده س هم به خوبی تمیز میکنهپرویز سه جمله است: پرویز فکر نمیکند، پرویز شاد است، پرویز راحتاست!,OTHER
936,به بابام میگم بدم میاد آبمیوه رو بریزم تو لیوان شیشه ای بخورم برگشته میگه بریز تو آفتابه بخور نی ام داره مهر پدری به این میگن نه؟؟,SURPRISE
937,فامیلامون دارن فرت و فرت روز عکاسو به همدیگه تبریک میگن اگه هرکی دوربین داره عکاسه، هرکی هم که مداد داره نویسندس,OTHER
938,"""طرف اسم روزنامه ش """"قانون""""ه بعد جزو بدهکارهای بزرگ بانکی بوده آخر سالی عجب شیر تو شیری شده مملکت …""",SURPRISE
939,چیزایی که باید یاد میگرفت و یاد گرفت یا شایدم بلد بود نیازی بهت نداره چون از ریشه باهات فرق داره، چقد از خودم بدم میاد...,HATE
940, وصلش کنید به کامپیوتر اگه کارت صدا حرفه ای داریدتو باشگاه مشتریان بانک تجارت 900امتیاز دارم ولی لیست جوایز بالانمیاد کالا پیشنهاد بدم چکار کنم,OTHER
941,تو اين وضعيت كه سرقت و زورگیری ماشین زیاد شده قبل از اينكه واسه جبران دير باشه به فكر باش. با دنياي شگفت انگيز و جادويي اسپيرون آشنا شو??‍♂️?,OTHER
942,سلام عزیزان شاد و موفق باشید,HAPPY
943, خودتو زیاد ناراحت نکن منم دو بار شرکت کردم ولی متاسفانه برنده نشدم ادب حکم میکنه که فقط تبریک بگیم,SAD
944,4-5 تا توئیت آبدار در باب #دلار نوشتم اما انقدر بی اعصابم که فعلا همین از سر ریال بی ارزشمان هم زیاد است,ANGRY
945,  حرامزاده ها گورتونو از این مملکت گم کنین دیگه عجب رویی دارین شما اخوند ها همه ازتون متنفرن ولی بازم مثل گوه چسبیدین به مملکت، برید از هون جایی که اومدید,ANGRY
946,""" """"دوستان امیر هستم از خوزستان.Peppermint رو داریم میبینیم با صحنه های خشن کشتن و زخمی شدن و بستن زخم ها و کشته شدن شوهر و بچه طرف اوکی بودم تنها صحنه ای که اصلا تحمل نداشتم و عصبیم میکرد و گفتم نمیخوام ببینم صحنه بی عدالتی و باختن به ناحق شاکی توی دادگاه بود رومو از لپ تاپ برگردوندم""",ANGRY
947,لعنت به بالا تا پایینتون، دو دقیقه اومدیم بتمرگیم هی خبرای مزخرف و شامورتی بازیای شما رو باید ببینیم، ما چه گهی خوردیم تو این مملکت به دنیا اومدیم؟,ANGRY
948,فراکسیون #محيط_زيست مجلس بعد از جلسه با مسئولان اطلاعات سپاه، یک جلسه هم با خانواده بعضی از بازداشتشدگان و کارشناسان این حوزه برگزار کرد که مشخص شد امکان جاسوسی با دوربینها و تجهیزاتی که دراختیار فعالان محیط زیست قرار داره، میسر نیست! #کاووس_سید_امامی,OTHER
949,???? ممنون .  چقدر خوشحال شدم . عجب جایزه ایه . ?????,HAPPY
950,مهم ترین تغییر عربستان از نظر من این جمله پادشاه سعودی ست: از من انتقاد کنید.,OTHER
951, دمت گرم عجب گل گفتی خاک عالم برسراین ملت بیشعور,ANGRY
952,با توجه به اعدام ریحانه جباری و #زهرا_هاشمي اگر مورد تجاوز گرفتی حق دفاع کردن و جنگیدن نداری و با توجه به پرونده هایی مثل طوسی و امثال اون و حرف های #ابطحی حق شکایت و اعتراض هم نداری. تو کشوری که دین و قانونش رو متجاوزا نوشتن،متجاوز ها شاکی هستن و قربانی ها مجرم.,ANGRY
953,اين قضيه خيلى فكرمو مشغول كرد +يعنى انقدر تقلب كردن برامون عادى شده كه ميگيم اوكى تقلب كن اما صدات درنياد +انقدر تقلب برامون پذيرشش راحت شده كه ناراحت ميشيم اگه كسى نسبت به تبعات كارامون معترض شه داريم به كجا ميريم؟ چرا همه كاراى بد داره برامون عادى ميشه؟,SAD
954,امیدوارم مسئولان امنیتی مملکت براساس چیزی شبیه به آنچه امروز درباره بهنود و صفحه روزنامهنگاران در تلویزیون نشان داده شد، کشور را اداره و راهنمایی نکنند و این برنامه تنها برای پروپاگاندا ساخته شده باشد.,SAD
955,"""وصف حال ایرانیها رو آقا #داریوش به کمال توصیف کرد اونجا که گفت: """"بسکه زندگی نکردیم، وحشت از مردن نداریم"""" مابقی گزافه گوییه!""",SAD
956,کار سروش صلواتیان برای شاد کردن بچه های جازموریان واقعا ستودنیه. بقول سروش شایداز نظر منوشما این اتفاق خیلی ساده و پیش پاافتاده باشه اما این نمایش دل کلی بچه رو شاد کرد. جازموریان یکی از محرومترین مناطق درکشور است. #جازموریان_تنها_نیست,HAPPY
957,اصلا ناراحت نیستم خیلی با افتخار نون حلال حلال میبرم تو خونه ام... زبان تدریس میکنم بعضی وقتا اما فقط برای همونهمسایه های خودم تو شهرک کاروان بچه های دوراندبیرستان اما پولی ازشون نمیگیرم چون کهندارن .. حالمو خوب میکنه تونستم براشون کاری کنم برکتش تو زندگیم برمیگرده,HAPPY
958,وسط رویاهام همش به این فکر میکنم بعد از اینکه باشگاه یونتوس رو خریدم اسمش رو از juventus به youventus تغییر بدم,OTHER
959,خوشم میاد بعد از خداحفظی اش همچنان ترس تو وجودتونه که داره با بازیکناش بر میگرده ، اخه خاطره شما بیشتر تو فرار و نیومدن هاست,FEAR
960,برای من لحظه مشخصی برای کشف حقیقت نبوده و هیچ چیز بخصوصی ناگهان الهام بخش من نشده، بلکه فقط مجموعه ای منظم از هزاران مورد بی حرمتی، هزاران مورد خرد شدن شخصیت و هزاران مورد لحظه از یاد رفته مرا به خشم می آورد، شورشی می کرد و این خواسته را در من تقویت می کرد که با سیستمی که مردم,ANGRY
961,"""افکاری که باعث ترستان میشود، در بیان صادقانه و با اعتماد تبدیل به #هیچ میشود. درست مثل ترس از اشیاء در تاریکی که به محض ایجاد نور، هویتشان برملا میشود. کسی را پیدا کنید که بی قضاوت، حرفهایتان را بشنود.غالبا او نیز داستانهایی دارد که به شما میفهماند""""تنها نیستید"""" #احمد_شاملو""",OTHER
962, بدجوری خورد تو ذوقمعجیبه! تو تورنمنتهای ورزشی، معمولا چه در مراسم افتتاحیه و چه اختتامیه از بانوان سفیدپوست استفاده میشه! این جدا قابل تامله! چپایی که دنیای مد و فشنو به لجن کشیدن؛ چطور این یه تپهرو سالم گذاشتن,SURPRISE
963,والا چیزی که کاریکاتور شده این رفتار شما در توجیه هرکار نادرستی در این مملکت و طعنههای مکرر شما به جوانانِ حساس روی بیتالماله.فکر نمیکنم خود مسئولان به اندازه شما تعهد داشته باشند به این مقدار توجیه. کاش درک میکردید همین سفر که همه میدانند برای چی بوده چقدر تاثیر مخربی داشته.,SAD
964,خبر اومده دیوان #لاهه رای داده به ایران. اوه ... احتمالا باعث خشم #بولتون میشه این یعنی رفع محدودیتهای #بشر دوستانه و #هوانوردی علیه ایران امیدوارم علاوه بر هواپیما، دارو وموارد خاص تولید استراتژیک رو هم شامل بشه از اروپا ورفع تحریم بشه... منظورم تحریم چند قلم خاص زندگیه مردمه.,OTHER
965,حقوق چندصدهزاردلاری پژوهشگران درآمریکا وجیب خالی آنها در #ایران /تابناک ۱-مقایسه میزان حقوقی که در ایران و آمریکا برای پژوهشگران هزینه میشود، کافیست تا به وضعیت نامطلوب علم درکشور پی برد و در پی خسارت هایی بود که شاید خیلی زود دیگر فرصتی برای جبران آن نباشد #حمایت_از_پژوهش_دکتری,SAD
966,بچه ها من باز تصمیم ام عوض شد. من از ساری میرم. (محمدرضا و سوگند به شادی و سور میپردازند.),HAPPY
967,خیلی نرم وسبک هست دورچشم نرم ولطیف میشه وچروکها کمتر به چشم میاداما تاثیرش بعد ۶ هفته معلوم میشه که زوده من حالا نظر بدم,HAPPY
968,در بهاران در حریم خانه های روستا خنده های بچه های کوچه #بی_فردا نبود عطر یاس باغ مشتی در فضا پیچیده بود بوی خوب نان گندم در فضا #تنها نبود,HAPPY
969,خیلی وارد نیستم ولی اپلیکیشنی نداریم که فقط صدا بشه گذاشت؟فکرنکنین تو تایپ تنبلم ها نه:) ولی نوشتن حسِ خشم،ترس،عشق رو منتقل نمی کنه,OTHER
970,رفتم کتاب بگیرم چاپ ۲۰۱۳ شده بود ۲۲ تومن! ۸۰ تا هم بیشتر ازش نبود... فروشنده گفت اوضاع بدی شده. دوستم گفت چیکار میشه کرد؟ گفتم فرار گفت نه ببین دخترم، درواقع فقط مرگ چاره ست. (کاملا جدی بود),SAD
971,کجا به خنده میرسیم؟,SAD
972,سردار سیف اللهی معاون دبیر شورای عالی امنیت ملی: در چند سال اخیر وزارت اطلاعات ۵۸ تیم تروریستی داعش را شناسایی و نابود کرده است,OTHER
973,شرح حال ی مشت کسخل اینجاست که میگن با ادب باشین=)))))من بی ادبم مادرتم میگام،انفالو کن چاقالز …,ANGRY
974,کمپین جمع آوری پول زدن برای عمل آب مروارید چشم یه سگ ، بعد من یه سری به دوست و آشنا رو انداختم که یه پولی قرض بدن برم آزمایشایی که دکتر برام نوشته رو بدم همشون گفتن نمیخواد باو تهش هممون رفتنیایم,OTHER
975,دوستان متاسفانه دیگه نمیتونید از سایه ها و رژهای mac که خریدین استوری بگیرید و بعد استوری بعدش عکس یه سگ بذارید و به عدم رعایت حقوق حیوانات اعتراض کنید. چون بعدش ما به عقلتون شک میکنیم:))) …,OTHER
976,صحنه خنده دار یعنی صدای گرفته و خروسی رضا بابک وقتی تو آرایشگاه زیبا تلفن جواب میده :)),HAPPY
977,اگه تو این مملکت، یه روز صبح خیلی خوشحال از خواب بلند شدی و دیدی نه غمی، نه بدهی، نه دردی داری، بدون دیشب تو خواب مردی روحت شاد و یادت گرامی دوست عزیز فامیل دور,SAD
978,در کثافت بودن حکومت انگلیس که شکی نیست ولی این برخوردی که با کیس پناهندگی آسیا بی بی کردن وحشتناک بود.این خانوم مسیحی پاکستانی به خاطر کفر گویی در سال ۲۰۱۰ در لاهور به اعدام محکوم شده بود.مدافعین حقوق بشر با هزاران خواهش تمنا جلوی اعدام رو گرفتن. دولت انگلیس اخیرا کیس,FEAR
979,شما خودتو فدای ما مردم بی معرفت کردید شما پشت میله های زندون و ما تو خونه های گرممون نشستیم و به هم گل وخرس هدیه میدیم عجب آدمهایی سنگدلی شدیم ما?,SAD
980,عیب ماست که قدر لحظهها را نمیدانیم قرار نیست ایدهآل رخ دهد مگر اینکه از همین اندک لحظهها شاد شویم و فرصتی را غنیمت بشماریم اکنون و همین اندک آب را عشق است …,HAPPY
981,#روز_هوای_پاک همه دنبال گسترش مسیر دوچرخه تو شهرهامون هستیم. اما به نظر میرسه هنوز عرصه پیاده رو هم درست فراهم نکردیم. با این #سبک_زندگی که جامعه داره، هوای پاک برای مسئولان فقط شعاره و برای مردم تنها در حد رویا...,SAD
982,بهش پول دادن که ازایران بره تا بگن فرارکردپیش اربابش امریکا ازترس خشم امت حزب الله حالا که نرفت اعترافاتش با ضرب تهدید وشکنجه را دادن دادگاه بیست وسی که زهراچخماقی واسش تفهیم کنه برای شادی دل امام زمان ....ای مرده شورببرنت با اون همه پروتز که واسه پولش دروغ شاخداری رجز میکنی,ANGRY
983,آخرین خبر از فاجعه دانشگاه آزاد #علوم_تحقیقات: با یکی از مسافرین اتوبوس مرگ که یک دختر بود حرف زدم، گفت:«ما آخر اتوبوس نشسته بودیم. ترمز بریده بود. فقط دیدیم سر راننده افتاده پایین انگار خوابه یا از ترس سکته کرده بچهها جیغ کشیدند. سه تا از پسرها رفتن تا ترمز بگیرند ولی.....»,FEAR
984,"""این توییت """"گه تو مغزت"""" بنا به درخواست آیدا احدیاتی صادر گردیده نامبرده در صورت اعتراض می تواتد به دادگاه مراجعه و درخواست کتبی ارایه دهد""",OTHER
985,"""از جمله """"طفلی گناه داره"""" متنفرم""",HATE
986,چیزی که المپیاد بهمون یاد نداد این بود که بتونیم خودمونو زور کنیم که دو سه روز یه درسی رو که ازش متنفر هستیم بخونیم...,HATE
987,نمیفهمم. الان که باید بیخیال باشم و سرم تو لاک خودم باشه، مثل گدازه شدم از شدت خشم و اضطراب.,ANGRY
988,فرق ازدواج کردن با رل زدن چیه وقتی هیچجوره نمیشه با طرفت کات کنی؟! حس یه مرد ۵۰ساله رو دارم که ۲۵ساله ازدواج کرده، ۲تا هم بچه داره! لعنت به تعهد,HATE
989,زندگی متشکل از سه بعداحساسی دوستت دارم، دوستش داری و دوستش دارد است..! #آرناشکیبا,SAD
990,فردا میریم مسافرت کلید رو باید بدم به یکی بیاد به سیستمم آب بده.,OTHER
991,گاهی سرت را بالا بگیر؛ قطعا دنیا جای زیباتری خواهد شد ... ۱. گنبد مسجد شیخ لطف الله اصفهان ۲. سقف باشکوه تالار موسیقی کاخ عالی قاپو اصفهان ۳.مسجد جامع عباسی اصفهان ۴. تیمچه امین الدوله کاشان,HAPPY
992, عجب بانک اطلاعاتی ! پس یعنی اگر من ندونم نماز جمعه تو شهر من کجا برگزار میشه و نماز میت چطوریه این بنده خداها برای بانک اطلاعاتیشون میخواستن شرمنده من نمیدونستم,SURPRISE
993,امیدوارم پورعلی گنجی و دفاع تیم ملی از این اشتباهشون درس بگیرن بازیه خودشونو بکنن جای اعتراض به داور آخه ی جام ملت ها دادیم واسه کسب تجربه شون,SAD
994,اینکه سه نفر بتونن یه نفر باشن عجیب نیست.اینکه یه نفر میتونه سه نفر باشه عجیبه,SURPRISE
995,"از فردا، در #GGJ2019 در سایت  قراره که با تم امسال، برد گیم یا کارت گیم بسازم و البته این 4 تا بازی (Mr jack pocket, star realms, monopoly, uno) رو هم برا تفریح در کنار بچه ها میبرم ما داریم میآییم",HAPPY
996,خداییش مردا یه چند ماه نرن استادیوم. این اعتراض که دیگه ضرر جانی و مالی هم نداره! راحت ترین اعتراضه. اگه ملت این کار رو هم نکنن، دیگه ...,OTHER
997,چیزی که در مورد خودکشی آویچی ترسناکه اینه که آویچی یه جوون با استعداد کمنظیر، شدیدا پولدار، با کلی طرفدار، و خوشقیافه بود جوری که آدم میگه این هیچ غمی نداره ولی انقدر غم داشت که مرگ رو به زندگی ترجیح داد. کتابی درمورد سلامت روان شروع کردم به اسم Notes on a nervous planet,FEAR
998,نمیگم از پزشکی بدم میاد، و حتی نمیگم اصلا به درد این رشته نمیخورم، اما واقعا هرچی فکر میکنم نمیفهمم واقعا چرا این رشته رو انتخاب کردم,SAD
999,من با خوندن فقط توییت بعضی ها (!) اعصابم بهم میریزه، پیشاپیش برای همه افرادی که به مباحثه با اینا (!) میپردازند طلب صبر و تمدد اعصاب دارم,ANGRY
1000,با فقر اجباری به اندازه کافی و بیشتر یک خانواده و بچه های یک خانواده را نابود میکنید با قطع دستش آن ذره های زندگی را هم از آنها گرفتید . لعنت به شما خود شما که واژه ی دزدی را دچار سو تفاهم کردید...,HATE
1001, دیروز به دستم رسیدامام خمینی: «مسئولان ما باید #بدانند که انقلاب ما محدود به ایران نیست. انقلاب مردم ایران نقطه شروع انقلاب بزرگ جهان اسلام به پرچمدارى حضرت حجت است...مسائل اقتصادى و مادى اگر لحظه اى مسئولین را از وظیفه اى که بر عهده دارند منصرف کند،خطرى بزرگ و خیانتى سهمگین را به دنبال دارد»,OTHER
1002,این چپ دست ها چرا باید بهشون تبریک گفت مگه چیکار کردن اخه,SURPRISE
1003,اون دو نفری که منتظر بودم تولدمو تبریک بگن نگفتن... :-),SAD
1004,شب قضیه اش فرق می کند، شب ها زیر سقف خانه های شهر نه اثری از تظاهر می ماند و نه ردی از خنده های دروغین، شب ها آدم ها می مانند و تلخی حقیقت، آدم ها می مانند و تنهایی و اشک و تاریکی و سکوت، و یک دلتنگی بی انتها... برای همه ی آنهایی که باید باشند، اما نیستند! ...شبتون بخیر,SAD
1005,امروز در مراسم فاتحه پدر یکی از دوستان در مسجد به فکر این بودم اگر انتحاری شود کدام سو فرار کنم همین که دنبال راه گریز بودم یک دفعه قاری سرفه بلند کرد بلندگو هم بالای سر ما بود و منم خشکم زد فکر کردم انتحاری شد میدانم اگه انتحاری هم شود هیچ حرکت نمیتوانم و خشکم میزنه,OTHER
1006,هر جای ایران باشه به شادی استفاده کنه.دوره ای شده که همه نیاز دارن,HAPPY
1007,قسمتی از فیلم مستند «طلاق به سبک ایرانی» ساختهی زیبا میرحسینی (۱۳۷۶). دختری ۱۵ ساله رو به عقد مردی ۳۷ ساله درآوردند تا یک سال بعد با رنج و عذاب سرگردان دادگاههای خانواده شوند. باور کردنی نیست که باید دربارهی #کودک_همسری بدیهیات را تکرار کنیم. لینک فیلم:,SAD
1008,امروز تو تایملانم همش دارم تبریک تولد ملت به همدیگه رو میبینم. چهقدر متولد چهار آبان داریم مگه؟ داستان چیه؟ :|,SURPRISE
1009,توی زندگی خیلی چیزا به تخمم نبوده و خیلی چیزام به تخمم بوده. ولی الان که نگاه میکنم هرچی موفقیت کسب کردم حاصله به تخمم نبوده هاست.,OTHER
1010,خشم راهی برای سرپوش گذاشتن بر احساس ضعف هست.,ANGRY
1011,با اینکه این چند تا عضو کوچک خاندان خیلی تلاش کردن امروز بهم خوش بگذره ولی باید بگم در دلم اصلا احساس شادی نکردم و فقط جوری رفتار کردم که ناراحت نشن:(,SAD
1012,دقیقا یک هقته درست کار کرد بعد از اون قطع میکنه باید حتمت به سیستم وصل کنی بعد دوباره بزنی به گوشی خرید اشتباهی بود از نظر سرعت هم بیشتر از سرعت 15 نیز کپی انجام نمیده . برنده خوبی هست من 32G دارم مورد نداره میخواستم ارتقا بدم که واقعا پشیمون کرد,SAD
1013,ای کاش رنگبندی داشت رنگ های شاد داشت,OTHER
1014,با این همه مشکلات که خوشی و خنده از لب های ما خیلی وقته که رفته...موقع رای ریزی عین گوسفند میریم رای میدیم، خب بشینید توی خونه هاتون,SAD
1015,پول بیشتر بذارین یک گوشی بهتر بخرین. من گوشی htc gratia داشتم دوربینش 5 بود. اون کجا این کجا. مشخصه الکی میگن 5. نهایتا دوربینش 2 هست. صداشم خیلی کمه ولی همینکه کاملا فارسی میشه خوبه. تاچشم خوبه روونه. پاوربانکشم که برا خنده و سرگرمی خوبه.,SAD
1016,من یکی از اونایی بودم که تونستم روز اول ثبتنام ایرانخودرو برا یکی ماشین ثبتنام کنم. و البته در دو روز بعدی تلاش برا دو نفر دیگه نتونستم. نکتهی مهمی که یاد گرفتم و اگر زودتر فهمیده بودم شاید دو تا ثبتنام دیگه هم موفقیت آمیز بود:,OTHER
1017,عاليه اين كليپ ، عجب آهنكى هم گذاشتن روش ???,HAPPY
1018,""" اولش ک به دستم رسید خوشم اومد و لذت بردم """" اخی پوستت چروک نشه ناراحت میشی """"تو رنج اویتوس میمونه چي بگم،،،،، كاملا ميفهمم،،، اماااااا  اين مردم عجب صبري دارن""",SURPRISE
1019,یکی از جایگزینهای احتمالی آذری جهرمی در صورت استعفا یا استیضاح وزیر ارتباطات، ابولحسن فیروزآبادی رییس شورای عالی فضای مجازی است,OTHER
1020,عربستان سعودی میخواد گاوبازی به سبک جشنهای سنفرمین شهر پامپلونا (ول دادن گاوها تو کوچه خیابون) رو تو کشور خودش اجرا کنه، با رعایت قوانین اسلامی :))) یعنی بدون الکل و لابد بدون حضور زنان. حالا باید دید مسئولان توریسم اسپانیا اجازهی همچین کپیکاریای رو بهشونمیدن یا نه.,OTHER
1021,ولی این باگ بزرگ همیشه در این کشور بوده و هست که تا اعتراضی شکل بگیرد، منافقین و سلطنتطلب ها و براندازان و... سریع دستاویز اعتراض میشوند و سعی بر شلوغ کردن فضا و نابود کردن حقیقت اعتراض به ماهیت فساد یا ناکارآمدی برمیآیند! حلقه اعتراض در این کشور ناقص است!,OTHER
1022,چند روزه برای ایبوکا یه کد تخفیف در نظر گرفتیم، اگر برای یاد گرفتن تولید محتوا نیاز به یک منبع عالی دارید، به شدت توصیه میکنم که از این فرصت استفاده کنید.,OTHER
1023, اخ عمویی ناراحت شدی؟عب نداره برو کامنت اولتو بخون میبینی باید سنگین تر از اون جوابتو میدادم اما کوتاه اومدم,OTHER
1024,همزمان که به تخممه به کیرمم هست عجیبه,ANGRY
1025,در حال حاضر هیچی به اندازه رفتن خونه بهم آرامش نمیده.. امروز، روزی که خیلی بهم خوش گذشت..از هر نظر..اما چنان در نهایت اعصابم خورد شد که همه حس های بد بهم برگشت..فقط میخوام برم خونه و همه چیز رو فراموش کنم..انگار که هیچوقت اتفاق نیفتادن..,ANGRY
1026, من اومدم بیرون نزنی بی بوته ای.دیندفعه دست خالی نماییم..طعمه من بشی میدونم چطوری از وسط جرت بدم.,ANGRY
1027,#تجاوز_به_کودکان_شوشتر بعد از تجاوز های رخ داده قبلی نشان میدهد اعدام چاره کار نیست باید علت یابی کرد و سپس فرهنگ سازی گسترده در جامعه که اولین قدم آن کتب درسی است اعدام فقط جنبه ترساندن برای باقی این افراد دارد البته اینطورکه پیش میرود انگار ترس هم ندارد با جان کودکان بازی نکنیم,FEAR
1028,مریضم و هماتاقیم برام سوپ شیر درست کرده ... فقط نمیدونم چجوری بهش بگم که من از سوپ شیر بدم میاد...,HATE
1029,هاآرتص: اسرائیل سه سال پیش در حال اجرای عملیاتی برای کشتن قاسم سلیمانی در نزدیکی دمشق بود اما دولت آمریکا (در دوره اوباما) این عملیات را به ایران لو داد و نقشه به هم خورد. اخیرا آمریکا (در دوره ترامپ) برای انجام چنین عملیاتی به اسرائیل چراغ سبز داده است. …,OTHER
1030,""" """"درود بر دوستانمدتیه که خستگی از تنم بیرون نمیره و داره کلافهام میکنه، نمیدونم چرا اینطوری شدم! یا به خاطر کهولت سنه یا ویتامینی چیزی کم دارم احتمالا. هرچی هست اعصابم رو خرد کرده و باید تغییرش بدم. اینطوری نمیشه اصلا!""",ANGRY
1031,اوس الخفاجی فرمانده گروه «ابوالفضل العباس» وابسته به #حشد_الشعبی #عراق ساعاتی پیش دستگیر شد او در یک مصاحبه گفته بود که علاء مشذوب نویسنده عراقی به دلیل نوشتن مقالهای در انتقاد از #ایران کشته شد علاء مشذوب داستان و مقاله نویس عراقی چند روز پیش در کربلا به ضرب ۱۳ گلوله کشته شد,SAD
1032,کیفیت صدا أصلا خوب نیست اما به کسایی که همه جا هنزفری با خودشون میبرن پیشنهاد میکنم که اگه هنزفریشون خراب شد ناراحت نشن,SAD
1033,علی مهدویفر پسر محمد مهدویفر زندانی سیاسی موفق شده است که مدال برنز المپیاد کشوری کامپیوتر را از آن خود کند. تبریک به این قهرمان که اجازه نداد نبود پدر در عملکردش تاثیر بگذارد و دل باباش را در زندان شاد کرد.,HAPPY
1034,اگه گسی از این محصول استفاده کرده لطفا بگه چون میخوام بخرم و سفارش بدم,OTHER
1035,10 سال قبل این موقع امتحانای ترم سوم لیسانس جامعه شناسی رو میخوندم. چندتا کتابخونه عضو بودم و عادت مطالعه تو وجودم خیلی عمیق بود. تازه فیس بوک ساخته بودم. عجیبه برا خودم ولی شبا ساعت 10 میخوابیدم. کلاس زبان رو با علاقه میرفتم. کلاسای دکتر شیری رو میرفتم,SURPRISE
1036,مهمونی خانوادگی ...فقط قسمت ورق بازیش... وقتی شروع میکنن ب بحثای سیاسی انقدر بدم میاااد...انقدر متنفرم...انقدر اعصابم بهم میریزه... ک خاک برسرم کاش نیومده بودم عصن,HATE
1037,عُمریه غم توو دلم زندونیه دلِ من زندون داره تو میدونی هرچی بش میگم تو آزادی دیگ میگه من دوسِت دارم تو میدونی... #فریدون_فروغی,SAD
1038,اصلا نمیفهمم چی میگه حتی یه دقیقهای هم نمیتونم تحملش کنم، بعدش برام آرزو موفقیت میکنه,HATE
1039,بغض من باروته خنده هات کبریته عشق دلگرمیمه عشق، سرگرمیته... هعییی روزگار...,SAD
1040,همه ی کارگرها را دستگیر و به افغانستان منتقل می کرد؛ که البته به احتمال زیاد هنوز هم از این روش استفاده می کند. همه ی این توضیحات را در حالی که از خنده قرمز شده بود می گفت و از اینکه من نمی خندیدم تعجب کرده بود.,SURPRISE
1041,فکر می کردم خانواده #دختران_ایرانشهر بعد فهمیدن جریان چطورباهاشون رفتار میکنن؟اگریه روز مردم شهرشون بفهمن چطور باهاشون برخورد میکنن؟ بعد به این فکر افتادم چندتاشون ممکنه خودکشی کرده باشن؟ چندتاشون رو ممکنه خانواده از ترس آبرو سر به نیست کرده باشن؟ کاش همشون سالم باشن و قابل درمان …,SAD
1042,"کم کم داریم به ایام تخمی عید نوروز نزدیک میشیم , از الان دارم فکر میکنم شوهرخاله م پرسید چرا ازدواج نمیکنی چه جوابی بدم تکراری نباشه",ANGRY
1043,این جریان پرچم سفید بردن به استادیوم واسه اعتراض مثل همون جریان به برق زدن اتو و وسایل برقی پر مصرف تو یه ساعت خاص واسه سرنگونی جمهوری اسلامی میمونه ! همونقد پر ژست و ادا و بی مصرف,OTHER
1044,از صبح دارم با همکارام که تعدیل شدن خداحافظی میکنم چون آخرین روز کاریشون هست خیلی سعی کردم که ناراحتیمو نشون ندم که اونا هم ناراحت نشن بیشتر از این ولی نشد تا یه جایی میشه کنترل کرد,SAD
1045,وای خدا بدنم بی حس شد اعصابم بهم ریخت خدایا هیچ پدرمادری شاهداین صحنه ها نباشن چقدرسخته جلوی چشمای پدرومادر جیگرگوشه هاشون وکتک بزنن وغرق درخون بندازن صندوق عقب ماشین بعدم تهدیدکنن که میکشیمشون خدای من اون پدر ۱۰۰ سال پیرمیشه وقتی که بچش بهش التماس میکنه که نزارمنوببرن??????,SAD
1046,گفته بودم از این ضعیف بودنم متنفرم.,HATE
1047,""" """"محصول بسیار زیبا و خوش ساختی هست. مناسب برای هدیه دادن. اگر در پیشنهاد شگفت انگیز بخرید بسیار به صرفه تر هست.جناب آیتالله شاهرودی! شما فرار کردید، بحثی نیست، هر انسانی ممکن است فرار کند. اما شما قاضیالقضات یک کشور بودید و از دادگاه فرار کردید، رییس دستگاه عدلیه بودید و از عدالت گریختید، یاللعجب! در آن 10سال چگونه عدالتی جاری کردهاید که از پاسخگوییش اینگونه فراری میشوید؟""",SURPRISE
1048,يچيو خاستم سفارش بدم ديروز از ديجيكالا١٥٠ بود ، امروز صب شده ١٩٠!! بنظرتون چخبر قراره بشه باز؟!,SURPRISE
1049,دقت کردین؟ من و شما آمدیم تا تصاویر حضورمان پاسخ محکم به دشمنان باشد. خیلی هم عالی. اما این روستایی های دورافتاده و بی دوربینِ خبرنگار، واقعن آمدند جشن بگیرند. عکس:روستای اسلام آباد بشاگرد,HAPPY
1050,به قدری از وضعیت فعلی خودم در درس و دانشگاه کلافه ام که حتی خبر عقب افتادن ژوژمانها بدتر اعصابم رو خرد کرد. برای اولین بار یک فرد کمال گرا داشت میل میکرد به سمت کار غیرِخوب تحویل دادن که اونم اینجوری خرابش کردن,ANGRY
1051,۲) بخش زیادی از مردان ایران هم با دیدن اسم صیغه و عکس برهنه مخشون تعطیل میشود تلگرام و سایتها و اپلیکیشنهای اندروید تبدیل شده اندبه فیشینگ. سیستم بانکی ضعیف میباشد و رفتار مشکوک را تشخیص نمیدهد مسئولان و نیروهای امنیتی ج.ا هم اولویتشان تار موی زنان،...میباشد تا..,SAD
1052,بسيار متاسف از سيستم ضعيف مديريت تهيه، توزيع و ارسال!,SAD
1053,دوستت دارم از مقدس ترین کلام هاست اما برای شوم ترین اهداف استفاده می شود ژان رنو,SAD
1054,همه اینگار از مراسم فاتحه خونی اومدن.ناراحت.دپرس??,SAD
1055,لحظه #تیراندازی راننده تاکسی به #شهرداری هشتگرد این فرد که توسط عوامل مزدور شهرداری #هشتگرد مورد #ستم قرار گرفته بود به این شکل خشم و کین خودش رو خالی کرد ...آیا غیر از این راه چاره دیگری داشت ؟ #چهل_سال_دیکتاتوری #قیام_تا_سرنگونی #چهل_سال_شکنجه #براندازم,ANGRY
1056,واکنش #روحانی به وقایع اخیر در جلسه هیاتدولت: ۱/ ما ملت آزادی هستیم و طبق قانون اساسی و حقوقشهروندی، مردم در بیان انتقادات و حتی اعتراضتشان کاملن آزادند، اماپایان نحوه انتقاد و اعتراض باید منجر به بهترشدن شرایط کشور و زندگی مردم شود.,OTHER
1057,دولت ترسو و ظالم ازكارگر ساده ومظلوم كه حق وحقوق خواسته ميترسيند وشكنجه ش ميكنين اخه چقدر بي شرف و كثافتين شما اخوندها,ANGRY
1058,دختري كه اجازه نداره درس بخونه و به اجبار در سنين كودكى مجبور به ازدواج ميشه تحت تاثير خشونت ساختارى قرار گرفته كه خودش ميتونه چرخه اى رو ايجاد بكنه برا باز توليد خشونتهاى عميق تر از سوي همسر و اطرافيان #زنان_را_بشنوید,SAD
1059,""" """"من این دوربین رو توی پیشنهاد شگفت انگیز خریدم و واقعا ازش راضی ام """"من در شگفت دیجی خریدمش بوش رو دوس داشتم وتا ساعتها تو محیط حسش میکردمخوب نخستین حاشیه ورود رئیس جمهور به گلستان؛ رئیس جمهور در فرودگاه کلاله چهلمین سالگرد پیروزی انقلاب را به مردم استان گرگان تبریک گفت.. #مطالبات_گلستان""",OTHER
1060,یعنی ما در یه چیز اجماع داشتیم اونم تیم ملی بود چرا چون تنها چیزی بود که وسط هر بدبختی ای دو ساعت به ما حس ملت بودن میداد الان دارم میبینم دوستان از شکست تیم ملی به ارگاسم رسیدن و از سر شب دارن یه سر توییت میکنن و ریز ریز میخندن انقدر عصبانیم که حد نداره,ANGRY
1061,-شما جنایت کردید،مردمو باماشین زیرگرفتید،به رگبار بستید،آتیش زدید،تو زندان تجاوز کردید -ولی شما که سطل آشغال آتیش زدید،چه کم از داعش دارید؟,ANGRY
1062,امروز در دیدار با #رهبر_انقلاب از دغدغه های خود درباره #آزادی ، حقوق شهروندی، #رفع_حصر ،عدالت اجتماعی، #بازداشت_دانشجویان ،آموزش عالی رایگان، #احیای_قانون_اساسی ،لزوم پاسخگویی مسئولان، #آزاداندیشی ،نشر آزادانه اطلاعات و نظرات و ضرورت #تعمیق_دموکراسی گفتم.,OTHER
1063,با صدای amber alert گوشیم به حال وحشت از خواب پریدم، یه نیم سکته زدم، بعد سرچکردم ببینم این اصلا یعنی چی.سپس یه دور تو اینستا و توییتر زدم که ضربان قلبم بیاد سرجاش و تا اومدم مثلا آروم بشم که بخوابم دوزاریم افتاد که امروز ۴ نوامبره. وحشت عمیقم جاشو داد به غم. #وضع_زندگیم_در_ساعت,SAD
1064,#جهانگیری انقدرخایه ندارید بگیدتمام این بدبختی ها مشکلات ناشی ازانقلاب شکوهمنداسلامی وسومدیریت درتمامی ارکان این نظام بوده بوده وگرنه با این سیل ازنیروی جوان وتحصیل کرده ایران ده ها سال اززمان الانش جلوتربود,ANGRY
1065,تازه میفهمم هیچکس چی میگفت ما یه مشت سربازیم جون به کف عزرائیل با اکیپ ما جوره پس روحتون شاد جون به کفا,OTHER
1066,نه نگران بهشتم نه جهنم، هم خنده ی مادرم را دیده ام هم گریه اش را......(ازدمیر_آصف).,OTHER
1067,ایرانیان باستان از ریتون استفاده می کردند زیرا ریختن شراب از ریتون مسیری قوسی شکل را طی می کرد،با اکسیژن هوا ترکیب می شد و کف بیشتری تولید می کرد که مزه ی شراب را عالی میکرد! # به به,HAPPY
1068,حیواناتی که از قفس فرار کردن  اینجوری رم نمیکنن که این یارو رم کرده وحشی,ANGRY
1069,به نظرم راه موفقیت اینه هرچی رائفی پور گفته برعکسشو عمل کنیم,OTHER
1070,اخ اخ مردم از خنده . دمت گرم???????????,HAPPY
1071,توی تلویزیون شنیده امروز تولد فروغه، گوشی رو برداشته زنگ زده تبریک بگه. میگه مادر، من یادمه بهار بدنیا اومدی ولی گفتم شاید بابات زمستون شناسنامه گرفته برات. میگم آره تولدم بهاره. با التهاب میگه پس زنگ بزن تلویزیون بگو که اشتباه شده.,OTHER
1072,بهترین اتفاق در دنیا خنده بچههاست و بعد از اون بهترین چیز اینه که بدونی دلیل اون خنده تویی! خنده بچهها رو ببینید,HAPPY
1073,""" """"تنها هدفونیه که خیلی توجهمو جلب کرده و منتظر پیشنهاد شگفت انگیزم.روایت عضو خانواده یک زندانی از حمله ماموران به زندانیان قرچک: مسئولان به زندانیان گفته بودند دو سومتان آزاد میشوید. آنها را شکنجه روانی کردند. گزارش بنیاد عبدالرحمن برومند از واقعه #زندان_قرچک #۴۰سال #قانون_علیه_عدالت …""",OTHER
1074,عجب آدم خالتوری شدم :-؟,SURPRISE
1075, قیمتش هم معقوله با تخفیفخداوکیلی میخوایید عکس چشاتونو بذارید هدر یه قشنگشو بذارید. الان رفتم تویتتای ی بنده خدارو بخونم سکته کردم از ترس,FEAR
1076,میخوام سعی کنم دوباره شاد و اکتیو باشم. باشد که رستگار شویم.,HAPPY
1077,با توجه به آمار کم بودن نرخ طلاق به معنای موفقیت زندگیهای مشترک نیست. جوامع فقیرتر و کم سوادتر نرخ طلاق کمتری دارند و در واقع شرایط سخت زنان بعد از طلاق در یک جامعه تاثیر بیشتری در کاهش نرخ طلاق در جامعه دارد. طلاق گاهی به معنای پایان دادن به یک رابطه بد است.,SAD
1078,تو شگفت انگیز بزاره حتما 5 تایی میخرم,OTHER
1079,البته زنها از سال 1290 جنگیدند برای این حق رای. نامه نوشتند، اطلاعیه و اعلامیه چاپ کردند. حتی به مجلس اول و دوم مشروطه رفتند برای اعتراض. …,OTHER
1080,نقدی بگیرم نقدی عیدی بدم,OTHER
1081,اینم یک جور «شجاعت» و «اعتراض» و طلب «حق اجتماعی» است به نوبهی خودش!,OTHER
1082,"""مغزم داره سوت ميكشه، از خوندن اين خبرا خسته شدم، نتيجه اش چي؟؟؟ الان مسئول ناداني پيدا ميشه كه بگه """"از كجا معلوم تجاوز با رضايت بوده يا اكراه"""" يا """"معلوم نيست با آلت تجاوز شده يا بطري نوشابه""""و احتمالا اسم شهر شوشتر كه قداستي نداره به كسي بر بخوره؟ #تجاوز_به_کودکان_شوشتر""",ANGRY
1083,لعنت بر خمینی ملعون که شادی رو از ملت  ایران گرفت,HATE
1084,مذهب را به خورد مردمان دادند، تا کارگر بجای اعتراض، دعا بکند ...,SAD
1085,از قدیم گفتن چوب وکه برداری گربه دزده فرار میکنه. از تکرار تاریخ اینبار به ضرر ج اسهالی ، اسهال شده …,HATE
1086,سفر کویر رو به خاطر پروژه از دست دادم.الان دارن عکسای سفر رو تو گروه میفرستن و دلم میخواد جر بدم خودمو,ANGRY
1087,سردرد داره تجاوز میکنه,SAD
1088,ریشهی اعتراض معمولا خشم و نارضایتیه! پس چطور میتونه به خشونت کشیده نشه؟! حالا این خشم اگه انباشته هم شده باشه شعلهش بیشتر خواهد بود.,ANGRY
1089,دوستم عاشق دوبله و گویندگیه. برای تست رفته بود استودیو ، وقتی اومد مدرسه وسط زنگ آمار و احتمال بود. معلم آمار بهش گفت کجا بودی؟ دوستم گفت رفتم تست دوبله بدم. اونم برگشت گفت: دیدی تو ریاضی چیزی نمیشی رفتی سراغ گویندگی؟! میدونم هیچ وقت قرار نیست زخمی که به دوستم زد پاک شه..,SAD
1090,و معلم هدف پرتاب تیکه و تمسخر و متلک و خنده توسط دانشآموزان هم هست. چه جلوی روشون. چه پشت سرشون.,OTHER
1091,اقاي روحاني كسب بالاترين راي و انتخاب مجددش به رياست جمهوري را مديون چند اتفاق هستند! كه البته قدر ندونستن! اول:ترس از حضور رئيسي و هجوم راي خاكستري ها به صندوق آراء دوم:راي بالاي اصلاحات خواهان! اما متاسفانه روحاني آلترناتيو مناسبي نبود! حداقل بدقولي اش محرز شده بود!,SAD
1092,برادر یک مقام عالی در جلسه با دادستان سابق تهران گفته است که پرونده قضایی پروژه های تجاری را با کمک برادرش حل می کند. فیلمش توسط رییس شورای عالی امنیت ملی وقت در جلسه علنی مجلس پخش شده. خوب آقای لاریجانی برای اثبات اراده مبارزه با فساد بررسی این پرونده به صورت علنی را شروع کنند.,OTHER
1093,و قطر؛ قرار است از دریا و کشتی و صحرا هم به عنوان اقامتگاه مسافران و تماشاگران جام جهانی استفاده کند. به دلیل جمعیت پایین کشور، استادیوم افتتاحیه و اختتامیه که در حال ساخت است، پس از فینال تغییر کاربری خواهد داد و دیگر استادیوم فوتبال نخواهد بود./۴,OTHER
1094,یه سری دو شب متوالی از تخت طبقه دوم تو خوابگاه میومدم پایین. مسیری که تو بیداری به زور میرفتم و میومدم. شب سوم از ترس به رفیقم گفتم چاقوهای اتاقو قایم کنه بهم نگه کجاست یهو شر درست نکنم. خلاصه مصیبتی بود,FEAR
1095,بیاین بجای دعوا سر اینکه اعتراض و اغتشاش در #زندان_قرچک سر چی شروع شده صدای این زنان زندانی باشیم و از مسئولان بخوایم جلوی فاجعه رو بگیرن...قرچک همیشه جای وحشتناکی برای زنان زندانی بوده این شورش و برخورد خشن گارد زندان میتونه به یک فاجعه بزرگی تبدیل بشه.,SAD
1096,بله حرف ما هم همینه #NoSanctionNoWar ولی اگر زیباترین کلام دنیا باشه و آقای روحانی اونو جاودانه در سازمان ملل فریاد بزنه باز در این گوشه دنیا در داخل وطن تاثیری نداره. بله همه تحسین کردند ولی از فردا باز ماییم و #گرانی و جولان دلالان بی رحم و بی اعتنایی مسئولان دلسوز.,SAD
1097,فرقی نداره چه ساعتی بخوابم، صبح بهرحال با بدبختی بیدار میشم,SAD
1098,وای ازین دل که چون مرغان وحشی نچیده دانه اندازد بدامم #باباطاهر,SAD
1099,"""بارها سخنرانی """"من رؤیایی دارم"""" مارتین لوتر کینگ رو خواندهام و هربار لذت بردم و حیرت از کسی که با تحمل اون مصیبتها و رنجها باز از تغییر در وطنش میگه؛ بدون کینه و انتقام.""",HAPPY
1100,سلام خداوند بیامرزد ایشان را روحش شاد وتسلیت به خانواده عزیزشان,SAD
1101,یه جا خوندم از 20 سالگی تا 30 سالگی تا می تونی کار کن از 30سالگی تا40 سالگی تا میشه به سلامتیت برس از 40 سالگی تا 50 سالگی استراحت و تفریح کن . یه جورایی کلا خلاف این مسیر و اکثرمون داریم میریم.,OTHER
1102,به تو فکر کردم دوباره دوباره به تو فکر کردن عجب حالی داره ...,HAPPY
1103,از روی وزنش حدس میزدم که خیلی کوچیکه اما نه دیگه دراین حد .من برای دخترم که ۹ساله هست خریدم ولی خجالت میکشیدم بهش بدم حتی براق هم نییت خیلی ماته .,SAD
1104,به من نگو دوستت دارم، وقتی حتی خودت هم باورش نداری .,SAD
1105,اونقدر عصبیم که حد نداره اخه چقدر یکی میتونه وقیح باشه,ANGRY
1106,چمران عجب آدم عجیبی بوده!,SURPRISE
1107,غم و اندوه، ماتم و ناامیدی رنج است پیوند با آنچه نادلخواه است، رنج است دوری از آنچه دلخواه است، رنج است و خلاصه اینکه دل بستن رنجآور است,SAD
1108,یعنی یه مرد اونجا نبود این جوجه بسیجی رو جرررررررش بده که دیگه برا دوتا دختر شاخ نشه پوفیوز???,ANGRY
1109,رهبر انقلاب اسلامی: با #ابراز_خرسندی از تبدیل شدن #مطالبه ایجاد پیامرسانها و شبکههای اجتماعی #داخلی به #مطالبه_ای_عمومی، گفتند: مسئولان باید امنیت و حریم داخلی مردم و کشور را حفظ کنند. تعرض به امنیت و حریم داخلی مردم «#حرام_شرعی» است و نباید انجام شود.,OTHER
1110,"""هنوز تشنه نشده بودند... از """"ترس"""" تشنگی ارباب را تنها گذاشتند و فرار کردند... خدا روزی را نیاورد کِ از برای گرانی و مشکلات معیشتی فرمانده را تنها بگذاریم... #جنگ_اقتصادی  : سروش""",FEAR
1111,در تاریخ ۲۹ دی سال ۹۵ هشدار دادم که #رکود بازار با وجود یک میلیون میلیارد تومان نقدینگی در کشور اشکال بزرگی به شمار می آید که تبعات شوم آن دامن آینده را خواهد گرفت. باید به سرعت اتاق وضعیت و رصد و دیدهبانی اقتصادی شکل بگیرد تا حوادث را قبل از وقوع به مسئولان گزارش دهد. …,OTHER
1112,کتابخونه مرکز شهر میشناسین که غروب به بعد باز باشه و بشه توش کار کرد و درس خوند؟ #ریتوییت کنین عالی میشه.,OTHER
1113,"""ولی صفر نمیزنه که مشکلی نیست""""""",HAPPY
1114,انتقاد پذیری یکی از صفات بارز یک فعال سیاسی میباشد ، حرکت غیر حرفه ای و قلع وقمع مهمترین عامل عدم اعتماد مخاطب در فضای سیاسی است. …,OTHER
1115,"""انقدر بدم میاد موقع تولد تبریکگفتن، به طرف میگید """"مرسی که به دنیا اومدی"""" آدم باید بگه خواهش میکنم؟ یا مثلا این تنها کاریه که ازم برمیومد؟""",HATE
1116,و اگر شما نتوانید یا نخواهید در این قالب درآیید شما رو به حاشیه میندازه و به شما القابی میچسباند و در فرهنگ شما را به عنوان یک عنصر نامطلوب بازنمایی میکنه، القابی چون بچه داهاتی، بچههای پایین، شهرستانی، یهودی، ضایه و غیره,SAD
1117,#امام_خامنه_ای بااشاره به رسوخ روحیه استقلالطلبی جوانان ایرانی در سایرکشورها افزودند:مردم وجوانان عراقی،سوری، لبنانی،افغانستانی، پاکستانی و... مچ به علت سیطره طلبی و اهانتهای امریکا از آن متنفر هستنداما مقامات امریکایی ناتوان ازدرک علل این تنفر،آن را از چشم ما میبینند. #USEnd,HATE
1118,خاطره حقیر اینه که شب احیا با رفقا شرطبندی کردیم که هر کی بتونه بهتر ادای دیدن نور و روح و اینا بکنه، تا یه هفته مدرسه ساندویچ مجانی بهش میدیم. شب رفتیم و سارا دوستم وسط دعا چنان جوی داد که آی نور میبینم ملت ریختن سرش به پاره کردن چادر و لباس. از فرط خنده بیهوش شدیم.,HAPPY
1119,"""من به تو تعلق دارم گوش کن هر تپش قلبم فریاد نام توست نمی گویم عاشقت هستم چرا ک عشق در برابر تو واژه ی حقيريست من روزهای بارانی را تنها بخاطر تو دوست دارم چرا ک میتوانم ب تو بگويم اندازه تمام این قطره ها دوستت دارم """"محمد شیرین زاده"""" سلام روز بخیر دوستان""",HAPPY
1120,این چه اعتقاد غلطیه که میگن خدا بنده ای رو که بیشتر دوس داشته باشه اذیت میکنه با مشکلات مختلف امتحانش میکنه مگه مادری که بچه شو دوس داشته باشه اذیت میکنه کتکش میزنه از گریه ی بچش لذت میبره؟,SURPRISE
1121,  اگه تاریخ انقضاش تموم بشو بود که توی نطفه حرومی به پیجش سرک نمیکشیدی گه خوریشو بکنی، از ترس کونته که کامنت میزاریو گه خوری میکنی، چون خوب میدونی که طرز فکر مسیح علینژاده که مهمه و گسترش پیدا میکنه، نه شخص خودش,ANGRY
1122,جدا اين چند روز كه دانشگاه نداشتيم اعصابم راحت بود و اينكه از فردا بايد اونجا رو تحمل كنم خب يكم ناراحتم ميكنه:(,SAD
1123,""" دزدى ميكنن، بچه هاشون اون سر دنيان دارن كيف ميكنن“ شروع تظاهرات در #رشت و فرياد خشم مردم #چالش_دعوت_بە_تظاهرات #تظاهرات_سراسرى #IranRegimeChange",ANGRY
1124,چه روزگار تلخ و سیاهی نان، نیروی شگفت رسالت را مغلوب کرده بود پیغمبران گرسنه و مفلوک از وعدهگاههای الهی گریختند و برههای گمشدهء عیسی دیگر صدای هی هی چوپانی را در بهت دشتها نشنیدند. #فروغ_فرخزاد -آیههای زمینی,SAD
1125,قراره تازه الان بخوابم و ساعت ۳:۳۰ دوباره بیدار شم کارای عقب افتاده رو انجام بدم و واقعاً دلم میخواد گریه کنم :((( حق من نیس که فقط ۳ ساعت بخوابم :(,SAD
1126,اینجانب در شگفت انگیز خریدم ازش راضی هستم ولی سایز محفظه شارژ نسبت به عکس خیلی فرق میکنه و بزرگتره,HAPPY
1127,امیدوارم بعد همین بازی مورینیورو دیگه رو نیمکت من یونایتد نبینم اعصابم خورد شد وقتی بازی سیتی رو دیدم الان این بازی رو میفهمم که امسال هم هیچ شانسی نخواهیم داشت,ANGRY
1128,البته که دوستت دارم احمق جان، ولی آزارت می دهم. دلیلش هم صاف و ساده این است که دوستت دارم. این را می فهمی؟ آدم کسانی را که به آنها بی تفاوت است آزار نمی دهد...! #قهرمانان_و_گورها #ارنستو_ساباتو,OTHER
1129,توی این قیمت خیلی عجیبه این صدا من متعجب شدم ولی حیف که خیلی ضعیفه و هر لحظه ممکنه کنده شه، وگرنه صداش خوبه واقعا!,SURPRISE
1130,بازی dancing line برای موبایل یکی از بهترین بازی هاییه که تاحالا دیدم. موزیک بسیار عالی و هماهنگ با بازی! این قدر موزیکش هماهنگه که اگه حرفه ای بشین، میتونین فقط از رو موزیک و چشم بسته بازی کنین.,HAPPY
1131,"خیلی خیلی شیرینه بوش""",HATE
1132,تمامِ کلاسای ۸ صبحی که این هشت ترم فرار کردم ازش این ترم سرم خراب شدن و هرروز ۸ صبح کلاس دارم. سلام بر تمامیِ صبحهای زمستانی با فحش و فضیحت.,ANGRY
1133,سلام چرا وقتي كارت به كارت انجام بدم خطاي سرور ميزنه,OTHER
1134,چقد ازت بدم میاد,HATE
1135,پزشکیان نائب رئیس مجلس گفته: امروز در شعب ابیطالب هستیم و باید سفره مردم و مسئولان یکی باشد! فک کن ما هم سر سفره انقلاب میشینیم، چه پلو چلویی بخوریم یاشایدم اونا میان سر سفره ما,OTHER
1136,مسیح علی نژاد من موافق دولت نیستم ولی از بی حجابی وبرهنگی زنان متنفرم رفتی اون ور آب چی تبلیغ میکنی  از زنان اونجا بپرس ببین با نداشتن حجاب احساس آزادی میکنن,HATE
1137,بر اساس #لایحه_شفافیت: - در صورت صحت گزارش افشاکننده یک فساد اقتصادی، ۲۰% از مالی كه باید از سوی مجرم به دولت بازگردانده شود، به فرد افشاکننده پاداش داده میشود - هیچیک از اعضای خانواده یا اقوام مسئولان دولتی نمیتوانند در سفرهای خارجی آنها را همراهی کنند.  …,OTHER
1138,بچه که بودم همیشه به اون بچه محل هایی که سر شب کسی از خونواده شون نمیومد با داد و بیداد و تهدید ببرتشون خونه، حسودیم میشد. آخه میدونید حال میداد تو اون خلوتی شب با رفیقات بشینی حرف بزنی.,SAD
1139,""" """"خوبههنوزم وقتی اعصابم خرده بابا شاه و بابا اتی میبینم …""",ANGRY
1140,تصویری شگفت انگیز از مسابقات لیگ تخت جمشید در سال 1352.(احتمالا در بازی ذوب آهن - پرسپولیس در ورزشگاه باب همایون) . در شرح عکس منتشره نوشته شده:در بین دو نیمه حسین کلانی و اسماعیل حاج رحیمی پور در کنار حوضچه کنار زمین آبی بصورت می زنند. عکس از سایت تخت جمشید,OTHER
1141,و هنوز همونقدر عصبیم میکنه. صبحهایی که میتونستم تو تختم زیر لحاف کیف کنم ولی رفتم اونجا تو اتاقای تنگ و به معنی واقعی کلمه تاریک، اون آزمونای مزخرف رو دادم. با یه سری پشتیبانی که (هیچ قضاوتشون نمیکنم، اونا هم دانشجوهایی بودن مثل الآن خودم و خیلیا و هزاربرابر بدبختتر و,ANGRY
1142,یه کسخلی اومده نشسته تو این کابین خواب مدام با موبایلش حرف میزنه. اعصابم رو کابیده,ANGRY
1143,جای تسویه حساب با مسئولان 22 بهمن نیست #بهمن_تماشایی #۲۲_بهمن,OTHER
1144,لذت بخش ترین تنهایی دنیا را با هر پرواز تجربه میکنم,HAPPY
1145,"""براساس گزارش عفو بینالملل به مناسبت ۳۰ سالگی اعدامهای تابستان ۶۷ میرحسین موسوی، نخست وزیر وقت نیز از این اعدامها اطلاع داشته است. عفو بینالملل: مقامات و مسئولان ایران با پنهان نگه داشتن سرنوشت و محل دفن هزاران مخالف و دگراندیش سیاسی """"در حال ارتکاب جنایت علیه بشریت هستند.”""",SAD
1146,بنده تحقیق کردم احتمالاً مهمترین عامل موفقیت مردم #ونزوئلا عدم اعتقاد به نیروی ماورائی و موجود خیالی(امامزمان) برای نجات مردم بود,OTHER
1147,البته چیزی که هست اینه که من اینجور سریال ها رو میذارم پخش بشن کارهامو انجام بدم این علاوه بر دیالوگ هاش حالت صورت و اداهاشون هم خنده داره باید نگاه کنیش,HAPPY
1148,سلام وقتتون بخیر..برای عید نوروز میتونین از جعبه های فانتزی و زیبای ما برای تبلیغات استفاده کنید با لوگوی بیمه و شماره خودتون??دایرکت پیام بذارید تا بیشتر توضیح بدم,OTHER
1149,افشاگری کیهان: - هلند رسماً ایران را به ترور احمد نیسی و محمدرضا کلاهی متهم کرده - طرفین برای حفظ برجام فعلاً سکوت کردهاند. - سازمان امنیت هلند سوم خرداد سفیر ایران را احضار و دو نفر را عنصر نامطلوب معرفی کرد. - دو مامور ایرانی بر اساس ضرب الاجل 17 خرداد خاک هلند را ترک کردند.,OTHER
1150,"راستی اگر در مسلمانها ترس از آتش جهنم و وسوسه و حسرت رسیدن به حوریان بهشتی نبود,چه انگیزه ای وجود داشت کسی مسلمان شود؟",OTHER
1151,عکس هایت را بردی خنده ات را بردی نگاهت را چمدانت را که میبستی همه چیز را بردی فقط انگار حواست نبود مرا جاگذاشتی درون خودم سعید تقوی,SAD
1152,اینقدر اعصابم خورده که حتی اینکه ۵ روز زودتر حقوق دادن هم خوشحالم نکرد.,ANGRY
1153,سلام.یه هندزفری اورجینال و بسیار باکیفیت هست فقط یه نکته که با گوشی من که سامسونگ بود ناسازگاری کرد ولی به آیفون و هوآوی که می زنم عجب کیفیتی داره یعنی فوق العادس.تو خریدش شک نکنید,HAPPY
1154,دین عشق را فقط لایق یک موهوم که هرگز حاصل نشود میداند، راهی پیش پایمان گذاشته که مقصدش فقط نرسیدن است. اگر ببیند که عاشق کسی شدهای برای اینکه باز بردهات کند اول شیرت هم میکند، میگوید آفرین..#علی_عبدالرضایی_لیدری_ضدلیدر #پارتیزان_ایرانارشیست #چالش_دعوت_به_عملیات,OTHER
1155,از دردو دل بدم میاد وقتی همه فقط شنونده هستن و تازه از حرفات خنجر میسازن و بعدا سرکوفت میزنن یا برعلیه خودت استفاده میکنن.,HATE
1156,همون روز اولی که دستم رسید سیمش اتصالی داشت وخود به خود خاموش میشه اصلا راضی نبودم دکمه روشن خاموشش هم خیلی جای بدی قرار داده شده واقعا نسبت به قیمتش حتی توی شگفت انگیز هم نمی ارزه,SAD
1157,یکی هم نوشته به مادرش در ۱۴ سالگی تجاوز شده، اما پدر ِ مادرش (یعنی پدر بزرگش) آدم متجاوز رو پیدا کرده و کشته و در نتیجه زندانی شده، که الان مُرده.,OTHER
1158,الان فقط فيلم تجاوز گروهي پرسپوليسيا به طارمي ارومم ميكنه,ANGRY
1159,چندی پیش در بندرعباس هم یک کودک ۸-۹ ساله افغان که زبالهگرد بود، سطل بزرگ فلزی به علت خراب بودن چرخاش رویش افتاد و جان باخت. خانوادهی مظلومش از ترس اینکه اقامت نصفهونیمهشان به خطر بیفتد حتی جرات پیگیری هم نکردند. دریغا …,SAD
1160,چهار سالم بود اول برای برادرم تولد گرفتن. منم تا روز تولدم ناراحت بودم. فکر میکردم برام تولد نمیگیرن. شب تولدم گریه کنان گفتم من تولد میخوام. حالا بیش از بیست ساله هر سال یادآوری میکنن که نتونست تا روز تولدش طاقت بیاره. بیست ساله قبل از تولدم برام تولد میگیرن.:)),OTHER
1161,عمر بدخواهامون زیاد تا بتونن موفقیت هامون رو ببینن,HAPPY
1162,عجب خوابی دیدم. توی ساختمان چند طبقه ای بودیم با معماری خوب ولی دیوارهای کثیف. خواب دیدم دو تا از دوستانم دست به کار شدند و روی دیوارها طرح زدند که نقاشیشان کنیم. طرح ها بی نظیر و من از شوق این کار هیجان زده بودم. الان ناراحتم که چرا خواب بود .,SAD
1163,عجب عمرا تموم شد چه دور از هم حروم شد چه خاطرات شیرینی ،که موند و ناتموم شد,SAD
1164,دارم سعی میکنم به خاطر کار زیاد به بدقولی عادت نکنم، امروزم برخلاف میلم موندم خونه که کارهایی که قولشو داده بودم رو انجام بدم.,OTHER
1165,این جمله در نگاه اول برای من بسیار بسیار غلط و دروغی بزرگ بود. تعجب کردم محمدرضا شعبانعلی نقلش میکنه. نیمساعت فکر کردم. شروع کردم به ستودن هر کسی که اولین بار این موضوع را فهمیده. خواهشا نیمساعت به آن فکر کنید و احتمالا شما هم از عمق نگاه آن شخص حیرت خواهید کرد. …,SURPRISE
1166,افرادی که نمیتونن اعتراض کنن (کودکان منظورمه) در آینده بیشتر آسیب میبینن...,SAD
1167,خــبــر فــوری: مرضیه هاشمی وارد تهران شد مرضیه هاشمی، خبرنگار پرس تی وی که توسط دولت آمریکا بازداشت شده بود دقایقی پیش به کشور بازگشت و مورد استقبال مردم، مسئولان و فعالان رسانهای قرار گرفت.,OTHER
1168,کنارم شاد نیست هیچوقت بلد نبودم چجوری شادش کنم...,SAD
1169,""" """"من ده روز هست اوردم خیلی خوب بود هم برای موی سر هم برای صورتوقتی به اندازه کافی از عمرت گذشت... اگه همونجا دیدی دچار حسرت عمیقی هستی... تبریک میگم! اولین روز جهنم برات شروع شده!""",SAD
1170, دمت گرم مشتی مرامتو عشقه امثال شما به همچی خندیدن که ما به اینجا رسیدیم وضعیت خودتم همین بود این حرفو میزدی ؟؟؟,ANGRY
1171,یه دوست بیشعورم داریم امروز عکس صورت کبود شدشو واسمون فرستاد و گفت دوست پسرش کتکش زده،ما داشتیم گریه می کردیم دنبال تلافی بودیم به شخصه دنبال یکی بودم بره پسررو کتک بزنه که فهمیدیم ایسگامونو گرفته:|حالا اشاره مستقیم نمی کنم ولی هنوز اعصابم خورده:|,ANGRY
1172,...ساعت پرید پرده به همراه باد رفت او را فشرده بودم در هاله ی حریق می خواستم بگویم اما شگفت را انبوه سایه گستر مژگانش چون ریشه های پرده ی ابریشم جاری شدند از بُن تاریکی در امتداد آن کشاله ی طولانی طلب و آن تشنج، آن تشنج مرگ آلود تا انتهای گمشده ی من..! #فروغ_فرخزاد,SAD
1173,"""مثلا وقتی میخواسم گوشی و از تو جیبم در بیارم به سختی در میومد و میچسبید""""""",SAD
1174, من به کارت صدا creative xfi platinum  وصل کردم وحشتناک بوداومدم کلاس دیدم زنگ تفریح نرفتن، دارن کلاس رو تمیز میکنن پ.ن:بازم برید از بچه های ژاپن تعریف کنید,HAPPY
1175,بسمی تعالی اینجانب از طرف همه ی عمه های بسیااار مهربان و دلسوز اعتراض خودم رو نسبت به سریال شبکه ی سه که نقش یک عمه را به فردی احساسی و بدون منطق تقلیل داده است اعلام میدارم. والسلام علیکم ورحمه الله و برکاتُه,OTHER
1176,دوران چوپونی بنده((((((: اخ عجب زندگی صفا داره اینجوری,HAPPY
1177,روحش شاد و یادش گرامی باد,SAD
1178,پیشرفت مبهوت کننده #تکنولوژی گوشی های تلفن آینده که مانند یک تکه کاغذ در جیب جا میشوند!,SURPRISE
1179,دوستان عزیز از ابتدای سال 1397 هرشب ساعت 22 الی 24 در خدمتتونم تا از طریق دایرکت به سوالای حقوقیتون پاسخ بدم، از اون جایی که حجم سوالاتون الانش هم زیاده -که باعث افتخاره- اگه یه وقت دیر جواب میگیرین پیشاپیش عذر منو بپذیرین، اُمیدوارم یه روزی همتون وکیلِ خودتون باشین #تعارفات_الکی,OTHER
1180,دو طیف هستن که سخت مشغول تخریب جو توییترن: 1- سایبری های ج.ا. که به خاطر ترس از قدرت سیاسی توییتر و ترس از آگاهی و حرکتهای مردمی، هرکاری می کنن که اینجا هم بشه اینستا 2- یه سری آدم با عقده حقارت که با پرسیدن سوالای بی معنی و پوچ فقط دنبال فیواستار شدنن,FEAR
1181,از باغ با حال خوش ما رو کشوندن بریم سینما گرگ بازی بینیم.الانم بعد از خیلی سال گیر دادن دوباره مافیا بازی کنیم.با دوست دختر این دوستمون که این دو تا پیشنهاد و داد یه دوره کوتاهی ... هیچ کسم نمی دونه.عجب...,SURPRISE
1182,بالاترین درجه افسران جنگ نرم همین فوتبالیست هامان هستند که روحیه امید و شادی و وحدت را در بین ملت تقویت میکنند.,HAPPY
1183,خدا به بعضیا همه چی باهم داده طرف با 29 سال سن هم مشاور برنامه های موفقیت صداو سیماست معروفه هم پولداره هم خوشکله هم قد بلند هم فوق العاده خوش لباس هم صداش قشنگه هم شغل و درامد توپ داره فقط سیکس پک نداشت یه کم ایربگ داشت اینم عمدا گذاشته ملت نگن خدا پارتی بازی کرده,OTHER
1184,قبلهعالم مبهوت و سرگشته در ایوان به ماه گاززده خیره مانده در دل میخوانند: بسوجم ارنه کارم را بساجی...,OTHER
1185,"""اینحس که صاحبان حکومت هم دست از کار کشیدند،""""ترسناک"""" است. نظم بد، بسیار بهتر از بی نظمی است. ممکن است وضعیت اکنون آرمانمننباشد ولی از بین رفتن وضع کنونی به تنهایی مرا به سمت آرمانم نمی برد. اینمسیر، مقصد ندارد، راهش به سمت فقر، تجزیه و آنارشی منتهی است. #من_ترسیده_ام""",FEAR
1186,"""من از لوستر برنزی کد 2637 خوشم اومده و میخوام این کار سفارش بدم فقط یک مساله ی هست اینکه امکانش هست این کار از نزدیک دید حضوری خرید کرد ممنون میشم راهنماییم کنید""""""",OTHER
1187,زیر بارند درختان که تعلق دارند ای خوشا سرو که از بار غم آزاد آمد #حافظ امروز جون میده واسه سرو بودن,HAPPY
1188,عجب دولت اسلامی هستش مگه سود حرام نیست ؟,SURPRISE
1189,گفتم که داستان من کیس خاص نیست. چون تازه اومدیم تو این شهر، چون همه چیمون باهم جفت و جوره، چون من از هر حرکتش، حرفش لذت میبردم، سخته تحمل نداشتنش تو زندگیم. اون دوتا هم کفتن گه نخور، که خب منطقی بود.,HAPPY
1190,نگران بودی ، یک مصرع غمگین بشوم زندگی لج کند و پیرتر از این بشوم نگران بودی اندوه تو خاکم بکند نگران بودی سیگار هلاکم بکند,SAD
1191,در باره عكس نيروي هوايي با آيت الله علم الهدى توضيحي نوشته و در كانال morzaeri منتشر كردم. چون متن قابل تلخيص نيست نمي توانم اينجا بازنشر كنم. اگر از كساني هستيد كه نخوانده اظهار نظر مي كنند و بي خبر درود مي فرستند يا ناسزا مي گويند كه هيچ! اما اگر اهل خواندن هستيد لطفا بخوانيد,OTHER
1192,یه کلمه دیگه یکی باهام حرف بزنه وحشی میشم,ANGRY
1193,حیوون خونگی بجز گربه و سگ چی خوبه؟ مو نداشته باشه، کلا از مو بدم میاد,HATE
1194,خیلی سعی میکنم چس ناله و بدبختی گیر بیارم فیو استار دراد، ولی ناموسا هیچی پیدا نمیشه تو زندگیم:)))))) یه خوشبخت بیشعور میباشم,HAPPY
1195,آقا من تو پاییز نباید سرما بخورم، سرما بخورم نه باید مریض بمونم عصبیم الان از اوناس که تا آخر زمستون سرفه میکنم.,ANGRY
1196,عجب بارونی داره میاد برم توی آلاچیق یه آتیش برپاکنم کمی دودبره حلقم ازبوی دود و چوب مست کنم,SURPRISE
1197,حواست هست به موهای سفیدِ سَرَم... چقد امسال از گذشته ، شکسته ترم... نوکرت داره پیر میشه... دوستت دارم ارباب #فاطمیه,SAD
1198,همین خودِ ما که پشت خودمان پنهان شدهایم، باید بیش از همه وحشتزدهمان کند؛ زیرا قاتلی که در خانهمان پنهان شده، آن چنان وحشتناک نیست. Emily Dickinson,FEAR
1199, یه ویبره ملایمه ک ب هیچ وجه آرایش های حتی معمولی رو هم پاک نمیکنهدر ژانویه 2017 پس از تحلیف ترامپ مردم آمریکا در اعتراض به ماهیت ضد زن ترامپ راهپیمایی کردند امروز زنان دمکرات کنگره در اعتراض به همین سیاست ترامپ به نشانه اعتراض سفید پوشیدند چند روز پیش مسیح علینژاد برای دفاع از حقوق زنان از این دولت یاری طلبید. #کپی,OTHER
1200,خب این خانومم مشکلش همین ه  کسی نگا ش نمیکنه فک میکنه اگ  س ک ۳ بشع  بهتر نگاش نیکنن در صورتی ک زشت ترین  منظر در بین موجودات  منظر  لخت انسان ه  ک حیونای دیگه هم از اون فرار میکنن ???,OTHER
1201,درون هر کدام از ما انسانها ، دو گرگ در حال جنگ هستند .. اولی گرگ بد : خشم ، حسادت ، طمع ، دروغ ، پستی و خودخواهی .... دومی گرگ شادی : صلح ، عشق ، امید ، فروتنی ، مهربانی ، یکدلی ، حقیقت! کدوم برنده ست؟! اونی که بهش غذا میدی ضرب المثل بومیان آمریکا (سرخپوستان),OTHER
1202,وقتی زمین میخوری و کسیتو رو نمیبینه اونقد شاد میشی که دردش فراموشت میشه..,HAPPY
1203, لازم نکرده روزی چند میلیون بدین. خر خودتونین. جایزه سری قبلی بیست و خوردی ماهی بیشتر نمیشد. حالا هر چند روز میگین جایزه میدین ولی کسی قرعه کشی نمیبینه. دزدی شاخ و دم نداره. اگه کلیدر کار نیست پخش زنده بگذارین,ANGRY
1204,هروقت من اعصابم تخمیه همه شاد و شنگولن,ANGRY
1205,یکی از ابزاری که باعث میشود /نتوانیم تصمیم درست اتخاذ کنیم ،عصبانیت هست و زمانی که عصبانیت بر ما حکمفرما شد ،نمی توانیم از پون حق انتخاب صحیح بهره ببریم / مراقب همدیگه باشیم ،حداقل همدیگرو ناراحت نکنیم .. ما در یک سنگر هستیم ولی با زوایای دید متفاوت . #فرقه_تبهکار,ANGRY
1206,#کارلوس_پویول خودش یک رسانهست با کلی هوادار. مسئولان بیشعورِ ما از سیاه نمایی غربیا علیه ایران مینالن ولی همچین پتانسیل مثبتی رو دارن براحتی نابود میکنن. انتظار دارید پویول فردا بره اسپانیا از امنیت ایران تعریف کنه یا از حماقت شماها؟! خدایا انقلاب رو از دست این احشام نجات بده!,ANGRY
1207,باز مي گويمت تنها اراده توست كه در ميانه اين جنگ نابرابر تو را از ورطه خواهد رهانيد. #باز_می_گويمت,OTHER
1208,من یه تئوری دارم که سعی میکنم با اون زندگی کنم: من به مسئولان و مدیران کشورم(در این نظام و نظامهای قبلی) و کشورهای دیگه توهین نمیکنم، من سعی میکنم در حد توان، ایران و جهان را برام خودم، اطرافیانم و جامعه، جای بهتری برای زندگی کنم,OTHER
1209,سراسر شهر را از بَنِرهای با تصویر رهبر و جمله چهل سال عزت و سربلندی پُر کرده اند و مردم را از ساعت ۵ صبح با کارت ملی برای دریافت ۱/۵ کیلو گوشت، به صف می کنند. عجب عزتی!!!!!,SURPRISE
1210,بعد از قالیباف، از این عطرای سردردی متنفرم.,HATE
1211,انقد که از خنگ بودن آدما عصبی میشم، میترسم خدا() بچههای خنگی نصیبم کنه.,FEAR
1212,از اینایی که میان تو برنده باش از گزینه ی کمکی استفاده نمیکنن متنفرم,HATE
1213,زندگیه دیگه.. توش نیمه شبایی هم پیدا می شن که پرن از صدای خنده های تو.. خنده هایی که کرسنت رو بر می دارن.. #تابادچنین_بادا,HAPPY
1214,چقد اعصابم خورده خدااا,ANGRY
1215,"""فقط برای اینکه مو از حالت وز و فر دربیاد خوبه انتظار اتومو یا سشوار رو ازش نداشته باشید""""""",OTHER
1216,""" اصلاً صورتو تمیز نمیکنهروحانی درمجلس تلاش کرد به سایر مسئولان بفهماند """"اگر مسئولان حکومتی با همباشند از مردم هیچ کاری ساخته نیست. کاخ سفید هم بناچاربا نظام کنار می آید"""". اما رهبر از طریق نمایندگان مجلس به او پیام داد:""""راهی جز بودن با مننداری. چون قبلا مردم را از دست داده ای:"""" باش تا صبح دولتت بدمد""",OTHER
1217,فرض کنید برانکو با پرسپولیس قهرمان آسیا شد و قبلا به عنوان بازیکن هم با پرسپولیس قهرمان آسیا شده بود و تو اوج دوران موفقیت با تیم ملی، باشگاه رو انتخاب میکرد حالا ۷ قهرمانی داخلی رو هم در نظر نگیریم، تازه در این شرایط جایگاهش نزدیک منصور پورحیدری میشه,OTHER
1218,یه صبح پرانرژی میتونه تا آخر اون روز رو برات عالی رقم بزنه #پرانرژی #روز #موفقیت,HAPPY
1219,روحشون شاد و یادشان گرامیباد????,SAD
1220,امروز بدستم رسید ولی  گوشی روش نصب نمیشه. کاش ذکر میکردید که برای استفاده، نیاز به خرید قطعه ی دیگری هم هست. الان من به خاطر خرید یه قطعه ی دیگه باید یه هزینه ی ارسال بدم و یه روز هم خونه بمونم برای تحویل.,SAD
1221,شما شخصیت واقعیت به اندازه کافی ترسناک و هالووین طور هست حالا نیازی به گریم چهره نداری,FEAR
1222,زادروز «محسن چاوشی» عزیز مبارک آرزوی سلامتی برایشان داریم و امیدواریم با اجرا زنده، دل هوادارانشون رو هم شاد کن…,HAPPY
1223,در جلسه امروز مجلس، لاریجانی به نقل از گزارش وزیر ارتباطات به شورای عالی امنیت گفت چند روز که تلگرام فیلتر بود بیش از ۳۰ میلیون نفر از فیلترشکن استفاده کردند. یکی از نمایندگان هم علت عدم اقبال مردم به پیام رسان های داخلی را عدم اعتماد آنها به حفظ اطلاعات خصوصی کاربران دانست.,OTHER
1224,از اون روزاس که نمیخوام با کسی حرف بزنم و فقط آهنگ گوش بدم.,SAD
1225,سلام چرا اینقدر سرویس کارت به کارت ارور میده هیچ وقت من نتونستم انجام بدم کارامو با اپلیکشین خعلی کنده????,SAD
1226,جوابتون رو اونجا نمیتونم بدم مهندسین. هرچی هست رو یه جا بگید خلاصه :)),OTHER
1227,اعصابم از دست خودم خورده حتی جزوه های خودمو هم نمیتونم بخونم تو امتحانات هم استاد همیشه بهم میرینه که بد مینویسم یعنی در حال حاضر مهم ترین کار زندگیم همین درس خوندنه که اونم بلد نیستم واقعا استرس مضاعف میده,ANGRY
1228,حیف که نمیخوام فحش بدم ، حیف ???,ANGRY
1229,این لیست خود شاخ پندارو بلاک کنید ریپورت کنید  …,OTHER
1230,اصلا از صبح زود بیدار شدن جمعه ناراحت نیستم چون صبونه رو میزنی و بی عذاب وجدان میری واسه راند بعدی خواب.,HAPPY
1231,وقتی گفت هرگز امام این مزخرفاتو نگفته رامبد یه تکونی خورد انگار داشت از سرش شاخ میزد بیرون با خودش گفت ایییین دیگه کیییییه ؟؟؟؟؟؟,SURPRISE
1232,پاسخ رهبری به انتقاد دانشجویان اصولگرا,OTHER
1233,"اگه یه رفیقم بعد از مدت طولانی بهم پیام داد و حالمو پرسید و همزمان درخواستی داشت,درکش میکنم.. ما افراد بالغ با مشغله های خودمون هستیم و لازم نیست همش از حال هم باخبر باشیم.. اگه زمانی به کمک نیاز داشت خوشحال میشم براش کاری بکنم.",HAPPY
1234,""" """"نیاز به توضیح نیست که وقتی کالای اصلی با برند سونی میخرید باید لم بدید و از کیفیتش لذت ببریدیکشنبه های ترسناک کرمانشاه تاریخ، مکان و زمان زلزله های بزرگ استان کرمانشاه یکشنبه ۲۱ آبان ۹۶ زلزله ۷.۳ یکشنبه ۳۱ تیر ۹۷ زلزله ۵.۹ یکشنبه ۴ شهریور ۹۷ زلزله ۶.۲ یکشنبه ۴ آذر ۹۷ زلزله ۶.۴ یکشنبه ۱۶ دی ۹۷ زلزه ۵.۹""",FEAR
1235,یه سانتر عالی که به زودی ترامپ گلش میکنه. قیمت ۶ رقمی برای #دلار به زودی,OTHER
1236,امروز به یه مدل جدید تپسی برخوردم ، کلی منتظر موندم اومد تا نشستم گفت یا تغییرش بده نقدی پرداخت کن یا سفر و لغو کن! کلاس داشتم واقعا دیرم شده قبول کردم نقدی پرداخت کنم ولی بره دم عابربانک تا پول بگیرم ولی به شدت اعصابم خورد شد! میگه حتی تپسی شماره کارتمم نداره وتصفیه روزانه دروغه,ANGRY
1237,یعنی ادم هر چی باشه حسود و بی ادب نباشه! شما در حدی نیستی که استاد #رائفی_پور و نقد کنی و ب ما تنگ فرقه بزنی! چکار کرده استاد ک انقد سوختی؟!,ANGRY
1238,انتقال پرونده #پروین_محمدی به دادگاه در پی اعتراض به صدور قرار #بازداشت یک ماهه …,OTHER
1239,از یک سنی به بعد همه ی ترسهای گذشته در کنار ترسهای تازه قرار میگیرن،همه باهم به سمتِ آینده حرکت میکنن و انگار هیچ اراده و قدرتی توانِ توقف این مجموعه ی ترسناک رو نداره. بزرگ شدن اونی نبود که فکر میکردیم.,FEAR
1240,من از هیچکس بیشتر از چند روز متنفر نبودم,HATE
1241,"""با یکم حوصله خودت میتونی بدوزیش""""""",OTHER
1242,چرا اساتید وقتی کلاسی رو کنسل میکنن جلسه بعد بابتش عذر خواهی میکنن؟! یعنی واقعا دانشجویی وجود داره که از کنسل شدن کلاسی ناراحت بشه؟؟!!,SURPRISE
1243,لعنت به آزادی بیان غربی لعنت به جک دورسی لعنت به توییتر توییتر اکانت ژان والژان با نوزده کا فالور روبست!,HATE
1244,هفت راهكار پيشگيرى آزار كودكان: تصويب قوانين پيشگيرانه تغيير معيارهاى فرهنگى ترويج كننده خشونت محيط امن و قابل زندگى مراقبت و حمايت از خانواده و سرپرستان كودك بهبود وضعيت اقتصادى ايجاد انجمن ها و سازمان هاى حمايتگر آموزش مهارت زندگى #آزار_بس,OTHER
1245,تو کتاب خشم و هیاهو یه اتفاقه عجیب میوفته دختره نامشروع حاملس برادرش بهش میگه اگ میخوای من زنا با محارم رو گردن میگیرم و خودم و تو و اون بچه میذاریم میریم از اینجا قلم این بشر کوه هارو جابه جا میکنه #ویلیان_فاکنر,SURPRISE
1246,کلا از فیلم های ژانر وحشت خوشم نمیاد ولی این #Hereditary چیز دیگه ای بود فیلمی با اتمسفر سنگین، کارگردانی عالی و داستانی متوسط ولی امکان نداره بعد از دیدنش بهش فکر نکنی,HAPPY
1247,اندکی صبر سحر نزدیک است،،قلبم از دیدن این صحنه های وحشتناک مچاله شد?,SAD
1248,فرزانه و عطاءالله، خواهر و برادری که در یکروز به دنیا آمدند، با هم قد کشیدند، یکجا مکتب رفتند و بالاخره با هم در یکروز در مركز آموزشي موعود در هنگام آموزش قرباني جهل و خشونت شدند. روحتان شاد!,SAD
1249,۱۲ سال از رفتن به مدرسه متنفر بودم و حالا هم از دانشگاه متنفرم. در واقع از انجام هر کار روتینی متنفرم. کاش کسی درک میکرد. (نوشته شده در کلاس اصول مدیریت مالی-۸صبح),HATE
1250,اتفاقا من هنوز به چیزای کوچیک توجه میکنم هنوز خوشحالم میکنن هنوز حواسم هست هنوز با یکم بالا پایین احساسات مختلف توم تریگر میشن و این ایستایی برام خوب موندنه حتی اگه از نظر بقیه نامطلوب باشه,HAPPY
1251,ناموسن چطوري ميتونين نِرد نباشين و لذت گم شدن تو دنياهاي افسانه ايِ هري پاتر و ارباب حلقه ها و جنگ ستارگانُ هيچ وخ نچشين؟؟,SURPRISE
1252,""" """"این کالا رو پیشنهاد نمیکنمشرکت متخصص داخلی آورده که بچهها رو معاینه کنه، برم بهش بگم سر فلان چیز اعصابم خورده و یچی بده بی خیال شم""",ANGRY
1253,امروز دوباره بهم یادآوری شد که چقد از دخترا بدم میاد البته منظورم جمع دخترونه ست اونم وقتی که نزدیک باشن و صدا و حرفاشون رو مخت باشه (نکته: خودم تو جمع نیستم),HATE
1254,دلتنگش که میشوم از هریک از کوچه های خیالم به پیشوازش میروم تا شاید در یکی ازین کوچه ها خنده هایش را به یاد اورم . #ریبواری_غه_ریب,SAD
1255,بعد از ۱ سال دوندگی در وزارت کشور، وزارت ارتباطات، وزارت ارشاد و سازمان ثبت قوه قضائیه بالاخره موفق به ثبت انجمن ملی نرمافزارهای آزاد/متن باز شدیم. به امید موفقیت این انجمن,HAPPY
1256,خیلی کم پیش میاد من تو خواب حرفی بزنم ولی دیشب مثل اینکه با عصبانیت میگفتم خاک بر سرتون با این دینداریتون. مثل اینکه هرچقدر هم که میخوام بیخیال باشم و اعصابم رو درگیر نکنم، ناخودآگاهم داره حرص میخوره.,ANGRY
1257,آدمایی که بهم نزدیک میشن همیشه ی ترس آسیب دیدن ازشون همراهشونه,FEAR
1258,کسیکه به بـد رای میده ومنتظر خوبـتر شدن اوضاعه همونه که یخچالو پر موادمقوی میکنه ومتوقع ه ریپیست دوباره دست به تجاوز نزنه! #تحریم #انتخوابات,OTHER
1259,اكثر متنايي كه مي خوام توييت كنم يكم طولانيه و در نتيجه نميشه توييت كنم،اعصابم از اين خرده!خب نميشه اينجوري:/چاره چيه خب:/,ANGRY
1260,موضوعی که برنامهی زندهی صبحگاهی یک شبکهی رادیویی برای اظهارنظرهای شنوندگان عزیز داده، ویژگیهای یک فرد انقلابییه؛ یک شنونده در پیامک تولد بهمنیها رو تبریک گفته و افزوده انقلابیها «شخصپرست» نیستند.,OTHER
1261,به دنبال هشدار رئیس کمیسیون گردشگری شورای شهر شیراز، به مسئولان در خصوص احتمال ریزش سقف بازار وکیل شمالی، نایب رئیس این شورا نیز در توییتی خواستار توجه رئیس دولت به این موضوع شد.,OTHER
1262,اگر تونستید از ایران فرار کنید ولی هنوز احساس خشم دارید، این مقاله کمکتون میکنه، ولی اگر مثل من داخل ایران هستید همون عصبانی باشید راحت ترید. چون خشم تنها چیزیه که براتون باقی مونده …,ANGRY
1263,امروز هم یکی دیگه از دوستام بچه دار شد . بهش تبریک گفتم و یکم حرف زدیم. ولی هنوز نمیدونم چه هیزم تری به این یکی فروخته بودم:l …,SAD
1264,امینم بعد از گوش دادن رپ عزت الهی جان به جان آفرین تسلیم کرد ادامه مسیر موسیقیشم سپرد به مقداد,OTHER
1265,من دقیقا از سایت ایکیا چند روز پیش همین کار رو 95 هزار تومان خریدم تازه با تخفیف زدید 200 هزار تومن خنده داره بخدااااا,SURPRISE
1266,هی میخوام یچی بگم هی میگم ولش کن اعصاب خودتو خورد نکن،هی دوباره میام فحش بدم بلکه خالی شم میگم بیخود به خاطر همچین آدم بی ارزشی پا روی تصمیمت نذار فقط بگم زمین گرده آقای #زاکانی، زمین گرده، نمیدونستی بدون,ANGRY
1267,واردِ ماجراهايى نَشيد كه توش گزينه ى فرار نيست,OTHER
1268,طرف سال ۷۱ پایاننامه نوشته. ازین ۱۵۰ صفحه، ۲۵ صفحش در مورد دین و در دفاع از مقدسات و آرمانها بوده. باز یکم میری جلوتر این پایاننامه رو به همه تقدیم کرده ۱۵ صفحه تقدیمی. بعد آیاتی از قرآن نوشته و رخصت خواسته که در مورد موضوعش بنویسه. عجب وضعیتی بوده.,SURPRISE
1269,زندگی با خانواده یعنی من اعصابم را دوست ندارم.,ANGRY
1270,هرشب با دست خالی میریم به جنگ خاطره ها و صبح که پامیشیم خستگی یه جنگ نابرابر رو دوشمون سنگینی میکنه,SAD
1271,تصویری عجیب از نشست راهبری و اقتصاد مقاومتی استاندار #یزد و مسئولان ارشد استان!,SURPRISE
1272,قانون منع بکار گیری #بازنشستگان #شهرداران را #معاف کرده!این #قانونگذاری مملکت خراب شده ما خیلی عجیبه!یه #قانون تصویب میشه بعدیه #تبصره میزنن قانون رو نفی میکنه.مثل این میمونه که بگن طبق قانون #دزدی کار #غیرقانونی است ولی تبصره #معافیت از این قانون برای #فقرا میاد. #مجلس_بی_عرضه,ANGRY
1273,یارو داشت با موبایل صحبت میکرد یهو داد زد :بابابزرگ شدم و دوباره ادامه صحبت شد بعد از تموم شدن حرفش همه بهش تبریک گفتن و پرسیدن حالا دختره یا پسر !!؟؟ با یک حالت غضبناک و ناراحت صداش دو رگه کرد گفت خب معلومه پسره دیگه ! میخوام بگم ما درست شدنی نیستیم !,SAD
1274,بی بی سی گفته عملیات موفقیت آمیز تروریستی در تهران؟ واقعا همچین صفتی داده به این حملات تروریستی؟ کسی ضبط شده این رو داره؟,SURPRISE
1275,خیلی عجیبه تو انسانی یه موجود ناقص ، اونوقت انتظار داری طرف مقابلت کامل و بی نقص باشه ! فاک ایت بابا,ANGRY
1276,کاش بفهمید با هر استوری ای ک از تبریک تولد گفتن دوستاتون میزارید،ی فحش از طرف ما میخورید,ANGRY
1277,چطور خودتون رو قانع میکنید که میشه با عذرخواهی یا استعفای صوری فلان عمله نظام انتقام خون اون انسانهای مظلومی که در طول این سالها در سطوح مختلف قربانی جنایت، خیانت و بیتفاوتی مسئولان شدن رو گرفت؟! فقط با سرنگونی این رژیم بیدادگر و محاکمه تکتک عوامل منحوسش، «شاید» آرام بگیریم.,ANGRY
1278,""" """"هدیه ام از تولدسلام ..من دیشب میخاستم از عابر پول انتقال بدم ..دستگاه ارور داد...اما پول از حسابم کم شده ...حالا باید چی کار کنم .ِِپولمو میخام...""",SAD
1279,آقا بیا که بی تو پریشان شدن بس است از دوری تو پاره گریبان شدن بس است کنعان دل، بدون تو شادی پذیر نیست یوسف، ظهور کن که پریشان شدن بس است #امام_زمانم #اللهم_عجل_لولیک_الفرج,SAD
1280,میگم یه پرسپولیسی با خودتون ببرید مقر ای فی سی رو بهتون نشون بده شاید یه مرد سال اسیا گرفتید میگم یه پرسپولیسی با خودتون ببرید اگه بونجاح بهتون تجاوز کرد انتقانتون رو بگیره میگم یه پرسپولیسی با خودتون ببرید راه رو بهتون نشون بده تو ACL شیش تا شیش تا نخورید ببین ACL نه ۴جانبه!,OTHER
1281,همهش هم که عشق و مهر و دوستی جواب نمیده. بعضیوقتها باید آتشِ خشم و کینه و نفرت رو توُ دلت زنده نگه داری.,HATE
1282,#کارنامه۳۸ساله فقط تلاش جوون و دانشجو نخبه برای فرار از ایران,SAD
1283, من نه ادعا کردم وضع مردم خوبهاگه حوصله ام سر بره چی؟ یکی از بزرگترین ترس هامه. براش به صورت جدی برنامه ریزی میکنم. توی کوله زلزلم یه کتاب و چراغ قوه و کلی باطری گذاشته بودم که اگه سالم موندم مجبور شدم یه هفته منتظر بمونم اون زیر که پیدام کنن حوصلم سر نره. وحشتناکه یه هفته به آوار زل بزنی,FEAR
1284,خیلی بده که من وقتی از یکی بدم میاد همه کاراش میره رو اعصابم,ANGRY
1285,همیشه بلافاصله بعد از لحظات شیرینی که تجربه کردم، یه حس پوچی و ترس بهم دست داده که نکنه یه روز چشم باز کنم و ببینم عامل چنین لحظاتی رو برای همیشه از دست دادم... خیلی حس بدیه و انرژیم رو ازم میگیره.,FEAR
1286,بیایید بهتون روش جذب دخترای شرکت در ۲ روز رو یاد بدم یه ترشی آلبالو میخرید ، میرید تعارف میکنید. روز دوم همه موقع ناهار با لبخند، بشقاب به دست پشت در اتاقتن,HAPPY
1287,١٢بهمن روز ورود #رفيق_دوست هااااى فرصت طلب به سفره انقلاب را تسليت عرض مينماييم!! #بنياد_مستضعفان عجب بنياديست اماما روحت شاد كجايى كه راننده رو ببينى كه چه رانندگانى بهم زده است...,SAD
1288,آقای #روحانی نمیشه هر سری هوایی بزنی. بجای هوایی زدن، مخاطبت رو مشخص کن اگر تابع دستور شماست بجای انتقاد، فرمان بده و اگر تبعیت نمیکنن برکنار کن. اگر از زیر مجموعه های دولت نیستند ولی مانع تراشی میکنند و چوب لای چرخ تصمیمات دولت میذارن، واضح و مشخص، معرفیشون کن,OTHER
1289,فتحی: سهم خواه کسانی هستند که دهها نفر را واسطه کردند تا من به آنها پست بدهم ولی من این کار را نکردم سهم خواه کسانی هستند که به مسئولان وزارت ورزش زنگ زدند تا در باشگاه سمت بگیرند اما باشگاه به آنها سمت نداد متن کامل:,OTHER
1290,"""امروز ۲۸بهمن.. """"خشم مردم از نظام به مرحله فوران رسیده"""" مالباختگانِ موسسه ثامن درِ مقابل بانک مرکزی را تخریب کردند.. این خشم با شواف هایی تکراری مثل ۲۲بهمن نه خاموش میشه نه منحرف. #اعتراضات_سراسری""",ANGRY
1291,در مورد آدمها قضاوت نکنیم ما برای شگفت انگیز بودن به دنیا آمده ایم نه برای بی نقص بودن....!!!!!!,OTHER
1292,سلام من اصلا موفق نميشم كارت به كارت انجام بدم مشكل چيه؟,OTHER
1293,یادتونه امام خمینی چی گفت بترسید از خشم مردم,FEAR
1294,مسیح جان میخای بیای ایران چکار اینا ک دارن فرار میکنن.بنظرم همونجا تو خیابونا بهتم تجاوز کنن هوس اومدن نکن.,OTHER
1295,""" """"یکیشو گرفتم تو شگفت انگیز، عالیه هست، بیسش عالی و صدا خوبی داره، من ایتو با سودو mh3گرفتم دوتاشون عالین.از مسئولان میخواهم #پلاسکوی_روی_آب یعنی #سانچی را فراموش نکنند، به زودی خانوادههای قربانیان این حادثه تلخ، کوهی از مشکلات را در کنار تلخی جانکاه از دست دادن عزیزانشان تجربه میکنند. از همین امروز به فکر فردای این خانوادهها باشید. #پلاسکو #مسجدجامعی""",SAD
1296,یاران چه غریبانه رفتند از این خانه روحشان شاد و یادشان گرامی خداوند متعال به خانواده‌های بزرگوارشان سلامت، صبر و طاقت عطا فرماید.,SAD
1297,تیم ملی اوریجینال ایران امروز رفت بدون بدرقه مسئولان، مسئولانی که 2 ماه قبل از فینال آسیا خشتک خود را برای تیم ملی فیک میدریدند. به کوری چشم شما تیم ملی اوریجینال با جام برمیگردد اما روز استقبال از قهرمانان ما خشتک شما را میدریم.,ANGRY
1298,شهریه دانشگاه!!! (ترسناک ترین جمله این روزا),FEAR
1299,کثافت حالم از همشون بهم میخوره واقعا من اگه تو ایران بدنیا نمیومدم فکر کنم به همه انسانهای رو زمین احترام میزاشتم ولی واقعا دوست دارم اینارو خفه کنم چجوری ترس ونفرت پخش میکنن  باور کن خداهم از اینا بدش میاد میدونم,HATE
1300,سلام وقتتون بخیر من این شلوار رو میخوام سفارش بدم. سوالی که داشتم این بود اگه سایز سلوار بهم نخوره میتونم عوضش کنم؟,OTHER
1301,فرار به جلو نام تکنیکی سیاسیست که احزاب یا حکومتهایی که مسئولیتپذیر نیستتد یا از مسئولیت فرار میکنند از آن استفاده میکنند «فرار به جلو، این تکنیک دمده دیکتاتوری ملاشاهی»  #سخنرانی_علی_عبدالرضایی #اسماعیل_بخشی #دی_ماه_فرودستان,OTHER
1302,از جشنواره امسال کم کم دارم میفهمم که دیگه پیر شدم، سنم رفته بالا، واقعا شدم سال به سال دریغ از پارسال. یه فیلم میتونم در طول روز ببینم. فیلم بعدی به تپش قلب میگذره و اینکه از صندلی بیام جلوی در روی زمین بشینم فیلم ببینم! آخر هم نصفه فیلم انصراف بدم و بیام خونه!,SAD
1303,خیلی اعصابم خرابه. کلا هروقت یه کاری رو نتونم انجام بدم اعصابم خراب میشه. بخشی از موهام میریزه و پاچهی همه رو میگیرم.,ANGRY
1304,در شرایط فعلیم از دغدغه های والاتون ، مثلا وای دارم میرم آمریکا حالا غم عالم ریخته رو سرم که اونجا توالت فرنگیه راحت نیستم انقدر بدم میاد که حد نداره، میخوام بگیرم بزنمتون آدم شید چرت و پرت نگید,HATE
1305,از در وزرا اومدم بیرون یه بچه محصل و گرفته بودن دیدم بهار میگه من شلوارمو بدم بهش؟؟ با تعجب میگم بهار جان خودت چی پس؟ نگام میکنه میگه بابا زیرشم شلوار پوشیدم باز,SURPRISE
1306, ربات؟؟؟؟ خداوکیل عجب رویی دارین شما ، من فقط یک سوال از شما دارم ، میشه تاریخ بدین کی رژیم چنج میشه؟ مثلا بگو یک ماه یک سال ده سال ??????,SURPRISE
1307,به اين ميگن يك جمع و يك اواز خوانى ايرانى و اصيل كه هم شاد و اذيت كننده نيست و همه هم ميپسندن . نه مثل اونا كه چند وقت پيش زير پل خاجو جمع شده بودن كنسرت گذاشته بودن پليس هم اومد جمعشون كرد ?,OTHER
1308,زندگی مثل مجموعه ای بی پایان از بدبختی هاست که تنها پیام بازرگانی مختصری از خوشبختی داره....,SAD
1309,#وحید_صیادی_نصیری که امسال به تازگی آزاد شده و دوباره در مرداد ماه توسط نیروهای امنیتی قم دستگیر شده بود و در اعتراض به این دستگیری از ۲۱ مهرماه دست به اعتصاب غذا زده بود امروز ۲۱ آذر ماه در اثر ۶۰ روز اعتصاب غذا جان خود را از دست داد.,SAD
1310,در محلهی مـا پـدران کار مـیکننـد مـادران کار میکننـد و غـم مســوول بــزرگ کـــردن بچــههاسـت. #محسن_بیدوازی,SAD
1311,""" """"بهترین هدفون سیم دار با این رنج قیمتهرروز ۲۴ساعته، ۷ روز هفته ۳۶۵ روز سال تکرار خواهم کرد: که زندگی فوقالعادهست که به تخم هیچکس نیستید حکومت یا مامان جونت قرار نیست کمکت کنن خودت باید انجامش بدی مسئولیت پذیر باش ولی [زندگی] هیچوقت انقدر خوب نبوده شانس ما [برای موفقیت و انجام کاری که دوست داریم] از همیشه بیشتره …""",OTHER
1312,نه! به احترام سلیقه موسیقی عالی، ایستاده دست میزنیم. …,HAPPY
1313,یه سندومدرک بیارکه این بنده خدا جوان باغیرت وباشخصیت بسیجی تشریف دارن گرچه اگه بسیجی هم باشه ولی بازم دمش گرم بعدشم چرا شماهرچی میشه فقط میخواین ربطش بدین به بسیج وسپاه. توخیابون به یکی تذکربدن میگن بسیجیه توبیابونم باشه بازم بسیجیه???آخه اینقدردیگه احمق بودن خنده داره والامصیح جووووووون,OTHER
1314,روا نیست سرصبحی من با این اعصابم ترابلشوتینگ کنم,ANGRY
1315,مردم از مسئولان نظام متنفر شده اند هموطن سیل زدهی خرمآبادی در حضور واعظی،رئیس دفتر روحانی: ما نمیخواهیم که شما اینجا بیایید،شما ۲۰۰تا اسکورت دارید که نیفتید در گِل،ما تمام زندگیمان در گِل است #چهل_سال_شکست #چهل_سال_خیانت #فرقه_تبهکار #نظام_رفتنی_است #ایران_را_پس_میگیریم,HATE
1316,از وقتی پابلو اسکوبارو کشتن اعصابم به هم ریخته. اه,ANGRY
1317,یک آقایی که دوماه پیش بیمار شده بود امروز مُرد، چون پول هزینه عملش رو نداشته(ایران) شما اینجا هر بیمارستانی بری که نیاز به عمل داشته باشه، به صورت عالی بهت رسیدگی میکنن و نهایتا یک صورت حساب میاد درخونه که قسطی هرچقدرکه در توانته قسط بندی کنی. (US) #IranRegimeChange,SAD
1318,کلی کار ریخته سرم و کلییی کار باید انجام بدم... و الان مریض شدم..... شاااااااانسه ؟اخه خدااایاااا.... پروردگارااااا...,SAD
1319,"""خریدش رو به همه پیشنهاد میکنم، این کار یک جواهر هست نه یک گردنبند طلا""""""",HAPPY
1320,"""خودم تو شگفت انگیز خریده بودم, الانم برای مادرم خریدم""""""",HAPPY
1321,روحش شاد و یادش گرامی,SAD
1322,موقع رانندگی اعصابم خورد شد پیش بابام به یارو گفتم دهنتو گاییدم و بابام فقط نگام کرد، یه همچین پدر باشعوری دارم,ANGRY
1323,واسه من بعداز ۲ماه خراب شد، درز بالاش باز شده و انقدر داغ میشه که میترسم باهاش سشوار بکشم، به نظرم اصلا سمتش نرید، سشوارای پرومکس خیلی حرفه ای تر و قویترن,SAD
1324,"""'گاه باید خندید بر غمی بی پایان لحظه هایت بی غم.. روزگارت آرام...."""" ~~ سهراب سپهری""",SAD
1325,داداش من به عموت میگم نیاد خدایی خیلی ناراحت شدم دهنتو عموتو گاییدم که انقدر خرج گذاشت رو دست تو,ANGRY
1326,بخشی از نوشته مرتضی مردیها تو کانالش:هیچ کجای ماجرا پیچیده نیست؛ و نه ما بر سر دوراهیهای پنداری، که مثلاً هنوز اصلاح بطلبیم یا انقلاب کنیم. همه میدانند چه باید کرد؛ الا اینکه نمیتوانند و چون طاقت پذیرفتن این واقعیت راندارند بر هم خشم میگیرندکه تو اشتباه میکنی، تو نمیدانی!,OTHER
1327,بعد از ١٣ سال دوباره فیلم رینگ رو دیدم !!! ١٣ سال پیش تو ١ شب بارونی، با کلی رعدوبرق این فیلمو دیدم !!! اون موقع فکر کردم تنهایی ، بارون و رعدوبرق تاثیر فیلم رو بیشترکرده ، امشب همون ساعت دوباره دیدمش و فهمیدم کلاً فیلم ترسناک خوبی هست!!! بشدت توصیه می شود ببینید,FEAR
1328,مسئولان زندان رجایی شهر با اعزام مجید اسدی، زندانی سیاسی، به بیمارستان مخالفت می کنند. رییس زندان رجایی شهرچندین ماه است که به بهانه فراریک زندانی متهم به قتل دربیمارستان ازاعزام تمامی زندانیان رجایی شهرجلوگیری می کند.,OTHER
1329,مواضع رییسجمهور در اطلاعیه دولت درباره فیلترینگ #تلگرام: ١. تشخیص تهدید امنیت ملی، سیاستگذاری و اقدام متناسب، صرفا بر عهده شورای عالی امنیت ملی است و دیگران موظف به هماهنگی با این نهاد عالی هستند.,OTHER
1330,"""در ضمن جعبه ادکلن توی عکس یک چیزه اونی ک برای من فرستادن یک چیز دیگست""""""",OTHER
1331,تو پیشنهاد شگفت انگیز خریدم با این حال باز راضی نبودم,SAD
1332,تلاش جهت تولید و پرتاب ماهواره جای تقدیر و تشکر داره و امیدوارم ماهواره های بعدی در مدار قرار بگیرند. ولی هیجان زدگی دوستان دولت در #صداقت اعلام شکست، برام عجیبه. یعنی ممکن بود مثل گزارش های رئیس دولت، مثل رکود و تورم، الکی بگن موفق شدیم!!!,SURPRISE
1333,شاید تنها فیلمی از هیچکاک که مهر تاریخ انقضا مشخص روش نخورده. فیلمای هیچکاک برای من بیشتر خنده دارن تا تعلیق زا. بارها گفتم هیچکاک دوره اش تموم شده و خیلی از هم دوره هاش مثل وایلدر پایین تره ولی خب... …,OTHER
1334,خودت روخسته نکن.گاهی بایدزمین روترک کنی. اعلام کنی که سه هیچ باختی، این پیروزی رو بهشون تبریک بگی و خواهش کنی هرگزسراغی ازت نگیرن #معین_دهاز,SAD
1335,من فکر میکردم این مرتیکه با سواد! عجب خریه این!,ANGRY
1336,این متن واقعا محشره . . خدا، چیست؟کیست؟کجاست؟ خدا در دستیست که به یاری میگیری، درقلبیست که شاد میکنی،...,OTHER
1337,"""ولي ممنونم ازت بخاطر جملات انرژي بخشت همينكه بهم اميد دادي يك دنيا ممنونم ازت انشاالله خدا هممون رو كمك كنه❤️❤️❤️❤️❤️""""""",SAD
1338,معتقدم نباید به هر قیمتی تبلیغ کالای وطنی کرد چرا که ممکنه نتیجه معکوس بده ولی قصه خودکار ایرانی کیان فرق داره کیفیت عالی داره و قیمت مناسب ۱۰۰۰ #ساختایران,OTHER
1339, چه چیزاااااا عجب هاااا,SURPRISE
1340,ﻣﻦ ﻣﻮﻧﺪﻡ ﮐﺮﻭﮐﺪﯾﻞ ﺧﺠﺎﻟﺖ ﻧﻤﯿﮑﺸﻪ ﺑﺎ ﺍﻭﻥ ﻫﯿﮑﻠﺶ ﺗﺨﻢ ﻣﯿﺬﺍﺭﻩ؟ !! اخه کصاااافط تو بايد بزائي!!!!!! ﺳوسول . يهو يادش افتادم اعصابم خورد شد,ANGRY
1341,نمی دانم و نمی توانم از حجم دلتنگیم بگریزم ، می نویسم تا از هراس نبودنت کاسته شود ...,SAD
1342,خب دیگه ناراحت ترین نیستم الان یه دختر کل دیشب نخوابیده ی نسبتا عصبی هستم,ANGRY
1343,من بدون هیچ سهمیه ای پزشک شده ام ...این کشور متعلق به من نیز هست ...مرا مجبور به فرار نکنید.#نه_به_سهمیه,OTHER
1344,و #١۴_آبان و سالگرد شروع بدبختی,SAD
1345,مستند انقلاب 57 ر از شبکه من و تو دیدم ... ب حماقت و بلاهت منقلبین اون دوران ، زهر خندیدم ...,SAD
1346,چقدر از خودِ سالهای گذشته ام نفرت دارم. چقدر از الانِ خودم بیزارم. چقدر از آینده ای که قراره بیاد حالم بهم میخوره. چقدر تموم شده ام من.,HATE
1347,واییییی عجب من بدشانسم اگه بجای  اون ۵ چهار میومد من برنده میشدم?????,SAD
1348,ریشم بلند شده ولی یه طرفش از اون طرفش بلندتره اعصابم خورد شد رفتم بزنم کلا دیدم تیغ نمیگیره ماشینم که ندارم کسی پیشنهادی چیزی داره؟!!,ANGRY
1349,یکساله سیگارو ترک کردم، الان گاهی که اعصابم خورد میشه به خودم میگم بذار دوباره سیگاری شم، ولی وقتی قیمتاشو میبینم میگم تو گوه میخوری بخوای دوباره سیگاری بشی. بعد بجاش سعی میکنم با یه روش ارزونتر به سلامتیم ضرر بزنم، مثلا با دست کثیف غذا میخورم یا مثلا مستقیم نگاه میکنم به خورشید,ANGRY
1350,""" """"برای بار سوم از این دستگاه لذت میبرمما شب چهارم بود که با یک گروه دانشجویی از تهران رسیدیم بم. صبح شد وحشت برم داشت از دیدن اون حجم غم و آوار. آخرالزمان بود انگار. یک گروه رفتن برا کفن و دفن. بعد یک روز پراکندهکاری، همراه برخی، به این نتیجه رسیدیم تنها کار مفیدی که هست، همون کفن و دفنه؛ دلش رو نداشتیم، برگشتیم! …""",FEAR
1351,وای دارم شاخ درمی‌آورم عجب آدم پست دروغگویی,SURPRISE
1352,روحش شاد.چه صدای بیادماندنی داشتند.,SAD
1353,وظیفه خودم می دونم در این شرایط بد اقتصادی تشکر ویژه ای کنم از صنف جیب بران که بدون اعتصاب و اعتراض مردم را از یاد نبرده و صادقانه دارن زحمت میکشند خدا قوت,OTHER
1354,اعلام میکنم؛ ما باختیم،بدم باختیم #ایران_ژاپن,SAD
1355,ترشروئی حواریون هاشمی بابت چند انتقاد لطیف موسوی خوئینیها نسبت به آن معظم له (!) موید آنست در فاهمه حواریون هاشمی را باید این گونه فهمید و درحقیقت هاشمی راخلق کردیم آنگاه به فرشتگان گفتیم برای او سجده کنید. پس همه سجده کردند؛ جز خوئینیها که از سجده کنندگان نبود!! #داریوش_سجادی,OTHER
1356,از اسلام متنفر شدم,HATE
1357,#چهل_سال_سازندگی ؟؟ فاک ! #نه_به_انتقال_آب_خزر #اسماعیل_بخشی #دراویش_گنابادی #تفتیش_عقاید #حقوق_های_نجمومی #رئیس_بنیاد_مستضعفان_لکسوس_سوار #زلزله #کرمانشاه #سیستان #کولبر #آقازاده #بیت_المال #کودک_همسری #آزادی #آزادی #آزادی #چهل_سال_شکست ! چهل سال حقارت.بدبختی.فلاکت.چهل سال هیچ.,ANGRY
1358,""" """"خوبه  و رضایت بخشه برای هدیه به همسرم خریدمرو شدن حقیقت ترس داره سال ها سرکوب کردین. مدنی ترین خواسته مردمی که رای دادند و به دنبال رایشون بودند رو نادیده گرفتین .#مذاکرات۸۸ #میر_حسین_موسوی""",FEAR
1359,شباهتهای بین فشار امروز تحریم بر ایران و کودتای ۲۸ مرداد قابل تامل است. پخش خبر جعلی و هدف قرار دادن اعتماد مردم از مهمترین عوامل موفقیت کودتای علیه مصدق بود. نقش جنگ رسانهای در خدشه وارد کردن به اعتماد مردم در تشدید بحران ارزی را نباید نادیده گرفت: …,OTHER
1360,ترفند نخ نمای سنگر گرفتن جلادان و ایادی آنها پشت شعار«نه به خشونت» سالهاست کاربرد خود را از دست داده و این تشت رسوایی نیز از پشت بام معرفت مردم به زیر افتاده است.,OTHER
1361,از ظاهر و قیمتش خیلی راضی هستم اما واقعا شارژ نگه نمیداره حداکثر 1 ساعت کمی بیشتر... کیفیت صدا مناسبه اما کنترل صدا و بالا و پایین کردن صدا یا عقب و جلو کردن آهنگها خیلی راحت نیست به هرحال مشکل عمده من میزان شارژ باطری برای استفاده بی سیم هست که متاسفانه خیلی زمان کمی میتونم اینجوری گوش بدم,SAD
1362,راز موفقیت در این است که کل انرژیتان را صرف ساختن عادت جدید کنی نه صرف جنگیدن با عادات قدیم,OTHER
1363,شوهر آینده من باید از بچه متنفر باشه از بچه دختر متنفرتر,HATE
1364,جفری دامر دوست داشت بیشتر توی خانه غذا بخورد.تنها.مامانش بهم گفته از بچهگی عادتش بوده،حتا عروسکاشم میخورد. همهچیز از زمانی بههم ریخت که یکی از دوستاش به جفری گفت من باید برم بیرون ی چیزی بخورم.نباید به جفری چنین چیزی گفت،او مدتی بود که ترس از تنهایی داشت. برا شام برین پیشش.,FEAR
1365,الان هم به صورت غریزی همش منتظرم که نوتیفیکیشن لایک و کامنت به به برام بیاد #چندتا_لایک_داره لعنت به فرهنگ غلط استفاده از #اینستاگرام,ANGRY
1366,خودت باش، دنبال منجی نگرد. میدانم برایت سخت است، وحشت میکنی، پنیک میزنی، اما تنها راهش همین است!,FEAR
1367,من نمیتونم از چیزی لذت ببرم مگه اینکه همه ازش لذت ببرن. اگر یک نفر از از گرسنگی در حال مردن باشه این موضوع شب منو خراب میکنه ... #وودی_آلن,SAD
1368,به رفیقمون که میزبانمون هست ..گفتم عجب منطقه زیباییه ...ایشون فرمودن ...این که چیزی نیست ...توی این هفته میبرمت غرب اونتاریو ...یه جاهایی رو نشونت میدم که از شدت زیبایی عر عر کنی!!!! ...یه افق اگه دم دستتون هس ..بریم محو بشیم ...,SURPRISE
1369,از اشرف مخلوقات بودن خودمون باید شرم کرد …,SAD
1370,""" """"سلام این مداد نوکی بهترین موردی هست که تا به حال دیدم و استفاده کردم.فقط تو شگفت انگیز ارزش خرید داره خیلی جاداره ولی جنس آسترش ضعیفه""",OTHER
1371,کیفیت دسته و میله خوبه ولی نوک پیچ گوشتی صاف برش نخورده و مقداری زاویه داره.میخواستم برگشت بدم ولی گفتم ولش کن. نمیدونم شاید برای من اینجوری در اومده ولی همین نشون میده کفیت ساختش پایینه.,SAD
1372,لطفا فراموش نکنیم: توییتر، تلگرام و سایر شبکه های اجتماعی مکان تخلیه وسبک شدن احساسات وخشمهایمان نیست بلکه آنها را باید در خیابان ،در علم اندوزی، اعتصاب و اعتراض ونافرمانیهای مدنیمان فریاد بزنیم ،به عمل کار بر آید. #IraniansWantRegimeChange,OTHER
1373,سلام به همه بنده از این دستگاه پمپ دو عدد خریداری کردم هردو خراب شدن یکی دو بار استفاده کردیم خراب شد یه جوری که از اسم بلک آن دیگر متنفر شدم,HATE
1374,محمد عزیز، به شورای عالی هزار و یک نقد وارد است، از شیوه تشکیل و انتخاب اعضایش گرفته تا عملکرد و کارنامه اش. اما سودای حذف آن به بهانه این هزار و یک انتقاد چیزی جز شیوه های پوپولیستی نیست. نهاد کثرت گرا به وجود نمی آید جز با ترقی و اصلاح نهادهای مدنی و واسط در جامعه نه حذف آنها.,OTHER
1375,این تصویر یک خانوادهی ۱۲ نفرهی سوئدی است؛ ده خواهر و برادر تنی. مستندی برایشان ساختهاند پر از رنگ و شادی، همه مدرن و موفق و اسبسوار. حالا اگر به همینها بگویند برو در ایران از یک خانوادهی دهنفره فیلم بساز کل موضوع فیلم میشود بهرهکشی از زنان در اسلام، غم و بدبختی و رنج.,SAD
1376,اعصابم خرد شد لانتوری رو دیدم,ANGRY
1377,عملیات مرصاد با نام دو سردار بزرگ دفاع مقدس، علی صیاد شیرازی و نورعلی شوشتری عجین است دو سرداری که عاقبت هم طعمهی ترور کفتارهای رجویست شدند و به شهادت رسیدند در این شب جمعه برای شادی روحشان فاتحهای بخوانیم #ردخون,SAD
1378,میشه تو چیزی که تخصص نداری حرف الکی نزنی و بشینی سر جات وظیفه تو اینه که به اوضاع افتضاح اداره مملکت اعتراض کنی به اوضاع #دلار #قطعی_برق و #سهمیه های ناحق علمی البته اینم بگم شما مسئولا توی کارتونم تخصص ندارید و با رانت و رابطه به اینجا رسیدید …,ANGRY
1379,من خر نیستم؛دهن که باز میکنی میفهمم که اخرین کتابی که خوندی برمیگرده به چهار سالگیت،تازه اونم مامانت خونده برات نه خودت،پس برای من ادای روشن فکرای کتابخون خفن رو در نیار که واقعا چندشم میشه!!!نصف شبی گند زدی تو اعصابم!,ANGRY
1380,در صورت اجرای واقعی، پروژه ای مانند ساخت یک جنگنده موجد حداقل 5 تا 7 فناوری تحول آفرین مثل قطعه مرکزی بال یا اولین ریزپردازنده است، که سرریز آنها صنعت یک کشوررا دگرگون می کند. فناوری در خلا به وجود نمی آید و ناپدید نمیشود، درختی است درحال شاخ و برگ دادن و تنومندتر شدن/تمام.,OTHER
1381,خوب میرویم برای فاز ماهیانه آنفالو کردن. نشانهای از حیات بدهید تا از این فیلتر با موفقیت عبور کنید #خوانهفتم,HAPPY
1382,الان تراکتوریا آهنگ شاد کیتارورو گذاشتن، استقلالیا آهنگای غمانگیزش,OTHER
1383,شادیهای بعد از بازی دیشب تیم فوتبال نشون داد اگر مردم غیرت و همت و مقاومت و تلاش ببینن حتی پیروزی هم نباشه باز حمایت میکنن مسئولان جمهوری اسلامی نیز اگر به دنبال جلب رضایت و حمایت مردم هستن باید از این واقعه درس بگیرن,OTHER
1384,"""موفقیت باخودش دشمن میاره! میتونی موفق باشی ودشمن داشته باشی؛ یامیتونی شکست بخوری و """"دوست"""" داشته باشی!""",OTHER
1385,توزیع نابرابر الکترونها در سطح خارجی کابلهای خطوط انتقال در اثر پدیده کرونا …,OTHER
1386,هرگز نخواب کوروش / ای مهر آریایی بی نام تو وطن نیز / نام و نشان ندارد ۷آبان روز کوروش بزرگ رو به تمام هموطنان عزیزم شاد باش میگم,HAPPY
1387,کلا دو تا تیم خوب تو جام جهانی هستن که اونا هم بدبختی با ما تو ی گروهن,SAD
1388,رفیق هرنوعی با هرنوعش گشتیم و دیدیم که تهش با زخمی تنهاییم ولی خوش گذشت یه وقتایی ...,SAD
1389,برنی سندرز درباره ونزوئلا نوشته: دولت مادورو جامعه مدنی ونزوئلا را با خشونت سرکوب کرده، قانون اساسی را با منحل کردن شورای ملی نقض کرده، و پارسال در انتخاباتی برنده شده که بسیاری از ناظران آن را تقلبی خواندند. وضعیت اقتصادی فاجعه است و میلیونها نفر در حال مهاجرت هستند. (رشته) …,SAD
1390,اقامت کجا رو میخوای حالا ؟ فردا میگیرنت بعد هم فرار و اعلام پناهندگی سیاسی,OTHER
1391,""" """"با اجازه ادمین ????یکی از عجیبترین و در عین حال بهترین موزیک ویدئوهایی که دیدم همین Up & Up از coldplay هستش. دو کارگردان اسرائیلی که با خلاقیتشون تونستن تصاویر سورئال عالی خلق کنن.""",HAPPY
1392,یکی از رفقامون اخیرا بچه گیرش اومده اسمش رو گذاشته #خیام چه عجب یه اسم متفاوت و خوب دیدیم.,SURPRISE
1393,وقتی یه خشونت دوطرفهای اتفاق میفته، کسی مقصره که رسانه دستش نیست.,OTHER
1394,تعداد زیادی از مبارزان سیاسی و اجتماعی اینروزها بدون ریشه های قوی عقیدتی و بدون آموزش هستند و طبیعتا اهل مبارزه نظامی یا تشکیلاتی هم نیستند و اصولا پناهندگی و خارج رفتن را یک موفقیت برای خود میدانند /۲,OTHER
1395,ذکر روز سه شنبه: صد مرتبه: درود بر Excel و مرگ بر Word دوستان تکرار فرمایید,OTHER
1396,لعنتی بفهم الان وقت توییتر نیست بفهم بدبختی داری امسال بیچارگی داری امسال بگیر بکپ واسه ایندت یه غلطی بکنی بکپپپپ 《وجدانم در تقلا 》,ANGRY
1397,دارن راجعبه اینکه اعتراض کنن یا نه و اینکه چطور و با چه شدتی اعتراض کنن بحث میکنن. بحثهای صد من، یه غاز. دوست دارم بنویسم اعتراض کردن اینقدرا بحث نیاز نداره، لابد اتفاق نظری روی موضوعی که میخواید بکنین نداریم ولی خفه میشم. این ساختار، انگیزه و علاقهام رو محبوس کرده.,SAD
1398,از امروز کار جدیدمو شروع کردم اما حقوقش خیلی کمه با اینکه واقعا بهش نیاز واجبی ندارم و اینکه با اینکه فکر میکردم جذاب باشه اما از نظر روحی ارضا نمیشم و همشه یجوری ام نمی دونم ادامه بدم یا نه؟,SAD
1399,از هر سه زن یکـ زن در جهان نوعی از خشونت فیزیکی را توسط شریکـ زندگیشان تجربه میکنند. منبع:  …,SAD
1400,“سالهاست که برف میبارد اما هیچ آدم برفیای جرئت کارگر ساختن را ندارد،از روزی که همه کارگرها زیر آفتاب آب میشدند” میترسم بعد از مرگ هم کارگر باشم... سابیر هاکا #کارگران_هفت_تپه,SAD
1401,اون زن که توماشین گشت ارشاده خیلی خنده داره.از لب ودهنش قشنگ معلومه شغل قبلیش چی بوده????,HAPPY
1402,پس تاوخت هست بخندید ک ما قیافه ناراحت خودمونم نمیتونیم تحمل کنیم چ برسه ب بقیه. …,HAPPY
1403,"""صدا زیاده بخصوص برا اصلاح تو حمام که صدا میپیچه""""""",OTHER
1404,در سلسله مراتب بحران های سیاسی ، قبل از بحران مشروعیت ،اخرین بحران قرار گرفته است ،و این خطری بزرگ برای جمهوری اسلامی است ! در این فضا نخبگان در کشور منزوی میشوند ، شاهد فرار مغزها و سرمایه ها خواهیم بود! همین دو عامل کافیست که رشد سیاسی و اقتصادی نداشته باشیم /۱۶,OTHER
1405, یکبار گم شد ...گزارش خبری: بیکاری ۳۰۰ هزار کارگر صنعت قطعه سازی. محمدرضا نجفیمنش (دبیر انجمن همگن قطعهسازان): ما زنگ خطر را مدتهاست به صدا درآوردهایم؛ مسئولان به خوبی میدانند که اوضاع تا چه اندازه بحرانیست!,OTHER
1406,انتقاد به #اصلاحات وارد است ، جوانگرایی یک اولویت لازم و غیرقابل انکار ، اصلاحات تشنه تحرک بیشتر ، انرژی مضاعف و نیازمند تزریق خون تازه است و #اصلاح_اصلاحات هم البته ضروری ست. ولی من اصلاحات را بدون #خاتمي نمیتونم باور، درک و حتی تصور کنم . #اصلاحات_بدون_خاتمی_هرگز,OTHER
1407,عجب پیاده روی حقی کردم,HAPPY
1408,شماره اش یادم رفت و اعصابم خورده,ANGRY
1409,سوم: اینکه رهبران معترض سال ۸۸ هدفشون به قدرت رسیدن خود و بازگشت به دوران طلائی امام بود و از مسئولان سابق این رژیم بودند که با ماهیت ساختار سیاسی ونزوئلا و رهبر مخالفان تفاوت اساسی دارند.,OTHER
1410,چه سخت که فرزند ۴ سالهات را ناجوانمردانه به تیر کین ازت بگیرند ... اون هایی که با حمایت خارجی و دست یازیدن به صفیر وحشتناک گلوله و خشونت میخواهند سوغات آزادی و دموکراسی برای ما بیاورند، ارزانی خودشون ! زهی خیال خام! #اهواز,SAD
1411,ازاين خشم بميريد...! هرچه ميخواهيد نشست برگزار كنيداما بدانيد،ماهمچنان ايستــــــاده ايم! #لهستان_گورستان_آمریکا #TrumpFail #USEnd,ANGRY
1412,ترسناک تر از تحریمها و بالا رفتن نرخ ارز، پیر شدن جامعه است. ما در سالهای آینده شوک پیری جامعه رو خواهیم چشید و راهی برای برون رفت از این اتفاق نداریم جز با بالا بردن سن بازنشستگی و این یعنی یک حرکت به عقب در تعامل استراتژی امروز در به کارگیری مدیران جوان در دستگاههای دولتیست,FEAR
1413,پیامبر(ص)فرمود:«خداوند بهشت را حرام کرده بر هر دشنام دهنده بی آبروی بی حیایی که از آن چه می گوید و از آن چه به او گفته می شود باکی ندارد و متاثر و ناراحت نمی شود.» صرفاً جهت بی ادب های تایم چه دختر و چه پسر,SAD
1414,میخواستم این ساعت رو سفارش بدم .سوال داشتم امکانش هست همزمان با این ساعت هدست بلوتوث هم به گوشی متصل بشه یعنی گوشب همزمان به دوتا وسبله اتصال بلوتوث داشته باشه,OTHER
1415,جوابمو با يه #خواهش_ميكنم خشك و خالي داد اعصابم خورد شد اومقدر كه گوشيو شوت كردم يه گوشه بعد از يه مدت گوشيمو چك كردم پيام داده بود!!,ANGRY
1416,گویند: #اسماعیل_بخشی رو با همکاری نیروهای امنیتی_اطلاعاتی بازداشت کردند و قصد فرار از کشور را داشته.ایشان با وثیقه پانصد میلیون تومانی از زندان آزاد شده بود و ممنوعالخروج هم نبود.ایشان در خانهاش بازداشت شده است.پس فرار بی معنی ست.,OTHER
1417,"""دوستت دارم ولی دیگر نخواهم گفت چون """"دوستت دارم"""" شده قربانی تکرار ها خنده های زورکی را خوب یادم داده ای مهربان بودی ولیکن مثل مهماندارها #سيد_تقى_سيدى""",SAD
1418,قاتل همان است که دههی ۶۰ هم بود. بدون ذرهای تغییر. جنازهها را میدزدد. هنوز همان اندازه حقیر و وحشت زده. از بدنهای بیجان میترسد. از خاک سپاری، از قبرها حتی. #محمد_ثلاث …,FEAR
1419,آدم از حضور یکباره این همه دانشمند، تحلیلگر، منتقد، فاضل، ادیب، پیر طریقت و فعال تمامی حوزه ها توی توئیتر احساس وحشت میکنه.,FEAR
1420,هرچی بدبختی سرمون اومده ازین صداوسیمای درپیته که بایدتحریمشه #IraniansWantIRIBban,ANGRY
1421,""" """"همین امروز به دستم رسید نسبت به قیمتش تو شگفت انگیز بسیار عالی حتمآ پیشنهاد خریدشو میدم به کسایی که خاص هستندTo do ليست اين هفتم واقعااا وحشت ناك بود و هست .. خوشحال ترينم از اين كه سه روزش به خير گذشته و براي سه روز شلوغ و پر ترافيك پيش رو واقعا نگرانم ..""",FEAR
1422,دیکشنری کمبریج واژهی #نوموفوبیا Nomophobia# بهمعنای «بیگوشیهراسی» یا «هراس ناشی از همراه نداشتن یا شارژ نبودن موبایل» را واژهی سال ۲۰۱۸ معرفی کرده که سرواژهی این عبارت است: no mobile phone phobia  …,OTHER
1423,سلام میخواستم شمارمو تغییر بدم چکار باید بکنم.تشکر,OTHER
1424,فکر کنم آدم بدعنق و نکبتی شدم چون اخیراً رو اعصابم میره وقتی میبینم هنوز آدما توی دغدغههای آهنگ فرستادن برای همدیگه و کاپل گولز و لایف گولز و اینان که همهشم قرقره شده از فرندزه و آمریکاییبازی.,ANGRY
1425,ملت اونقدر بدبختی دارن که دیگه به این چیزا فکر نمیکنن …,SAD
1426,باسلام من رنگ مشکی  این کیف رو خریدم کیف قشنگ و جاداریه  رنگش خوبه جنس آسترش تعریفی نداره یه جوری مثل مشنبایی میمونه ،کاشکی بند بلند  رو دوشی هم داشت ،من فقط تو شگفت انگیز پشنهاد میدم در غیر این صورت گرونه,OTHER
1427, ?مزایده شگفت انگیز عقیق یمنی و فیروزه نیشابورقاعدتا این کارها مال اینستاگرامه. اما من از اونجا خوشم نمیاد. میخوام اینجا اولیننفر باشم و مژدهی یک مجلهی جوان و پرنشاط بدم در این روزهای خشکسالی کاغذ و قلم. #حوالی,HAPPY
1428,با انجام انتخابات هیئت رئیسه کمیسیون آموزش و تحقیقات دکتر #عارف با ۱۳ رای در برابر ۹ رای آقای زاهدی به ریاست کمیسیون برگزیده شد. به امید اتفاقات بهتر و اصلاح وضعیت آموزش و پرورش و آموزش عالی. مجلس باید حامی حقوق #دانشجویان باشد.,OTHER
1429,مطلب تحلیلی جالبی هست در مورد رای دادگاه دیوان عالی در مورد قانون منع ورود مسلمانان. …,OTHER
1430,هیشکی روز دانشجو رو بهم تبریک نگفت,SAD
1431,وقتی گوشی نداری تا دیروز و امروز موجودی اکثر گوشیهاتو از ترس پایین اومدن بیشتر دلار شارژ میکنی #تحریم_دیجیکالا,FEAR
1432,خدا از تقصیرتان نگذرد. چرا خانم محترمی باید ساعت ۱۰ شب در مترو سمبوسه فروشی کند؟ غیر از این است که محتاج است؟ لعنت به مسئولان مفت خور بی عرضه بی غیرت.,ANGRY
1433,من هفته پیش این کاور رو خریدم نسبت به تصویری که در عکس می بینید کیفیت بسیار پایین تره داره، دکمه کناری که برای کم و زیاد کردن صدا استفاده می شه شل و بی کیفیته و با چند بار استفاده کلا از جا کنده میشه! اینقدر بدم اومد که حتی یکبار هم ازش استفاده نکردم با خرید این کاور فقط پول تونو دور می ریزید!,SAD
1434,یک پایانی دیگر بر دیکتاتوری .کار تمام شده تا چند روز دیگه یارو فرار مکنه به مسکو اونجام سرطان میگیره بعد تمام. اینه وحدت …,OTHER
1435,عکس «مونا» و «صبا» دو فرشته سوخته در آتش ناکارآمدیها و آزمندی مسئولان نالایق این هر دو جگر گوشـــــه دو بالند مرا مشکن بالــــــــم که وقت پرواز منست,SAD
1436,دلم اون حالیو میخواد که اونقدر فکرم رها باشه اونقدر سرگرم خوندن شاهکارای ادبی دنیا باشم ساعت ۳ یهو ب پنجره نگاه کنم ببینم برف میاد و ده ها برابر حالم خوب شه و با اشتیاق ب خوندن ادامه بدم,HAPPY
1437, از اپ مخصوصش استفاده میکنم که مصرف باتری کمتر باشهمطهری یه گهی خورد تو خودتو ناراحت نکن,ANGRY
1438,یه پسره هست زیر هر توییتی که میام ریپلای کنم، قبلش ریپلای کرده، و چون ازش خوشم نمیاد، من دیگه ریپلای نمیکنم. اه اعصابم خورد شد.,ANGRY
1439,چی گوش بدم این وقته شب_صبح؟؟؟؟؟ اهنگی ک گوش میدین الانو بگین,OTHER
1440,راستش این آتش زدن زمینهای کشاورزی اسراییل هم به تخم ماست. کلا اون منطقه به تخم ماست. اسراییل باید یه شریک تجاری عالی برای آیندهٔ ایران باشه. وگرنه جنگشون با حماس به ما چه؟,OTHER
1441,آقای ابی  دختره ی بیچاره اینهمه خونه رو تمیز کرد پنجرها رو پاک کرد قدرشو ندونستی گذاشت رفت حالا از «غبار پشت شیشه» باید بفهمی رفته؟ ادعای عشق و عاشقی هم میکنی؟ یه لحظه یادم افتاد اعصابم خورد شد.,ANGRY
1442,نمیگیم بابا. از ترس حقارت یا قضاوت اینجام خودسانسوری بیداد میکنه. اینجا فقط انگار بیماران سرطانی بیشتر راستو میگن …,FEAR
1443,بعضی وقتا انقد از خودم بدم میاد که میخوام در اون لحظه محو شم یکم برم و بیام و کسی ندونه کجام تا اینکه یکم قابل تحمل شم.,HATE
1444,سلام.من این و بهمراه ریش تراش پاناسونیک از همین دیجی کالا سفارش دادم خیلی هم ازش راضیم و به نسبت کف ریش با مقدار کمتری از این ژل صورتم و شچاصلاح میکردم.الان اومدم باز سفارش بدم متأسفانه قیمتش سه برابر شده و با این قیمت دیگه صرفه نداره,SAD
1445,از اپلای کردن متنفرم، فرقی نداره برای کار یا درس اینقدر که ادا اطوار دارن اینا و گیر جزئیاتن توی یه ایمیل ساده و درخواست نوشتن. از نتایج هم که دیگه هیچی!,HATE
1446,اینکه افرادی را که وزنشون زیاده یا به قولی اضافه وزن دارن را بهشون بگیم مثل خرس میمونی یا فلانی خرس شده خشونت کلامی هست. Fat Shaming یه نوع خشونته. اینکه یه انسانی را به خاطر ظاهرش کاملا بعد انسنانیش را نادیده بگیریم اینکه افراد را تقلیل بدیم به یکی از ویژگیهای ظاهریشون خوب نیست,SAD
1447,اغلب امور نامطلوب دنیا از کنترل ما خارج هستن؛ اما تاثیر اونها بر ما تا حد زیادی تابع نوع نگرش، تفسیر و شناختیه که ازشون داریم. اثر حادثهای یکسان، بر هیچ دو فردی به یک شکل نیست,OTHER
1448,ببینین مردم جلوی چه کسایی دارن اعتراض میکنن,SURPRISE
1449,یادمه تو سریال فرندز، ننهبابای راس و مونیکا خیلی از مونیکا انتقاد میکردن و راس رو دوست داشتن. آخرش یبار که راس گند بزرگی زد و برا ننهبابا تعریف کرد، ننه بابا رو به مونیکا کردن و گفتن «و تو میدونستی و هیچکار نکردی؟!!» حکایت بعضی از خود شماهاست.... بعضیا البته,SAD
1450,اومدم بگم عصبیم و برم,ANGRY
1451,اینی ک من دیدم خودش روزی ۴۰بار جق میزنه عیبی نداره ناراحت نشین??,OTHER
1452,ولی ب نظرم جمهوری اسلامی خودش کوتاه اومد، وگرنه حتمن در توانش بود ک جماعت سرگردان ایران رو حتا پس از شکست 3-0 جلوی ژاپن ب خیابونها بکشونه ک جشن بگیرن و بوق بوق کنند. #ایران_ژاپن,OTHER
1453,بمناسبت #روز_دانشجو، خط حزبالله ۸ سؤال دانشجویان از رهبرانقلاب را منتشر میکند: 1. آیاموافق نظارت بر ولی فقیه هستید؟ 2. نظر شما درباره نظارت استصوابی چیست؟ 3. آیااز وضعیت مبارزه با فسادراضی هستید؟ 4. چرا با مسئولان خاطی برخورد نمیکنید؟ 5. نظر شما درباره عدالتخواهی چیست؟ 6. و...,OTHER
1454,جهان خراب شود، باز دوستت دارم که عشق، فاجعه را بارها عوض کردهست سحر و صبحتون بخیر و حال و هوای دوست داشتن و دوست داشته شدن دوستان خوبم,HAPPY
1455,پدر میگفت موقع موشک بارونای اهواز یک روز آقایی زنگ میزنه به خونه میگه اهواز آشنایی ندارم شانسی شمارو گرفتم، برین ببینین فلان محله امروز موشک زدن خانوادم در چه حالین. پدر هم میره به آدرس و مبهوت میبینه که جنازه هارو یکی یکی دارن میارن بیرون...,SAD
1456,۲_ یک امشب رو اجالتا به این فکر نکنید که بعد از مراسم چقدر از گناهام بخشیده شده فلسفه شب رو تلاش کنیم درک کنیم البته خودم هم خیلی عالی نیستم,SAD
1457,موفقیت #ایمپلنت چاپی زیست تخریب پذیر برای ترمیم #آسیب_نخاعی در موش ها #نخاع #معلولان #چاپ_زیستی #چاپ3بعدی #سلول_بنیادی …,HAPPY
1458,فراز دیگری از مبارزات #رضاپهلوی پس از غواصی،کازینو،، رقص،تبریک فوتبالی،تسلیت به سپاه و.... -آخه فکر آبروی خودت رو بکن! سیمای آزادی یه تلویزیونه، بخاطر فقر مردم فیلم غذا نشون نمیده... تو توی خونت غذا میخوری فیلمش رو میذاری تو این وضعیت گشنگی مردم؟ چقد بچهای تو!!!,ANGRY
1459,رویترز: اعتراض نیروهای مورد حمایت ایران به استقرار نیروهای روسی در مرز سوریه و لبنان,OTHER
1460,اگر یک هفت تیر داشته باشین با یک گلوله و مجبورتون کنن بین محمدرضا ژاله و حسن رضاییان (دکلمه گویای کسشر و شاخ اینستاگرام) میتونی یه نفر رو راحتش کنید کدوم رو انتخاب میکنید؟ خودم: خودم رو میکشم چون دریای آدمهای کسشر و سخیف پسند و مبتذل ساحل ندارد و نخواهد ساد,ANGRY
1461,پنج دقیقه دم در آسانسور منتظر میمونی که بری منهای ۴ دوباره برگردی سرجات بعد بری طبقه ۲؟؟ واقعا احسنت به تو,OTHER
1462,تو این ساعات اولیه روز تولدم، تنها دعا و آرزویی که دارم اینه که تمام اعضای خانوادهم و تمام دوست و رفیقام همیشه سلامت، شاد، موفق و خوشبخت باشن و هر چه زودتر سختیهای این روزگار براشون رد شه,OTHER
1463,رنگش پر از خش بود و مجبور شدم بدم مجدد رنگش کنند,SAD
1464,قسمت ترسناک زندگیم اونجاست ... که نمیدونم این روزایى که دارن میگذرن، روزهاى خوبم هستن یا بد!!!!!,FEAR
1465,"""ریاض در پی انتقاد کانادا از بازداشت فعالان حقوق بشری در عربستان سعودی، سفیر این کشور را اخراج و روابط بازرگانی خود با کانادا را متوقف کرد. مقامات سعودی در این رابطه از """"دخالت کانادا"""" در امور داخلی عربستان سخن گفتهاند.""",OTHER
1466,عجب ترشتگنی شده سیلسن,SURPRISE
1467,شبی که او رخ بنماید عجب شبی است ! شب دیدار یار و دلبر عجب شبی است ! بی انتهاست آن شبِ #یلدا عجب شبی است ! #اللهم_عجل_لولیک_الفرج,HAPPY
1468,علامه قزوینی در نامهای نوشت : لعنت خداوند و ملائکهش و انبیا و اولیا و اوصیا و اتقیا و صلحا بر نویسندگان این روزنامهجات و محررین آنها و سردبیران آنها و مستخدمین آنها و چاپچیهای آنها و تمام عملجات موت زبان فارسی بیاید. تازه روزنامهها و روزنامهنگاران آن روزگار را میگفت,HATE
1469,بد نیست جنبش نه به خشونت علیه درونگراها راه بندازیم.,OTHER
1470,یکفوریه پریزنتیشن یک سالم رو باید ارائه بدم و موفقیت آمیزم باشه وگرنه نمیرم مرحله بعد,OTHER
1471,منتظر هر چی باشی وارد زندگیت میشه . پس دائم با خودت تکرار کن : من امروز منتظر عالی ترین اتفاق ها هستم ...,HAPPY
1472,""" """"سلاممن 7200 خریدم از این تامین کننده با تخفیف اومدم نظر بدم دیدم قیمت رو برده بالا ولی همین سایت قیمت 7700 هم داره جنسش خوبه""",OTHER
1473,بیزارم از آن خدایی که به طاعت من از من خشنود شود و به معصیت من بر من خشم گیرد. پس او خود در بند من است تا من چه کنم... #عطار,HATE
1474,از دانشگاه و درس های نامربوط دینی متنفرم #براندازم,HATE
1475,از این برند انتظار بهتری داشتم. اثرات آن دوام زیاد ندارد. صرفا خرید در شگفت انگیز ارزش دارد.,SAD
1476,برای حمایت از تازهواردین حزباللهی توئیتر، کسایی که تازهوارد هستن زیر این توییت خودشون رو معرفی کنن یا شما معرفیشون کنین تا این توییت من هرچه بیشتر دیده بشه و فیواستار بشه و تازهواردین من رو فالو کنن و من فالو آنفالوشون کنم تا من شاخ بشم و باندم رو تشکیل بدم,OTHER
1477,ایران فدای اشک و خنده تو,OTHER
1478,طرف اومده اینستاگرم واسم کامنت داده “صفحه تون عالیه” .خوب کجاش عالیه دیوانه. خیلی خیلی ، صفحه ام خوب باشه، چی داره که عالی باشه؟؟؟ خواسته یه چی بگه نگفته نمونه. خودش با شیش تا پست ،هزار و خورده ای فالوور داره. اون شیش تا عکس رو هزار نفر فالو میکنن یعنی . عجبا :)),SURPRISE
1479, عجب، بازم عجب، چه جالب، ایرانه دیگه، افرین، مبارک باشه، میگم از عمو فیروز خبری نیست،,SURPRISE
1480,دیروز یکی از کسایی که میشناختم و برام عزیز بود، خودکشی کرده(میتونید سری توییتهای دیشبم رو ببینید) و دیگه پیشمون نیست، ولی وقتی یادم میاد بارها از بد بودن حالش و بیانگیزه بودنش حرف زده بود و من بهش بیتوجه بودم، از خودم بدم میاد. دنیاتونو بزرگ کنید، به آدمها برچسب نزنید.  …,HATE
1481,انشااله همه ی بچهوها در هر کجای دنیا،تو آرامش و امنیت زندگی کنن . کاش همیشه شاد و سلامت و به دور از گزندها و آزارها باشن،الهی آمین,HAPPY
1482,این موقع شب توییت موفقیت و انگیزشی میزنید؟ شما فراتوییتری هستید,SURPRISE
1483,در #انتخاب ها دقت کنیم مراقب باشیم نتایج نامطلوب انتخاب ها ، را به اسم چیزهای دیگر به خوردمان ندهند مثلا : صف گوشت نتیجه انتخابه ، نه انقلاب ! سوء تدبیرها نتیجه انتخابه ، نه انقلاب ! برجام و #fatf نتیجه انتخابه ، نه انقلاب ! پالرمو و #cft نتیجه انتخابه ، نه انقلاب !,OTHER
1484,تو برایِ من چیزی هستی شبیه دریا بر من چیره میشوی مجذوبم میکنی شیفتهام میکنی حتی در عین حال ترس در دلم مینشانی از بیحدیات واهمه دارم . . . #فرانتس_کافکا,FEAR
1485,ریشه مشکلات مردم حضرت محمد صلی الله علیه و آله خشم خدابرمردم وقتی عذاب نازل نشود: قیمتها بالامیرود، آبادانی اش کاهش مییابد، بازرگانانش سودنمیبرند، میوه هایش رشدنمیکنند، جوی هایش پُرآب نمیگردند، باران فرونمیبارد، افرادشروربرآن سلطه مییابند. کافی،ج۵،ص۳۱۷ *خشم خداراببینیم*,OTHER
1486,این داستان رشت و اتفاقات زشت آنجا هم در من بشخصه اولین تاثیری که بجا میگذارد خشم و نفرت است هزاربار در ذهنم دندانهای آن مرد کت مشکی کلاه به سر را در دهانش خرد میکنم و به زیر مشت ولگد میبندمش.هزار بار فحش میدهم،تا وقتی موضوعی دیگر بخوانم و از آن بگذرم اما درپس ذهنم این خشم میماند,HATE
1487,کارتها را ریختند نقشها تقسیم شد شاه،سرباز،جلاد،دزد عجب نمایش ترسناکی خواهد شد...,FEAR
1488,اعصابم خورده. این ور مرد دو زنه تا دلت بخواد ریخته. اعصابم خورده از کسایی که میگن اگر زنش بعد از ازدواج دوم همسرش بهش محل میداد شاید بهش توجه کنه دوباره. اعصابم خورده از همهی این ناحقیهایی که اینور در حق زنها میشه!,ANGRY
1489,محبوب من، من از صدای بلند متنفرم خواهشا مراعات کن.,HATE
1490,امروز اگه تنها بودم خودکشی میکردم، از خودم متنفرم,HATE
1491,این حجم از خشم و نفرت در من نمیگنجه الان,ANGRY
1492,کولبران، رنج انکار کارشناسان سال هاست می کوشند مسئولان را متقاعد کنند کولبری را به رسمیت بشناسند و برای آن شرایط قانونی تعریف کنند. اگر پیله وری جایگزین مناسبی برای کولبری محسوب میشد احتمالا دیگر نباید خبر کشته شدن یک کولبر دیگر روی خروجی سایت ها قرار می گرفت... ۱۱ آذر در همشهری,OTHER
1493,من همش پولای توی کیف پولمو از بزرگ به کوچیک میچینم. یعنی ۱۰ تومنی اون پشته بعد ۵ تومنی بعد ۲ تومنی و بعدش ۱ تومنی. مثلا اگه یه دونه ۲ تومنی بین ۱۰ و ۵ تومنی قرار بگیره اعصابم خورد میشه. درگیریم به خدا=)))),ANGRY
1494,دختر پسر نداره ولی با جمله آخر کاملا مخالفم. در کنار حسرت همواره یک کورسوی امید دائمی هم هست که با نه شنیدن از بین میره. اساسا باید وقتی پیشنهاد داد که در موضع برتر هستی و احتمال بسیار بالایی رو از موفقیت متصوری. …,OTHER
1495,امیدوارم هفته ای پر از موفقیت رو سپری کنید ، به دور از این همه دغدغه های سیاسی ، اجتماعی و بخصوص اقتصادی ، #شنبه #جراحی_پنج_صبح #پرانرژی_امیدوار_به_آینده,HAPPY
1496,مرگ تو دنیایی مجازی هم عجب عالمی داره. روحت شاد آقای طنزپرداز. طنزپرداز مورد نظر دیگر موجودی ندارد. :(((((( #علیرضا_رضایی,SURPRISE
1497,به حمدالله تصوير ذهنى ايشان از بنده شاد و معنوى است #رفيقبیکلک,HAPPY
1498,"به اونجایی برسی که بفهمی هرچیزی یه پایانی داره مثل رابطه یا زندگی و به این ترس همیشه فکر کنی, ترس پایان هرچیزی و این ترسو تو خودت سرکوب نکنی مطمئنا بعد خیلی از دست دادنها نه تنها ناراحت نیستی بلکه باعث میشه به تغییرات فکر کنی و به یه خوشحالی درون برسی",FEAR
1499,زمان پهلوی ساواک شایعه میکرد که در منازل هم شنود دارد(طبق شنیده ها)تا مردم جرات ابراز نظر در خانه خود را هم نداشته باشند و امروز جمهوری جنایتکار اسلامی هم همین بازی رو در پیش گرفته،نظام بخاطر وحشت از مردم توسط عوامل خودش این چرندیات رو به خورد مردم میده تا ایجاد ترس کنه.شک نکنید,FEAR
1500,شهیدی که وسط عملیات شناسایی یهو عشقش کشید بره کربلا، زیارت! پشت #خاکریزهای_برخط نمونیم، از راه کربلا بریم تا به قدس برسیم. شب جمعه ای شادی روحش صلوات بفرستید #شهید_مهدی_زین_الدین,OTHER
1501,برای دوستانی که سوال شده براشون امروز تجمعی در اعتراض به حذف مدارس متوسطه اول از #سمپاد مقابل ساختمان وزارت آموزش و پرورش شکل گرفت که نتیجهی آن جلسهی معترضین با دبیرکل(دکتر مهدی نوید) و برخی اعضای شورای عالی آموزش و پرورش بود. نمایندههایی پیگیر تغییر این تصمیم شدند. #امیدواریم,OTHER
1502,لعنت به بودن های بدون بودنت...,SAD
1503, از ساندیس خور متنفرم,HATE
1504,#امام_موسی_کاظم زیر علم امام کاظم بودن غرق کرم امام کاظم بودن خوب است ولی عجب صفایی دارد یک شب حرم امام کاظم بودن,HAPPY
1505,من به بیبیسی فارسی انتقاد دارم ولی معتقدم همچنان بزرگترین دستاورد ما فارسیزبانها در زمینه رسانه تا امروز است. محصول کار روزنامهنگارهای ایرانی در کارگاه یکی از معتبرترین رسانههای جهان است. نقدش کنیم ولی به توپ نبندیمش.,OTHER
1506,هیچوقت ترس یک نفر رو مسخره نکنید.,FEAR
1507,سال جدید: بیشتر دوستت دارم بگوییم کمتر تحلیل حوادث طبیعی بکنیم بیشتر به دیدار هم برویم کمتر دیگران را جاج کنیم بیشتر بخندانیم کمتر بگریانیم,HAPPY
1508,و اسکار بهترین نفرین ادبی تعلق میگیرد به مولانا بخاطر بیت: تا بداند که شبِ ما به چه سان میگذرد؛ غمِ عشقش دِه و عشقش دِه و بسیارش دِه!,OTHER
1509,در کشور من و ما معنویات زیبا و ارزش های انسانی وحشتناک کمرنگ شده و از طرفی اکثریت مطلق ایرانی جماعت تنها مادیات را مهم میدانند و بس،، غذا باشد و ارزانی دیگه هیچ نمیخواهند,OTHER
1510,و بعضی ها متاثر از حرف های بدون سند دیگران پاول دورف روس را نصیحت می کنند. شما سندی دارید که #تلگرام اطلاعات ما رو به #موساد فروخته؟؟ اگر بلی که ارائه کنید. اگر خیر که دیگه هیچی لطفا #مستند حرف بزنید  …,OTHER
1511,همه چی داره به سمتی پیش میره که من سکته هه رو بزنم و نشونش موهای سفید مه.اما از اونجایی که دایورتمن خبره ای هستم،نود سال به شادی و سلامت می زی ام. الان افه مثبت اندیشی رو استاد کردم مثلا.,HAPPY
1512,تو چشمای من نگاه میکنه و دروغ میگه و تهمت میزنه، صبوری کردم صبوری کردم و دیگه تحمل نکردم و گفتم این حرفا رو نزدید هیچ خوشم نمیاد و بلند شدم و ترکشون کردم از شدت خشم صدای ضربان قلبم رو میشنوم...,ANGRY
1513,این ستاره رو هم برای اینکه بتونم نظر بدم دادم وگرنه یک ستاره هم اضافیه هم میزان فلورایدش کمتر از حد 1250 هست هم برای اولین بار تو عمرم دیدم قسمت سری خمیر دندون با یه پیچوندن شکست و  یبار  هم از دستم افتاد و دیدم خمیر دندون بجا مسیر اصلی از،بغلا میاد بیرون - اینجوریشو دیگه ندیده بودم,ANGRY
1514,بعضی آدما فرارین بعضی ها آدما قراری ، من دوست دارم فرار کنم ، اما ناچارم به قرار ...,SAD
1515,من دوستت دارم شبیه هیچکس!! یک جور خاص!! جوری که نه خودم میدانم و نه تو میدانی اما... آنقدر زیاد که انگار در من کسی غیر از خودم با تمام تو زندگی میکند. #آرمان_تمسکنی,HAPPY
1516,دوست ندارم کسی رو از دست بدم ولی اگر کسی بخواد از دستم بده خودم کمکش می کنم.....,OTHER
1517,فردا تولد خواهرمه رفتم سراغ عکسامون ۲ ساعت گذشت چقدر خوش خنده بودم دلم برای خودم بیشتر تنگ شد,SAD
1518,ناامنی احساسی نیست که فقط زنها تجربهاش کنند، اما ساختار مردسالارانه شهر باعث میشه زنها احساس ترس بیشتری در فضای شهری داشته باشند، ترسی که بخشی از اون به داشتن فیزیک زنانه هم برمیگرده. متن کامل:,FEAR
1519,عين آدم هنگ اور؛ از هر چی که خوش گذروندم خجالت میکشم از خودم بدم میاد حالم بده,HATE
1520,یکی از معضلات جامعه صنعتی و عمرانی کشور یه مشکل فرهنگی اجتماعیه. متاسفانه کارگر/مهندس مسئله تخصصی و کاریو، شخصی میکنه و تصور میکنن یکی بالاتره و اونا پایینتر متاسفانه رفتار حرفه ایی کار وجود نداره. همین باعث افت کیفیت کار، خشم و عصبانیت میشه.,SAD
1521,بخشی از اصلاح طلبان فكر میكنند شهردار شدنم باعث از هم پاشيدگي شوراي شهر مي شود.براي رياست شورا جايگزين هست اما بنا بود كسي نرود تا باب نشود. مثل حجاب بانوان است، اگر شل كنند ديگر نميشود كنترل كرد! البته در اين شرايط شهردار شدن ريسك بالايي دارد و امكان موفقیت دشوارتر از گذشته است,OTHER
1522,عجب دفاع داغونی داریم اینطوری نمیشه که,SURPRISE
1523,الان دو روزه سرما خوردم و افتادم..دارم تموم مدت با خودم فک میکنم اگه سرما نخورده بودم داشتم یا مقاله مینوشتم یا ورزش میکردم یا مطالعه...یعنی این توییت اینجا باشه واسه روزای سالمم که اَنراَنر تو فضا مجازی وقت تلف میکنم و از الان شرم بر من توی اوقات اتلافیِ زمان سلامتم باد!,SAD
1524,تا وقتی سعی نکردید بدون پرسونال نامبر توی سوئد زنده بمونید ترس واقعی رو تجربه نکردید,FEAR
1525,"""چه خوب ميشه اگر اين وسواس رو بخرج بديم و يك بار براى هميشه واژه """" مرگ"""" و هر لغتى كه در پس خودش بار معنايى حذف رو داره از شعار هامون كنار بگذاريم، و بازتوليد خشونت كلامى رو پايان بديم. #چالش_دعوت_به_تظاهرات_سراسری""",OTHER
1526,بعد از بیانیه های آیات عظام مکارم و نوری همدانی در اعتراض به دولت و قوه قضاییه یه سری به سایت و کانال آیت الله وحید زدم که با تذکراتی راجع به عزاداری و جشنهای گذشته مواجه شدم. مرجع باید اینطور باشه!!,OTHER
1527,راز موفقیت چیه ؟؟ #راز #موفقیت #رویا,OTHER
1528,همه آدمایی که حالمو خوب می کردن الان فقط می رینن تو اعصابم,ANGRY
1529,. وقتی دوری، مدام حسرت نزدیک بودن داری. وقتی نزدیکی، مدام ترس از دور شدن. معنای زندگی، ترس و حسرت بود. .,FEAR
1530,عجب حال و هوايي داره اينجا خدايي,HAPPY
1531,دو شب قبل، یک سرباز نیروی زمینی #ارتش بر اثر اصابت گلوله مستقیم (احتمالا اشرار) در مرزهای غربی کشور (#سومار) به شهادت رسیده است. سرباز شهید #امین_قالبی_حاجیوند اهل درود #لرستان روحش شاد #مرزبان,SAD
1532,البته این سوسیالیسم واقعی نیست #WarsawSayNoToMullahs سوسیالیسم واقعی پر ابهت و قدرتمند مثل استالین باید باشه هر کی حرف زد اعدامش کنه بعدشم گرسنگی و قحطی و بدبختی در تمام نظامهای چپ جزو افتخاراتشون هست و بدین صورت عدالت رو پیاده میکنن …,OTHER
1533,هوای یکدیگر را داشته باشیددل نشکنیدقضاوت نکنیدهنجارهای زندگی کسی را مسخره نکنید به غم کسی نخندید به راحتی از یکدیگر گذر نکنیدبه سادگی آب خوردن بر دیگری تهمت ناروا نبندیدو حریم آبروی دیگری را بدون اجازه واردنشوید.آدمها، دنیا دو روز است! هوای دل یکدیگر را بیشتر داشته باشیم...,SAD
1534,خواهشن اگه همچین اتفاقاتی افتاد خواهشن همه دخالت کنن نترسن هیچ غلطی نمی تونن بکنم همه رو که نمیتونن با خودشون ببرن اینا یه مشت ترسو هسن که با کوچکترین عکسلعملی اسلحه در میارن این نشانه ترس اوناست خواهشن باج ندین همچین اتفاقاتی افتاد همه بزنین تو دهنشون مخصوصا اون سگ ماده چادری بود واق واق میکرد,ANGRY
1535,ما با یه تعداد مشنگ طرفیم که هر دفعه که اخبار تجاوز در اومد دیدن که تکذیب شده، حالا که کاملا مستند هست میگن چرا اسنادش منتشر شده! بیشعور اگه اسنادی به این وضوح منتشر نمیکرد که میشد مثل #دختران_ایرانشهر …,ANGRY
1536, پيجشو ديدم ،ممكنه ناراحت بشه ،بالاخره ميخواد يه جوري جلب توجه كنه ولي خوب ممكنه متوجه نشه منظورتون چيز ديگه ايه ،تو دلمون براش دعا كنيم حداقل به خاطر خانواده و مادرش ?,SAD
1537,سرگردان هستيم .در حاليكه يك ذره آگاهى ، همه را از سرگردانى نجات مى دهد.. . #طاهرى_خزعلى,SAD
1538,رفتم آرایشگاه موهامو کوتاه کردم. به خانومه گفتم یه جوری کوتاه کن که بتونم با کش جمعشون کنم. فکر کنم زنه موهای پر و بلندمو دید اختیار از کف داد. زنیکه وحشی موهامو طوری کوتاه کرده که صبحها از خواب پا میشم میرم تو آیینه نگاه میکنم موهام شبیه یال این شیر میشه:( گفتم با کش بسته شه!,SAD
1539,""" """"فوق العاده استهر وقتی که پرسپولیس شیرین ، یا تیم ملی چسبناک میبرند یا همین دوباری که روحانی برد، یا برجام شد ، واصولا اون دم و حالی که خیلی ذوق دارم و خر کیفم سریع و با داد میگم"""" خب دیگه وقتش خانم گوگوش برگرده"""" اما این روزها غم داریم، بد دمیم.ته دیگ سوخته جانا برنگرد.روزگار """" چرخنده"""" حال است""",SAD
1540,هشدار: این کتاب ترسناک نیست اما عمیقا شما را میترساند. نویسنده جهان آینده را جهان هوش مصنوعی میداند. انسان دیگر همهکاره جهان نیست.ما درنهایت حیواناتی میشویم که در باغوحش خوب از آنها نگهداری میشود! ما دیگر باهوشترین موجودات روی زمین نخواهیم بود؛ پایانِ انسان خردمند. #نشرنو,FEAR
1541,جنده نفهم تو هستي كوستو جر بدم,ANGRY
1542,اره مسیح عزیزم ایران این یعنی فرار یعنی ترس,FEAR
1543,شب جمعه ای یه سامانه اسمی هم نداریم، عوضش کنیم بمون تبریک بگن:(,SAD
1544,سلام من اینو 2 ماهه خریدم ولی تا اومدم یه سیمکارت جدید بندازم شماره ساختش از بین رفت و دیگه نتونستم نه زنگ بزنم نه اسمس بدم و بگیرم&amp;#128530;,SAD
1545,تو پیشنهاد شگفت انگیز خریدم ولی فکر نمیکردم به این زودی نگیناش بریزه و رنگش مثل بدل بشه یه هفته هم زیبایی نداشت,SAD
1546,اینجا یه ساحل پر از زباله نیست، اینجا کمپ آوارگان سوری در مرز اردن است. لعنت به کسانی که با حیلهی خلع سلاح میخواستن مردم ایران را آوارهی بیابانها کنند.,HATE
1547,من به شخصه تو زندگیم املام خوب نبوده هیچوقت و با غلط املائي مشکلی به ذات ندارم. اما غلطهای رایج که هزار بار در موردش هزار جا بحث شده میره رو اعصابم.,ANGRY
1548,????واقعا که خنده نداره اما از این بدبختی خندم میگیره,SAD
1549,آقا خليفه رفيق خوب پرسپوليسي تولدت مبارك ايشالله لبت خندون و تنور دلت هميشه داغ باشه,HAPPY
1550,اگه امشب بمیرم یه عالمه کارای جذاب که دلم میخواد انجامشون بدم ولی ندادم باقی میمونن اگه فردا بیدار شم یه عالمه کارای جذاب که دلم میخواد انجامشون بدم ولی اجازشو ندارم مثه آینه ی دق مغزمو میخوره!,SAD
1551,وزیر خارجه پمپئو: مراتب صمیمانه ترین تسلیت خود را بخاطر درگذشت تونی مندز به خانواده وی ابراز می دارم. او یک مامور اطلاعاتی فوق العاده بااستعداد بود. خارج کردن آمریکایی ها از جمهوری اسلامی ایران در سال ۱۹۸۰ تنها یکی از موفقیت های بسیار او بود. تونی واقعا یک قهرمان آمریکایی بود. …,SAD
1552,من این هدفون رو تو پیشنهاد شگفت انگیز خریدم، کیفیت و تفکیک صدای خوبی داره بیس خیلی بالایی نداره در کل یه هدفون معمولی بشمار میاد ولی قیمتش به نسبت هدفون های هم رده یکم بالاست به کسایی که هدفون حرفه ای میخوان پیشنهاد نمیکنم,OTHER
1553,اقا ما باختیم بدم باختیم ولی به استقلالیا ربطی نداره,ANGRY
1554,اصولاً هيچوقت حوصله كش دادن يه حرفو نداشتم، نه يه حرفيو كش بدم نه كش دادن يه حرفو بشنوم، نه بحث كنم نه بحث كردن سر يه چيز الكى رو بشنوم. لذت بردن از لحظه و آرامش داشتنو ياد بگيريم.,HAPPY
1555,"""میترسم خودم هنگ کنم""""""",FEAR
1556,الان که اینجا نشستم دارم و فکر میکنم بعد امتحان تازه باید برم سرکار تا آخر شب بعدشم فردا صبحش بلند شم دو تا امتحان بدم بعد دوباره برم سرکار تا آخر شب.,SAD
1557,""" """"خیلی شیرینه. البته با اینکه من بوی شیرین دوست ندارم اما بدم نیومد. به عنوان یک عطر ایرانی خوب و قابل قبوله.از وقتي نسخه جديدتون را نصب كردم كلا پيام خطاي سرور بهم ميده، هيچ كاري نمي تونم انجام بدم (نسخه ios)""",SAD
1558,وقتی باهات حرف نمی زنم معنیش این نیس که ازت بدم میاد یا دیگه دوست ندارم می خوام ببینم اونقد برات مهمم که دلمو بدس بیاری، می خوام بفهمی که حالم بده و حالمو خوب کنی,SAD
1559,مسئولان چشمانتان را خوب باز کنید مردم مثل همیشه آمده بودند حالا نوبت شماست #22بهمن #چهل_سالگى_انقلاب #راهپیمایی_۲۲_بهمن,OTHER
1560,انقدر صحنه خفنی بود خودم از خنده مرده بودم :))))))))) …,HAPPY
1561,دختر 24 ساله ای که امروز (دوشنبه) به پزشکی قانونی سیستان و بلوچستان مراجعه کرد، مورد اذیت، آزار، تجاوز به عنف و آدم ربایی قرار گرفته بود. #گزارش_لحظه_به_لحظه #دختران_ایرانشهر,SAD
1562,اين ترامپ عجب گوساله است اول ميگه تروريست نيشن بعدش ميگه ميخوايم به مردم ايران كمك كنيم ! واقعاً باورم نميشه آمريكا همچين ابله اي كه نميتونه يه سخنراني ساده بدون سوتي انجام بده رو به رياست جمهوري انتخاب كرده !,SURPRISE
1563,همه میگن پاشو پروپوزالت رو بنویس! گیریم دفاع هم کردم، بعد یه سال کار نتیجه هم گرفتم، پایاننامه رو هم نوشتم، بعدش مگه پولی خواهم داشت که بتونم حتی امتحان زبان و اپلیکیشن فی بدم؟! نه! پس تف تو پایاننامه و دانشگاه! :|,ANGRY
1564,حقی رعایت نمیشه! مبارزه های حقطلبانه برای دفاع از حقوق زنان با خشونت روبرو میشه! با بیتوجهی مسولین روبرو میشه. این در حالیه که کنوانسیون امحای کلیه اشکال تبعیض علیه زنان در سال ۱۹۸۱ و کنوانسیون حقوق کودک در سال ۱۹۸۹ با تصویب سازمان ملل لازم الجرا شده! #زنان_را_بشنويد,OTHER
1565,در طی یک سال اخیر، هیچ حمله فیشینگی بر علیه کارمندان #گوگل موفقیتآمیز نبوده و راز موفقیت گوگل،یک گجت ۲۰ دلاری است.گوگل به همه کارمندانش یک کلید امنیت داده و آنها را ملزم به استفاده از آن روی لپتاپها کرده که اجازه دسترسی به حسابهای کاربری را بدون داشتن آن کلید نمیدهند.,OTHER
1566,بابام چهار صب میخواد مارو بیدار کنه که تفریح رو شرو کنیم. واقعن من این مرد رو نمیفهمم.,SURPRISE
1567,آقای برانکو تیم منو از نابودی رسوندی به جایی که الان هست ولی نمیتونم انتقاد نکنم از لجبازی و لجبازی و لجبازیتون,SAD
1568,رژیم با فشار امنیتی سایتها رو وادار کرده قیمت #طلا و #دلار رو بصورت غیر واقعی پایین اعلام کنند تا مردم از ترس سقوط دلار و طلاشون رو به رژیم بدن اگه امروز دلار و طلاتون رو ارزان بفروشید ماه دیگه باید به دو برابر قیمت از دلال بخرید یک صعود شدید از آخر هفته در پیشه,OTHER
1569,دفاع از خاک میهن قهرمان میسازه، تجاوز به خاک دیگری قهرمان نمیسازه. ما هشت سال دفاع به حق کردیم از خاک وطن. تجاوز به ویتنام، عراق، افغانستان و غیره.. قهرمان نمیسازه. #VeteransDay18,OTHER
1570,در تکمیل فرمایش اقا رضا ،اعتراض ما مردم شرط لازمه اما کافی نیست.مامردم عادی صدایمان بردی ندارد.باید نخبگان جامعه(دانشگاهیان،روزنامه نگاران مستقل و صاحبنظران)در جلوی صف مردم پیش قدم شوند.هدف نباید براندازی باشد بلکه اصلاحات گام به گام۱/۲ …,OTHER
1571,من همیشه توییتر میخوندم... چراغ خاموش خاموش.. اکانت قبلیم هم رمزشو فراموش کردم... نمیدونم اینکه با کاربر کم فالورا مشکل دارین دلیلش چیه...ناراحت کننده اس واقعا,SAD
1572,پروردگارا این ابراهیم منصفی (رامی) عجب فوق العاده بشری بوده ! حیف از تو که خودکشی پایان راهت بود مرد . حتما توصیه میشه آهنگاش,SAD
1573, کلا بحث احتمالات عجیبه,SURPRISE
1574,"""این هدفون حررررف نداره !""""""",HAPPY
1575,به امید دنیایی پر از خندههای بلند و از ته دل و شادی :),HAPPY
1576,بی ناموسا فقط با شادی مشکل دارن,ANGRY
1577,تا وقتی که صدای خنده هات رو نشنیده بودم هیچوقت نمیدونستم که عشق هم صدا داره,HAPPY
1578,باباجون چه خبرتونه؟ طی دو روز گذشته انتصاباتی را در شهرداری دیدم که طرف حتی الفبای کار را نمیدونه!!! بدون هیچ سابقه کاری و دارای قرارداد کارگری(خنده حضار) #خیانت_به_شهر,SURPRISE
1579,زدم و‌درجا گودی و چروک زیر چشمم رو کم کرد مطمئنم اثر داره  ان شالله اومدم دوتا دیگه ازش سفارش بدم,HAPPY
1580,سلام من اگه بخوام اقساط وام بانك ملت رو از طريق موبايل بانك پرداخت كنم از چه طريقي بايد انجام بدم؟,OTHER
1581,استادمون میگفت کسیlawyer یاlaw رو اشتباه بنویسه حتی امتحانش عالی باشه،میندازمش استادکجایی ببینی وکیل مردم ایران نوشته lawer #حسام_نواب_صفوی,SAD
1582,به عنوان یه طرفدار #فوتبال کدوم گزینه؟؟؟ 1.تیمت بد بازی کنه ولی ببره (نتیجه گرا) سبک کیروش، مورینیو 2.تیمت خوب بازی کنه، فارغ از نتیجه (لذت فوتبال) سبک گواردیولا، کلوپ #ريتوييت_لطفا جهت افزایش آمار,OTHER
1583,اینقدر بدم ازن با حجاب اسلامی میاد نمی دونم چرا,HATE
1584,اینکه در حال حاضر بدبختم، یک بحثه، اینکه دیگران فکر میکنند خوشبختم بدبختی مضاف است,SAD
1585,امروز با یه عصبانیتی از شرکت زدم بیرون که تا الان فقط مدیرعامل حالمو نپرسیده اونم بخاطر اینکه خودش ریده تو اعصابم,ANGRY
1586,تخم خرا حروم لقمه ها وحشی ها وطن فروشا و مهمتر از همه مفت خورا امروز پرچم خرچنگ نشان دستشونه,ANGRY
1587,امشب که من اومدم مهمونی خونه دزد رفته! اعصابم له شده.,ANGRY
1588,یکی از «قیافه اومدنهای» افرادی که در زمینهی تکنولوژی کار میکنن مسخرهکردن شرکتهایی مثل مایکروسافت هست (این رو از منظر یک fanboi نمیگم دیگه، از اون حالت در اومدم). الان تو قضیهی گیتهاب هم همچین برخوردی رو خیلی تو توییتر دیدم. به نظرم این توییت انتقاد خیلی خوب هست بهشون. …,OTHER
1589, تو مکالمه خوب بودخیلی نظرات مهمی نسبت به اون تویوت که: فلانی خونه امام و و بلیط پرواز و اینای امام رو خریده بود و اعدام شد، دارم. ولی واقعن حال ندارم توضیح بدم. چون در تعطیلاتم. امیدوارم متوجه شین خودتون.,OTHER
1590,وقتایِ عصبانیت چقد غلط املایی دارم من. افرین هما . باریکلا,HAPPY
1591,ای که سر گرم به اندوختن سیم و زری / سیم و زر توشه ره نیست عجب بیخبری؟!,SURPRISE
1592,یعنی امروز رو باید به #پروانه_سلحشوری تبریک بگیم؟! #روز_جهانی_معلولین,OTHER
1593,مخاطبان تولید محتوا درباره #خشونت، همه جامعه هستند. در میان آنان «کودکان» و «قربانیان خشونت» و خود «خشونتورزان» هم حضور دارند. پس بهجای «تمرکز بر خود خشونت»، تولیدگران پیام در فضای مجازی، باید استراتژی «تمرکز بر رفتار خشونتبار» را پیشه کنند تا روایت، منتهی به بازتولید نشود.|۲۶,OTHER
1594,"""مرحله بازداشت دانشجو برای """"پیشگیری از اعتراض"""" رو هم دیدیم؛ مرحله بعدی احکام 15 سال حبس برای """"پیشگیری از اعتراض""""ه. بعد از اون هم میرسیم به بازداشت برای """"پیشگیری از فکر کردن به اعتراض"""".""",OTHER
1595,پنج نیاز اساسی انسان از نظر گلاسر بقا عشق و تعلق قدرت و ارزشمندی آزادی تفریح,OTHER
1596,  خاستم بهتون خبر بدم که شرکت بامیلو که از زیرمجموعه های اسنپ باکس هست . دیروز ورشکسته شد و ۳۵۰ نفر کارمندش اخراج شدن .از پسری که بعد از ریدن کونشو میشوره بدم میاد,HATE
1597,فاز اینایی که با هزار تا بدبختی و تست صد تا فیلتر شکن میان تو تلگرام و از گروه ها لفت میدن چیه؟؟,SURPRISE
1598,خبر خوب دانشگاهی: #ارتباط_با_صنعت یکی از مسئولان #دانشگاه_شریف با مدیر ارشد #پارسخودرو جلسه داشته و آخرش مدیر محترم شماره این رفیقمون رو گرفته تا برای انتخاب رشته کنکور دخترش در تابستان آینده مشورت بگیره. میخوام بگم که مدیران #خودروساز ما از الان فکر تابستون رو هم کردن,OTHER
1599,مسئولان و کارکنان حرم امام خمینی در حال آماده کردن محل دفن آیتالله هاشمی رفسنجانی در داخل ضریح هستند,OTHER
1600,آقا ....قرارت ...با عزادار هات این نبود.....آقا ...چشمتو ببند ...شرمنده اتیم ...قرار نبود با اسمت...اینجوری وحشی گری کنن ....,SAD
1601,اجازه میخوام اعتراف کنم این روزا بیشتر از همیشه از خودم بدم میاد، از خودم نفرت دارم، و در نهایت اینکه دلم برای خودم میسوزه.. و پر از پارادوکسم.,HATE
1602,اولا که چهاررنگ نبود و سه رنگ زشت بود . باتصویر کاملا متفاوته . به درد نمیخوره . من که تا دیدمش تو ذوقم خورد . دیجی این رنگای شاد و قشنگ رو میذاره سه تا رنگ مرده و زشت تحویل میده . روی کابل محکم نمیشه و هی میاد پایین . کلا عکس با جنس ارسالی فرق داره .,SAD
1603, ممنون که توضیح منو خوندی البته نظر شما مهم ترهجاساز عرق کجاست؟ آفرین موکت ر میزنی بالا زیر زاپاس یه حفره است میچپونی اون تو,OTHER
1604,ماندگاریش زیاد نیست ولی از نظر حجمش ک ۱۰۰ میلی لیتر هست خریدش تو شگفت انگیز مقرون ب صرفه ست مناسب افرادی ک بوی گرم و میپسندن,OTHER
1605,سلام . من قبلا برنامه رو داشتم و قسمت دوست به دوست فعالیت میکردم گهگاهی. الان کد دوست به دوست رو قبول نمیکنه راه حل چیه؟ (خطای ثبت کد دوست به دوست) باید چه کاری انجام بدم تا درست شه؟متشکر.,OTHER
1606,چند روزه هر جا که هستم دلم میخواد به همه بگم ساکت، بشینید، حرف نزنید، گه نخورید. واقعا اعصابم ضعیف شده,ANGRY
1607,اومدم بنویسم کنسرت، اینجوری شروع کردم: «کونس» و وحشت کردم.,FEAR
1608,مسئولان محترم! باور کنید امثال #فرهاد_میثمی باری را به دوش کشیدهاند که شما می بایست از زمین بردارید! یاری به کنار، لطفاً مانع از آزارش شوید! #اعتصاب_میثمی #عدالتخانه_میخواهیم,SAD
1609,خیالم، چون کبوتر های وحشی میکند پرواز,OTHER
1610,زبان دانستن هویدا،ومقامات ایران، له گفته احمدخرچنگ یک موی مابه تمام مسئولان دوران طاغوت می ارزد، این ارزشیابی روببینید,OTHER
1611,"""خوشبختی یعنی: هنوز خواهری داری که صندلی (کُرسی) را گرم میکند چای را دم کرده میماند دروازه خانه را برایت باز میکند و میگوید: """"خوشآمدی لالا، خسته و مانده کار و بار نباشی"""" خواهر داشتن نعمت بزرگیه! دوستت دارم صدیقه""",HAPPY
1612,ملاک عمل مسئولان خدمت آنان به مردم است. کرج را زیر رو رو کنید یک پُل استاندارد بدون نقص پیدا نخواهید کرد! شرکتهای خودروسازی میتوانند خودروهای خود را برای تست در این پُلها آزمایش کنند! #کرج_شهردار_ندارد داشته باشد هم فرقی ندارد! …,SAD
1613,لعنت به ندلشتن رفیق هم درک که این روزای پر اتفاقمو نمیتونم با کسی سهیم بشم تو تعریفش والا که دفتر و کاغذ و نوت گوشی هم خسته شدن اینقدر که برای کسی حرف نزدم,SAD
1614,شاسا سبحانی؟ داره از ترس میترکه والا من پسر بودم یه باند تشکیل میدادم همه این آقازاده ها رو هر کجای دنیا بودن پیدا میکردیم و دهنشون سرویس میکردم...ستارت خوبیه امیدوارم پایدار باشن,ANGRY
1615,از هرچه میترسید به آن حمله کنید ، یک بار تصمیم گرفتن و اقدام کردن بهتر از ماندن در ترس طولانی مدت است... #Taheri_movement,FEAR
1616,کاش یک راهی برای فرار ازاین مملکت بود,SAD
1617,سال 88 تهران نبودم برای همین فضای این روزای تهران برام غریب بود وقتی به همکارم گفتم که بریم بیرون ببینیم چطوریه کمتر از 10 دقیقه طول کشید که بتونیم بیرون بمونیم و واقعا ترسیدم... روزهای غریب و غمگین خیابون انقلاب...,FEAR
1618,دو جمله طلایی امام خامنهای در بیانیه #گام_دوم_انقلاب : ۱- هرگاه دلزدگی پیش آمده، از رویگردانی مسئولان از ارزشهای دینی بوده، نه از پایبندی به آنها و کوشش برای تحقق آنها. ۲- طهارت اقتصادی، شرط مشروعیت همهی مقامات حکومت جمهوری اسلامی است.,OTHER
1619,در خصوص نماد عرفان حلقه 3. صورت شاد و غمگین: نماد دنیای وارونه و غیر وارونه #Taheri_Movement,OTHER
1620,میخوام ارامش داشته باشم. ادما نمیذارن. هرچی حذف میکنم. باز یه ادم کیری جدید پیدا میشه برینه به اعصابم,ANGRY
1621,فک کن با خودت بگی امروز چی کار کنم که حالم خوب شه!مثلا برم انقلاب چند تا کتاب بخرم،بری یه هو حس کنی یکی دنبالته،هی الکی بری تو مغازه ها و پاساژا که گمت کنه،آخرشم کتابتو نتونی بخری فقط با ترس برگردی و روزت کوفتت شه,FEAR
1622, باشه من خودم از این اخوندا و خیلیای دیگه که حقمونو میخورن بدم میاد اما خب شما شاید درست میگید پس من منتظر میمونم ببینم که این حقتونو کی میگیرید و در صورت گرفتنش آیا قادر هستید که بقیه حقوقتون رو با انجام دادن این قبیل کارها بگیرید,HATE
1623,روحانی امروز با چراغ سبزش به دادستان و همنوایی با لاریجانی برای سرکوب و دستگیری معترضین عملا داستان #دیگه_تمومه_ماجرا را تکمیل و معنا کرد و ثابت کرد یک امنیتی تمام عیار است و ماشین سرکوبی است که برای انتخابات به شکل اتوبوس صلح و شادی رنگش کرده بود. #اعتصاب_بازار #اعتراضات_سراسری,OTHER
1624,اصلا مثل عکسش نیست، در واقعیت خیلی بی ارزش به نظر میاد، حتی من در شگفت انگیز با تخفیف خریدم ولی بازم ارزش خرید نداشت,SAD
1625,برای منطقه فروپاشی و جنگهای مذهبی/قومیتای خواهد بود. همچنان که کودتای ۲۸ مرداد و سقوط مصدق برای آمریکایها موفقیت بزرگی به نظر میرسید، ولی نهایتاً منجر به قدرت گیری افراطیون ضدآمریکایی شد، خامنهای و ج.ا هم نتیجه بهتری از سیاستخارجی مشابه (حتی تقلیدی) غربیها نخواهند گرفت,OTHER
1626,تو دانشگاه نشستم صندلی کناری استادی درباره موضوع پایان نامه یکی از دانشجوهاش که کار روی برگ شاتوته داره صحبت می کنه(نمی دونم چه رشته ای هستن البته). علم پروسه جالبی طی کرده، طی سالیان از کلیاتی نامفهوم به چه موضوعات خرد و جالبی رسیده، حیرت انگیز و عجیبه! #علم,SURPRISE
1627,از طرف دیگر، این نگاه، به مسئولان در سرپوش گذاشتن به کاستیها و تبعیضهای آنها کمک میکند. یعنی اینکه ما بپذیریم مثلا آدمی در زاهدان نان شب ندارد بخورد، قانع میشویم که این نبودن گاز در مرکز استان هم چیز مهمی نبوده و طبیعیست؛ یا مثلا او ،نیازی به سینما یا استخر ندارد./,SAD
1628,احساس خوشبختی که سهله من به همین که فقط یه روز احساس بدبختی نکنم هم راضیم,SAD
1629,از چپ و راست نشستن حمله كردن بهم كه چرا ازدواج نمیكنی هیچ تصوری از وضع اقتصادی مملكت ندارن ؛ قط ریدن به اعصابم,ANGRY
1630,"""برش ها به نظر درست هست و چسبندگی هم باید استفاده کنم بعد نظر بدم""""""",OTHER
1631,زنان را دست کم نگیرید آنها اهل جنگ هستند آنها بدنبال حق وحقوق خود هستند زنان نیروی براندازند آنها درصف اول جنگ علیه دیکتاتور هستند درود به #زنان قهرمان پیشتاز درکف خیابانها که با صدای بلند دادمیزنند #آزادی #چهل_سال_دیکتاتوری #چهل_سال #براندازم ریتوییت لطفا,OTHER
1632, بوی معمولی داره شاید فقط توی شگفت انگیز ارزش خرید داشته باشهدلبرکی که یک سال و نیم پیش در بیو نوشته بود: کمونیست زاده؛ در یک شبیخون فرهنگی، با دو کاربر Kفالوری یک شب خوابید و حماسه ی تری سامی به جا گذاشت؛ که آزادیخواهان برانداز شاخ پندار توییترفارسی، از فردای همان شب به این نتیجه رسیدند که جمهوری خواهی، برای آینده ایران و ایرانی بهتر است.,OTHER
1633, من از بوی شیرین بدم میاد و متاسفانه این رو دستم باد کرده موقع سفارش فکر نمیکردم اینقدر شیرین باشهبهار و گل طرب انگیز گشت و توبه شکن به شادی رخ گل بیخ غم ز دل برکن #حافظ,HAPPY
1634,امروز یکی از بچه ها تو راه دانشگاه خورده بود زمین داشت با خنده واسمون تعریف میکرد ما هم مرده بودیم از خنده کلا خواب از سرمون پرید:)) درنتیجه وقتی ۸ صبح کلاس دارید قبلش بخورید زمین:))),HAPPY
1635,از سگ کمترم اگه باز سر این موضوع خودمو ناراحت کنم,ANGRY
1636,جالبه کاملا مشخصه برا خودم اعصابم مغشوشه,ANGRY
1637,ما خونه ماهواره نداریم، امروز ۲ دقیقه تلویزیون رو روشن کردیم، اصن اعصابم داغون شد رفت! الان انقدر عصبانیم که دلم میخواد سرمو بکوبم تو دیوار!,ANGRY
1638,میل عجیبی به فرار کردن دارم. امروز داشتم فکر میکردم که من از همهی موقعیتهایِ استرسزایِ زندگیم فرار کردم. این فرار کردن، داری جزئی از شخصیتم میشه. به رغم پرحرفی ظاهریام، آدم بسیار خجالتی و دلنازک هستم. به جای اینکه از حق خودم دفاع کنم، معمولا فرار میکنم./,SURPRISE
1639,اه چه نازی خزانه هنوز پول هست بیا بدم بهت ماه دیگم بیا حقوقتو بدم عزیزم ?,OTHER
1640,"""امیدوارم همیشه شاد و خوشبو باشید""""""",HAPPY
1641,خشم ملت در برابر افراطی های خونخوار ریاکار,ANGRY
1642,مذهب را اختراع کردند تا کارگر بجای اعتراض،دعا کند!,OTHER
1643,تو مترو رفتم به دختره شماره بدم گفتم دوس پسر داری؟ گفت آره، دستپاچه شدم یه کاغذ و قلم از جیبم درآوردم گفتم خب نفر ۳۴۲م جامعه آماری دوس پسر دارد.,OTHER
1644,یکی از دلایلی که صدای قشر ضعیف به گوش مردم و مسئولان نمیرسه، سر و صدای بیش از حدّ قشرِ مرفهِ همیشه طلبکاره پول دارن، رسانه دارن، بوقچی مجلسی/دولتی دارن کافیست مقایسه کنید صدای زنان و دختران (بیسرپرست، بدسرپرست، سرپرست خانوار...) را با عربدههای رقاصان بی درد #برقص_تا_برقصیم,SAD
1645,قبلنا اعصابم خورد میشد میدیدم ملت آنقدر میخورن، الان میگم بخورین تا بترکین، فقط دهنو باز نکنید!,ANGRY
1646,خیلی سخته خبر تجاوز جنسی رو ثبت کنی....,SAD
1647,سلام من این بازی رو خریدم ولی دی وی دی های بازی ایراد دارند میشه برگشتش بدم؟,SAD
1648,حقیقت اینه که اختلال اضطرابی فراگیر رو هیچ وقت تجربه نکردم اما نزدیک یک ماه پیش برای اولین بار دچار پنیک اتک شدم و همونجا بود که رو کردم به سگ سیاه افسردگی که منو ۱۸ ساعت توی تخت میخوابوند گفتم عزیزم، دوستت دارم …,SAD
1649,هم خودش کیریه هم دوستاش ک بهش منشن میدن چقدر منفور,HATE
1650,اسرائیل در گوشه ایی با خیال راحت و با لبخندی ژکوند وار تجاوز میکند، در حاشیه دریای پارس عرب ها سرمست از دلارهای آغشته به نفت تکنولوژی اروپایی و آمریکایی وارد میکنند.,SAD
1651,اعصابم تخمیه از دست این مملکت بی درو پیکر و این که هیچ گوهی نمیتونم بخورم بدترش میکنه,ANGRY
1652,متاسفانه متاسفانه متاسفانه انقدر چیزای وحشتناک هر روز و هر شب ازین ج.ا به گوشم میرسه که دیگه واقعا نسبت به اخبار بد هیچ واکنشی ندارم و چقدر بده که این مسئله برام عادی شده و توانی در برابر مقابله باش ندارم خلاصیام آرزوست,SAD
1653,8 تیر 91 بود... خیلی روزهای بد و پرفشاری بودن! هم قبلش و هم بعدش! چقدر استرس به خودم و خانوادم وارد شد! تا مدتها بهش فکر میکردم و فکر میکردم دنیا به آخر رسیده.... دنیا به آخر نرسید، موفق هم شدم (شاید)، اما خیلی از روزهای خوشم به غم کنکور گذشت! در بهترین سالهای عمرمون! #کنکور,SAD
1654,تا همین چند سال پیش خیلی برام پیش میومد که یه اتفاق خنده دار بیوفته و من نتونم جلو خندمو برای یه مدت طولانی بگیرم و انقدر پیوسته و ریز بخندم که همه خندشون بگیره، امروز بعد مدتها دوباره این تکرار شد و من کل راهیو که با دوستم تو ماشین بودیم انقدر خندیدم ترسیدم راننده پیادم کنه :)),HAPPY
1655,من اصلا دلم نمیخواد بگم با مرگ چجوری آشنا شدم اعصابم متشنج میشه:),ANGRY
1656,شنیدن عبارت «دوستت دارم» برای فرزندت خصوصا وقتی روی دو زانو می نشینی و خودت را هم قد فرزندت می کنی و چشم در چشمش می گویی یعنی من هستم ..خیالت راحت … و یادت باشد آن شب فرزندت دیرتر ولی آرامتر و آسوده تر می خوابد. #محبت,HAPPY
1657,جناب ظریف گفته : بازهم آمریکا از یک تعهد دیگر خارج شد و تعهدشون به اندازه جوهر هم ارزش نداره، البته اون عمه جناب ظریف بود گفت امضای کری تضمینه، البته شماها تا غرب ناراحت نشده بدوید و برید قراردادهای استعماری امضا کنید.,ANGRY
1658,عجب حروم زاده ای هستش این صدر عاملی کس کش,ANGRY
1659,حاضرم یک پا و یک دست و یک کلیه و یک چشمم رو بدم هپاتیت و ایدز و زگیل تناسلی هم بگیرم به جاش ذهنیت برنده داشته باشم.,OTHER
1660,این کارشناسا زخممون کردن با این جمله که فوتبالیستا عامل موفقیت تیم ژاپنه. خب ما هم اون کارتونو دیدم، چرا موفق نشدیم؟,SURPRISE
1661,توضیح هم خواستم بدم که منظورم از شعور به بیشعوری چیه، که دیدم بابا به خودم گفتم باشعور و بیشعور و ولش کن دیگه، هرکس هرچی دوست داره برداشت کنه، فقط اینو نوشتم که بگم اینجا منظور از بیشعور نه هیچ کدوم از خواهرای عزیزتر از جانم، بلکه تضادهای وجودی و اون تغییر رفتار ثانیهایمه!,OTHER
1662,""" """"بسیار لذت بردم و برای هدیه عیادت مریض هم تهیه کردم. دقیقا متاسفانه هیچ ذوق و شوقی جز غم و بدبختی چند هزار ساله ندارن""",SAD
1663, بی ترس همیشه حرفش رو زده و پشت مردم بوده,OTHER
1664,از آدمایی که فقط گه میخورن که میتونن کمکت کنن ولی نمیکنن هم بدم میاد,HATE
1665,تو کتابهای موفقیت نوشتن ببینین مسئولان چیکار می کنن، همون کارو نکنین.,OTHER
1666,سخنگوی فراکسیون امید از برگزاری جلسه بین این فراکسیون و مسئولان وزرات اطلاعات درخصوص اظهارات #اسماعیل_بخشی، نماینده کارگران #هفتتپه، خبر داد. قرار شده که از مسئولان وزارت اطلاعات برای بررسی اظهارات آقای اسماعیل بخشی و ارائه گزارش به فراکسیون دعوت به عمل آید.»,OTHER
1667, تو رنج کارهای ایوروشه هست سلیقه من گرچه بوگارت ه کلاسیک و گرم و تند ولی اینو خوشم اومددرد و بلای بر و بچس قطر بخوره تو سر دلیر مردای وحشی فوتبال ایران. تمام,ANGRY
1668,فیلم winter sleep یه دیالوگ داشت که باید بنویسی رو کاغذ پست کنی برای مسئولان ریز و درشت کشوری و جمیع مردم ایران و جهان خیرخواهی این نیست که جلوی سگ گرسنه استخون بندازی، اینه که وقتی به اندازه ی یه سگ گرسنه شدی، هر چی داری با اون سگ تقسیم کنی!! Winter Sleep,OTHER
1669, به عنوان دم دستی مهمونی کوچک و بسته عالیهاگه صحت داشته باشه، حق با شماست، اما اونا حرف و عملشونم یکی است! برا کوبیدن و انتقاد و...، گزینشی و رنگی عمل نمیکنن! مثلا؛ از برانکوشون میخوان درمورد نتایج ناامیدکننده و مسائل تیم در۲۰۰۶! پاسخگو باشه، یا اینکه چرا مالیاتشو نداد! یا چرا حین مسؤلیت تیم و رها کرد و برنگشت! و....... …,OTHER
1670, سلام ای غم لحظه های جدایی از سكوت مغزهاي هوشياره معلومه زیاد مشهد مقدس رفتی که برات عجیبه,SURPRISE
1671,بوی مسئولان در سطح شهر پیچیده,HATE
1672, عزيز دلم اينجا جاي اين حرفها نيست ..فكر كن دخترت اين كامنتو بخونه ميدونى چقد ناراحت ميشه ؟يا يكى از اشناهاتون كه پيج شما رو ميشناسه ببينه ..به گفته هاى شما احترام ميزارم ولى خواهشا پاكش كن اينجا جاى اين حرفها نيست,SAD
1673,دکتر مقیمی اینقد مهربونه که منو توی راهرو مغموم دید و دلیلشو ازم پرسید گفتم امتحان دارم بلد نیستم گفت بیا بهت یاد بدم و یادم داد!!!,HAPPY
1674,هنرمندان بازیگر و کارگردان عزیز که تا هر چی گرون میشه مسخره یا اعتراض شدید میکنید. بدانید یکی از دلخوشیهای مردم تو این اوضاع همین سینما، تاتر و سینمای خانگی است. چرا تاتر از ۲۰ شد۴۰، سینما شد ۱۵ تومان، این دیویدی فیلمهام از ۶ شد ۱۰ چیزی نمیگین؟ چون جیبتون پر تر میشه ؟,ANGRY
1675,شاه از کشور فرار کرد ولی هنوز که هنوزه خاندان پهلوی با پولی که از حق این مردم غارت کردن دارن اونور دنیا زندگی آنچنانی می کنند اونوقت پسرش هم میاد ژست میهن پرستی به خودش می گیره #فرار_شاه,ANGRY
1676,امشب #تنگه_ابوقریب رو دیدم.. یه دو ساعت فقط داشتم هضمش میکردم.. بعد رفتم یوتیوب الن شو دیدم که کیمکارداشیان درباره استعدادای نهفته ش چی گفته و باز اعصابم بیشتر بهم ریخت که چطور میتونن این حجم از سطحی بودن اذیتشون نکنه,ANGRY
1677,اگر مجبور نبودم به کسی جواب پس بدم کل این هفته رو از تختم بیرون نمیامدم.,SAD
1678,ایول آسم عصبیم برگشت:|,ANGRY
1679,روحش شاد,SAD
1680,امیدوارم مردم سرزمینم همیشه شاد و جمعشون خرم باشه حتی توی زمستون,HAPPY
1681,خدایا! دلهای ما را، به خبری خوش، شاد ساز.#نیایش,HAPPY
1682,باید تحقیق بشه چه بلایی سر خایه های مردم تهران اومده ! این حجم از ترس و بی خایگی طبیعی نیست #اعتراضات_سراسری,FEAR
1683,ديروز 37تشکل دانشجویی به وزیر علوم نامه نوشته اند:بدیهی است #دانشجویان در صورت سکوت و مماشات در این مساله و عدم تحقق #آزادی بازداشت شدگان، #سکوت نخواهند کرد امروز بسیج دانشجویی دانشگاه #تهران هم به نیلی: مسئولان پیگیری لازم رابرای آزادی آنهاانجام دهند,OTHER
1684,یا خدا دیگه خدایی نمیکنه یا شیطان خیلی رشوه داده که هرچی بدبختیه سر این مردم بیاد ولی هیچ اتفاقی نیوفته.اون خدایی که گفته من از ظلم بدم میاد و همراه فقرام ولی الان بیشتر دزدها با خداترن . خدایی که قول بخشندگی داده ولی داره هرچی بلاس بخاطر سیب دزدی سر ما ایرانی ها تلافی میکنه.,SAD
1685,این کانون فضل و کرامت همونیه که در جریان تجاوز خمینیشهر میگفت از کجا میدونید؟ شاید شیشه نوشابه بوده. …,OTHER
1686,بدم مياد پسرايى که مو بلند ميکنن کش ميبدن... اوووق,HATE
1687, والا چه کنم اگه میتونستم مگه بدم میومد که برم.ولی نمیتونم چون رفتن به اونور هم الکی نیست از هر نظر سخته واسم,SAD
1688,""" """"واقعاً بی کیفیتهما ادمايه ترسو بي عرضه شرمنده امسال شماهاييم ????باتمام وجود غمكينم ...""",SAD
1689,کارکرد اصلی شبکه #منوتو، القا تصویر خیالی از زندگی در غرب و تطهیر پهلوی است. باید اعتراف کرد که در این زمینه کاملا موفق هم بوده است. این موفقیت را اول باید به صداوسیما و دستگاه عریض و طویلش تبریک گفت که با آن امکانات، حرفش در جامعه ایرانی برش یک شبکه کوچک و مضحک را ندارد.,OTHER
1690,راجع به ليست #شوراى_شهر #اصلاحطلبان كمي ترديد دارم و حتي شايد انتقاد، اما يادمان باشد در نهايت بايد تحزب و سياست ورزي حزبي را قبول كنيم.,OTHER
1691,تمامیت حضور یک نفر دیگر را بعنوان پاره دیگر وجودت وقتی می پذیری که انگار همه چیز از دست رفته باشد . و تو به خیابانی می نگری که خالی از اوست و عابرانی غریبه در گذرند .نگاه خالیت به کاغذ پاره ها و بطری های سرگردان خیره می ماند .,OTHER
1692,محمدعلي زرين قلم كه دربسياري از برنامه هادركناراحمدي نژاد است، ليدراصلي شعاردهندگان عليه مسئولان من جمله مطهري وجهانگيري بود,OTHER
1693,جای شما خالی... رفتم زیارت شاهچراغ و باد و بارون و رعد و برق ... عجب هوای دل انگیزی #شاهچراغ,HAPPY
1694,کتاب های موفقیت به سمینارهای برنامه نویسی شیفت پیدا کردن.,OTHER
1695,"""۲ ماه نمیشه که خریدمش.کاش میشد فاکتورشو نشونتون بدم.اولش راضی بودم ازش.حتی بش فشارهم نیاوردم.یهویی خراب شد.بازش کردم دیدم فلزات توش کلا زنگ زده.اینم از کالای ملی.""""""",SAD
1696,يكى ديگه گفته من هرسال فقط به نامزدى رأى ميدم كه هم اسم همسرم باشه،شاخ درآوردم كه چنين آدمايى هستن واقعاً در اين كره خاكى و جوك نيست.,SURPRISE
1697,میخاین برای اینکه نشون بدیم چقدر از اتفاقای امروز ناراحت و عصبانی هستیم اسلحه برداریم همدیگه رو بکشیم؟ دعوای اینترنتی فایده نداره,ANGRY
1698, نه یک روز بلکه هزاران سالبریم یه دو قسمت Friends ببینیم روحمون شاد شه,HAPPY
1699,#نسرین_ستوده دست به اعتصاب غذا زد رضا خندان، همسر خانم ستوده در پستی در فیس بوکش با انتشار نامهای خبر از اعتصاب غذای او داد: از آنجا که تاکنون کلیهی مکاتبات اینجانب با مسئولان بینتیجه مانده، در اعتراض به بازداشت و فشارهای متعدد بر خانواده و دوستانم دست به اعتصاب غذا میزنم,SAD
1700,افتضاحه مزحک فقط خنده داربود.متاستفم,SAD
1701,نامه بسیار عالی از سمت #دادستان کل کشور خبر مسرت بخشی برای کسب و کارهای آنلاین علی الخصوص #تاکسی_آنلاین ها است. نقش دکتر #جاویدنیا معاون دادستان در ابلاغ این حکم ستودنی و جای بسی امیدواری است. امیدواریم سایر نهادهای حاکمیتی علی الخصوص سازمان های دولتی نیز در این مسیر گام بردارند,HAPPY
1702,وزیر اطلاعات جمهوری اسلامی نسبت به اتحاد اپوزیسیون خارج از کشور هشدار داد و گفت که «با حمایت آمریکا، جریانهای مختلف ضد انقلاب در حال نزدیک شدن به هم هستند و سعی در همگرایی و همافزایی دارند». …,OTHER
1703,یا امام جمعه موقت، عجب هوای ترسناکی شد یهو :|,FEAR
1704,زهرا از کاراش عکس و فیلم میذاره اینستاگرام میخوام به عنوان خالهی کوولش ذوقمو زیرش نشون بدم، تا میخوام بفرستم میبینم چقدر شبیه کامنتای فیسبوکی عمه و خالهی مردم شد که یه عمر مسخره میکردیم؛ منصرف میشم. پیر شدیم رفت!,SAD
1705,"""ناطقان/علی لاریجانی: ۹۵درصد مسئولان رژیمپهلوی """"فاسد"""" بودند. الحمدلله ما در این خصوص هم رشد و پیشرفت داشتیم و تونستیم تقریبا به حدود ۹۹ درصد برسیم.""",OTHER
1706,در همین حین که همه تو گیروداره بحث های بی خاصیت فوتبالی هستند شکوفه بانو جونش در خطرِ حال جسمیشون اصلا خوب نیست و گفته شده قدرت تکلم خودشون رو از دست دادن مسئولان #زندان_قرچک هم اجازه معالجه به ایشون رو ندادن و امروز 345 اُمین روزی هست که در زندان محبوس هستن. #شکوفه_یداللهی,SAD
1707,اینو تو شگفت انگیز خریدم . هنوز به دستم نرسیده . ولی بو شو از دور حس میکنم.,OTHER
1708,خیلی خنکه و پرز های صورت رو برمیداره و همچنین جوش های سر سیاه و چربی های اضافه پوست رو پاک میکنه ولی باید هفتع ای دو بار مصرف بشه و مرتب تا اون اثر مطلوب رو ببینید منکه راضی بودم واقعا جوش های سرسیاهم کم شده و اگه ادامه بدم مصرف رو کاملا پاک میشه صورتم,HAPPY
1709,برای اینکه بهتون نشون بدم مارکت فریلنس چقدر بزرگتر از ماست: فلربو و گیکتوری دوست و رقیب حضور هر دو در فریلند. دیجیاتو و زومیت دوست و رقیب حضور هر دو در فریلند. پارسکدرز و پونیشا دوست و رقیب حضور هر دو در فریلند. #freeland_day,OTHER
1710,امروز در غرفه #انجمن_آرمان براي استقبال از ورودي هاي جديد بنر غرفه با اعمال خشونت توسط حفاظت فيزيكي پايين كشيده شد.,OTHER
1711,تفاوت ما و ژاپن فقط تو همین صحنه ست و نه هیچ چیز دیگه ای این خودمونیم که تصمیم میگیریم که ناله کنی و اعتراض کنی یا تلاش کنی و به موفقیت برسی,OTHER
1712,جسد زهرا نویدپور که نماینده ملکان را به 'تجاوز' متهم کرده بود، پیدا شد بی بی سی فارسی,SAD
1713,آخه چه فوشی باید بهت بدم که لایق باشی,ANGRY
1714,از هزار طرف بهش فکر کردم و بنظرم بخشنامه ترسناکیه...بنظرم غلطه...اگه آدمها بالغ باشن که میدونن چه کار دارن میکنن اگه نباشن به زور یک مدت زمان طولانی نمیشه بالغ شون کرد. با توجه به این بخشنامه از نظر من ترسناک اوصیکم که اصلا چه کاریه! ازدواج نکنین! مجردی هم خیلی مزایا داره بخدا. …,FEAR
1715,مدتها بود که احساس نکرده بودم از کسی متنفرم تا اینکه امروز با پیج مستر تیستر مواجه شدم.,HATE
1716,دم پرسپولیس گرم. ولی تیمای ایرانی اگر ذهنیتشون رو درست نکنن، تا یک میلیون سال بعد هم موفقیت بین المللی نخواهندداشت. حرفایی مثل «وزارت ورزش تیم ما رو تضعیف کرد»ِ از استقلالیا و یا «تیم ژاپنی کثیف بازی کرد» از سید جلال از نشونههای همین ذهنیت اشتباهه,OTHER
1717,سه تصویر ماندگار از روز تصویب #برجام برجامی که به گفته مسئولان #لیبرال قرار بود هم مسکن باشد هم خوراک و هم پوشاک برجامی که تلاش #احمدی_روشنها را با خاک یکسان کرد. ای کاش دولت ما بجای اعتماد به #دیگران کمی به #جوانان اعتماد میکرد. #امضای_کری_تضمین_است #جوانان_ایران_را_خواهند_ساخت,SAD
1718,هروقت یه دختر میبینم که احمق هست اعصابم خورد میشه ... الانم اعصابم خورده ... احمق نباشید لطفا ...,ANGRY
1719,به مدت دیگه شاهد عرضه شدن سیدیهای سخنرانیهای انگیزشی و مثبتگرای عامری برای رسیدن به موفقیت خواهیم بود! …,OTHER
1720,امیدوارم زندگی این هفته هم مثل اکثر هفته ها متعجبم کنه.,SURPRISE
1721,۱۰ روش مدیریت خشم برای کامیونداران #آسان_بار #باربری #راننده_کامیون #کامیونداران #حمل_بار_بین_شهری #سامانه_هوشمند_حمل_بار #اعلان_بار_مجازی #اعلام_بار #مدیریت_خشم #خشم_کامیونداران #خشم,ANGRY
1722,علت تفاوت سطح پیشرفت و موفقیت ایران و ژاپن تو همین عکس خلاصه میشه. یکی دنبال تلاش کردن با تمام وجود، یکی هم دنبال گیر آوردن بهونه برای تلاش نکردن و انداختن تقصیر گردن دیگران. این عکس هم رفت جزو لحظات خاطره انگیز و دراماتیک ما ایرانیا. سال ها این عکس رو خواهیم دید و خواهیم سوخت...,SAD
1723,من از اونام که حتی اگه پول بدم اشکان مدیری هم ریتم کنه٬ فیو استار نمیشم :(,SAD
1724,صبح دیر بیدار شدم، اسنپ گرفتم بهش گفتم آقا من میخوام هشت و ربع فلانجا باشم گفت باشه. وسط راه در حالیکه داشتم از وحشت سکته میکردم گفتم آقا من غلط کردم هیچ اشکالی نداره دیر برسم یکمی یواشتر برین لطفا که فرمودن خواهر من یه یاعلی به شما گفتم باید پاش وایستم، یکمی تحمل کن :),FEAR
1725,"""پاتریشیا:تو ویلیام فالکنرو میشناسی؟ میشل:نه،لباستو دربیار پاتریشیا:اون یکی ازنویسنده های محبوب منه کتاب نخلهای وحشیشوخوندی؟ میشل:لباستو دربیار پاتریشیا:گوش کن جمله آخرش قشنگه""""بین غم ونیستی،من غموانتخاب میکنم"""" تو کدومو انتخاب میکنی؟ میشل:غم یه چیزاحمقانس من نیستی روانتخاب میکنم.""",OTHER
1726,موفقیت های #دونیت درسال95 تدوین الگوی قرارداد #طراحی مبلغ موردنیاز:2/6میلیون تومان مبلغ جمع آوری شده:2/8میلیون تومان تعدادحامیان:100نفر,OTHER
1727,اقتصاد اولویت واقعی کشور است و برای حل مشکلات معیشتی مردم از جمله #بیکاری جوانان، تلاش بیوقفه مسئولان نیاز است.,OTHER
1728,من به حقانیت اموزه های استاد محمدعلی طاهری شهادت میدهم.ظلم دیگر بس است استاد را ازاد کنید و بترسید از خشم الهی که دامن گیرتان میشود به زودی ....... شاگرد کوچک استاد عشق #Taheri_Movement,ANGRY
1729,خیلی عجیبه!! یه کانالی تو تلگرام زلزله هارو پیش بینی میکنه! این زلزله جدید تهران رو هم پیش بینی کرده! مگه میشه؟,SURPRISE
1730,خانواده از تفریح و پوشاک و هر هزینه ای میزند برای توانبخشی.بیمه هیچ کمکی نمیکند. تا کجا خانواده ادامه دهد #بیمه_خدمات_کاردرمانی_گفتاردرمانی,SAD
1731,دیگه زمون گوشی 8 گیگ 3جی نیست ولی ای کاش دیجی کالا بزاره تخفیف شگفت انگیز من 3تایی میکرفتم,OTHER
1732,یه لحظه فکر کن اوباما قهرمانی تیم بیمه رازی بابل تو لیگ کشتی ایران رو تو توییتر تبریک بگه #محمود_احمدینژاد,OTHER
1733,زرزرای این یکی رو کجای دلم جا بدم,ANGRY
1734,روحش شاد خدا رحمت کنه.,SAD
1735,دو سوال: ۱-تا کی ج اسلامی به انتخابات آزاد تن نمی دهد؟ تا زمانی که مطمئن باشد سرکوبگران با خشم مردم مواجه نمیشوند. ۲-پس کی مجبور به عقب نشینی میشود؟ عقب نشینی زمانی روی خواهد داد که مردم پس از سرکوب مجددا اعتراضات را ادامه دهند و یا زمانی که شهری،استانی یا بخشی از ایران آزاد شود.,OTHER
1736,شرط بیته بودم اگه برنده بشم ۴۰۰تومنشو صدقه بدم صدتومنشم ولی خودم بسه,OTHER
1737,این محصول قبل تخفیف هم ۷۹۰۰ بود. حالا زدید قیمت قبل ۱۵۰۰۰ قیمت شگفت انگیز ۷۹۰۰؟,SURPRISE
1738,این طارمی کسکشو که میبینم انقدر حرص میخورم انگار مجبورم کردن کوه بکنم بدم این تخم حروم بخوره,ANGRY
1739,لعنت به شما آخوندها که همیشه در مقابل مردم و سرکوبگر هستین. #تظاهرات_سراسرى,ANGRY
1740,واشینگتن پست: رژیم ایران در حال سقوط است اما بعدش چی؟؟ از نظر من برعکس ما که هنوز برنامه خاصی برای بعد از #سرنگونی رژیم که قطعا رخ خواهد داد نداریم، اربابان رژیم، گلوبالیستها، چپولها و.. برای سالها پس از ج ا برنامه دارن! #تفرقه و اختلافات قومی که از الان کلید زدند!,OTHER
1741,از کسایی که به این رنگ میگن سبز متنفرم! شامل مامانم هم میشه  …,HATE
1742,رشتو،اعتراضات در اصفهان دارای اصالت نیست به دو دلیل اول کدام حق آبه و دوم در اصل هماهنگ شده با مسئولان اصفهان برای فشار بیشتر بر اجرای طرح های انتقال آب است،نتیجه این اعترضات الان باعث باز شدن دریچه های سد زاینده رود و چندی دیگر نبود آب شرب و مهیا شدن و فشار بر طرح های انتقال آب,OTHER
1743,برای ماهایی که غم مرگ سیریوس بلک، اسنیپ، لوپین و دامبلدور رو درک کردیم، مرگ کاراکترهای مهم فصل آخر #گات خیلی سخت نخواهد بود.,SAD
1744,خریدن اولین سیگار با کشیدن اولین سیگار خیلی توفیر داره...! آدم های ترسو خوب می فهمند یعنی چه...,FEAR
1745,خوشحالا و خوشبختا طرف من نیان. اعصابم نمیکشه.,ANGRY
1746,وقتی به این فکر میکنم که خمینی به همان زبانی صحبت میکرده که ما با هم صحبت میکنیم، جایی درون وجودم وحشت میکند. این همه تباهی چطور میتواند این قدر به ما نزدیک باشد؟ چطور او افسانه ای کهن نیست؟ چطور او فقط قصه ای برای ترساندن کودکان در شبی پاییزی نیست؟ مطمئنید این یک کابوس نبوده؟,FEAR
1747,با وجود اینکه بعد از حادثه اعلام شد دختران حادثهدیده شینآبادی تا آخر تحت درمان قرار خواهند گرفت اما بسیاری از دختران بارها اعلام کردند که وعدههای مسئولان عملی نشده است. اینروزهای #دختران_شین_آباد خوب نیست و مدام از ناامیدی سخن میگویند. #همشهری_درنگ,SAD
1748,جدي كِي وقت كرديد يهو انقدر از حامد همايون متنفر شيد :| جزء موردعلاقه هام نبوده و نيست ولي از اين همه جوزدگي متعجبم /:,SURPRISE
1749,در منزل ما مشاجره صورت گرفت: پدرم (که برای اینکه تحمل کنه بدترین حالت رو در نظر میگیره) گفت دیدی گفتم؟ مادرم از آشپزخونه فرمودن دیگه نمیگیها! اینقد بدم میاد، دیدی گفتم دیدی گفتم.,HATE
1750,در چهل سالگی انقلاب مسئولان دارن با سرعت بالایی با رفتارهاشون اقرار می کنن که در حد و اندازه این انقلاب و این ملت نیستن تقصیر خودمونه که احساسی تصمیم می گیریم و جدیتی در حفظ کشور و انقلاب نداشتیم,OTHER
1751,عکس خز و خیل می زارن،می گن ببین اینستا چه خبر.من 4ساله اینستا بزرگترین سرگرمیمه.اصلا این شاخ و پلنگا رو ندیدم چرا؟فقط فامیل،نقاشی،حیوانات کیوت،خوراکی و آموزش آرایش داره.اون قسمت اکسپلورر هم جاسوسه.میدونه چی دوس داری همونو برات می یاره.وقت خز دیدی به اعمال و لایکهای ننگینت فکر کن,OTHER
1752,ولی من دلم میخواد خیلی خیلی پولدار شم که بعدش پولامو بدم به کسایی که اصلا اصلا پول ندارن که دلشونو خیلی خیلی شاد کنم,HAPPY
1753,كسي متوجه شد توي فيلم انگار يكي از دخترها رو گرفتن بردن داخل ون. اون يكي اما فرار كرد,OTHER
1754,اینقدر این تصور غلطه که نمیدونم از کجا شروع کنم توضیح بدم،فقط اجمالا بگم به اینها در ارتوپدی brace میگن نه cast(گچ) …,OTHER
1755,به مناسبت روز پرستار به گوسفندای مشت ممد تجاوز کردم,OTHER
1756,قیمتش خوبه و آدم وسوسه میشه بخره، اما کیفیتش واقعا افتحاضه، لب ماهیتابه ها عین ورق آلومینیوم بریده بریده است، گرانیت داخلش زدگی داره، من برای هدیه خریدم اما خجالت کشیدم هدیه بدم و میخوام پسش بدم. اینم از کالای ایرانی بی کیفیت.,SAD
1757, نه ادعا کردم رژیم خوبهاگر مسئولان محترم #قضايی اعلام کنند صدور حکم دو سال حبس خانم #گوهر_خير_انديش بخاطر بوسيدن يک هنرجو مستند به کدام #قانون هم بوده ممنون ميشيم,OTHER
1758,""" """"برخلاف دوستان فروشنده ای که برای من  کالا رو ارسال کرد محافظ ها دارای جعبه و بسته بندی بودننکته دیگر در تولید محتوا درباره #خشونت، «شناخت حقوقی خشونت» است. شناخت حقوقی خشونت هم به کاهش آن کمک میکند، هم به تولیدگر محتوا در ساخت ادبیات درست یاری میرساند و هم کمک میکند خود تولیدکننده محتوا از خشونتها آسیب کمتری ببیند.|۲۴""",OTHER
1759,جامعه دیگه طوری شده روز زن باس هم به دخترا هم به پسرا تبریک گفت روزتون مبارک,SURPRISE
1760,همون خدا که مد نظر شماست میفرمایند بلند شدن هیچ صدایی به خشم رو نمیپذیره مگه از مظلوم....شما چی میپرستین که اون مظلومو شلاقم میزنین؟ #الهام_احمدی,ANGRY
1761,بسیاری از زنان هر روز با خشونت های مختلف رو به رو هستن از خشونت های کلامی تا جسمی و جنسی حتی وقتی که زیر فشار نگاه ها و قضاوتهای دیگران قرار می گیرن #زنان_را_بشنوید,SAD
1762,قدمت اکانت: حدود دو ماه تعداد توییت: 269 تعداد فالویینگ: حدود 8600 تعداد فالوور: حدود 8100 پروفایل دختر دیدید بک بدید، فیو کنید و شک هم نکنید، آفرین نوابغ! …,OTHER
1763,دلم واسه خنده هات تنگ شده,SAD
1764,#پروانه_سلحشوری اگه روسری سر چوب کرده بودی این قدر ازت متنفر نمی شدم که گفتی عمل گردنت به خاطر سنگینی چادرت بوده.,HATE
1765, کیفیت دوربین 4kفکر میکنم #چادر و #برقع، #حجاب سلیقه ای و نامناسبه. حداقل برای شروع، رنگ چادر سیاه به رنگی و شاد تغییر کنه.,OTHER
1766, موتورش قویه و خوبهاین کلیپ رو امروز کشف کردم، عالی یه! اما چرا اینقدر ذوق کردم ؟ خوب کلیپش خوبه ولی مهمتر اینکه فهمیدم کار #سینا_حاجی_محمدی ی ی ی یه. دقت کردید «حاجی محمدی» میخواید بدونید با من نسبتی داره؟ خوب نه، فقط از بچگی هر وقت هم فامیل خودمو میدیدم ذوق مرگ می شدم، مثل الان,HAPPY
1767,من حرفام رو گفتم حس و حال فعالیت هم دیگه ندارم ممنون رفیق. محمد بن سعد هم در طبقات الکبری سرنوشت ابن ملجم را اینگونه نوشته هر دو دست پای ابن ملجم را بریدن ولی فریاد نزد سپس زبانش رو بریدن و میله داغ در چشمش فرو کردن و در آخر سوزاندنش عجب اراده قوی داشته ابن ملجم,SURPRISE
1768,میخوان رزمایش!!!!! قطع اینترنت بذارن؟ کاش پدرت رو قطع کنن. واااای عجب کثافتکدهایه اینجا,ANGRY
1769,""" اسنپ باکس هم که من در انجا مشغول به کار هستم درحال ورشکستگی است و امروز ۴۰ نفر از کارمنداش رو اخراج کرد . خطر اخراج شدن در کمین ۴۰۰ نفر دیگه از کارمندای اسنپ باکسه""""""",SAD
1770,میگفت فرق بین لذت بردن از جوونی و تباه کردن آینده ات رو بدون.,OTHER
1771,چه قدر از مطب دکتر بدم میآید چه قدر از هر محیطی شبیهاش بدم مییاد واقعا چهطور خود پرستارا و دکترا زنده میمونند,HATE
1772,اول از مرجع تقلیدم درباره ریتوییت برادران سوال پرسیدم و طبق فرمایش ایشان با اجازه برادر ارجمندم من صیغه محرمیت خوندم و دو رکعت نماز توییتری وبعد ریتوییت کردم. قربت الله :))))) دلت شاد برادر که دلمان را شاد نموندی  …,HAPPY
1773, ✨با پایه شگفت انگیز دو هزار تومان+یا رب نظر تو برنگردد -تو نه و شما،بگایی بفرستید برای این بی ادب,ANGRY
1774,لعنت به روزایی که دیر بیدار میشم,HATE
1775,اینقد اعصابم خورد شده . باورم نمیشه واسه این چهل تومن پول داده باشم,ANGRY
1776,البته امیدوارم مرغ ها از اینکه به کونشون اشاره کردم ناراحت نشن ولی خب منظور رو باید میرسوندم.,SAD
1777, با سلام و خسته نباشید.من حساب زرین دارم اگه افزایش موجودی بدم بهتره یا اوراق سپرده یکساله بخرم؟لطفا راهنمایی کنید؟ممنون,OTHER
1778,مسیح اگه جرعت داره بیاد ابران روسریشو برداره،و میدونه اگه خودشم بیاد ایران و روسریشو برداره مث طرفداراش بازداشتش میکنن!!! فقط موندم چرا طرفداراش تا حالا نفهمیدن و فقط مثل یه کودن منتظرن مسیح یه گوهی بخوره اونا هم عمل کنن.مسیح کارش اینه ابروی خانواده رو از بین ببره و خودشم از کارش لذت ببره,ANGRY
1779,امروز روز جهانی خنده است؛ لبتون همیشه خندون #لبخند,HAPPY
1780,امروز انقد هلههوله و غذا و... خوردم که جدی دل درد گرفتم، جوشامم که تازه خوب شده بود دوباره کندم صورتم شد عین تهدیگ عدسپلو. کاش وقتی اعصابم خورده به جای این دشمنیای ریز ریز با خودم، یهو سرمو بذارم زیر گیوتین,ANGRY
1781,چالش ما در حمایت از روح وحشی و روحیه خلاقمان اینست که با هیچ جمعی در نیامیزیم و خود را از اطرافیان متمایز کنیم و آنطور که می خواهیم پلهای رابطه با آنها را بسازیم. ما هستیم که تصمیم می گیریم کدام پل را تقویت و راه عبور بر آن را تسهیل و کدام پل را ناقص و سطحی باقی بگذاریم #کتاب,OTHER
1782,هوا برای نوشتن تاریک شده است و شمع هایم خوب نمی سوزد، مرا ببخش. دوستت دارم... چخوف,HAPPY
1783, کلی با تحلیلاش میخندم.  خخخخخخخامروز بیش از 20 نشریه دانشجویی #دانشگاه_تهران با طرحی مشترک، در اعتراض به تحدید حقوق و آزادی های قانونی دانشجویان، در دانشگاه منتشر شدند. #همراه_با_دانشجو,OTHER
1784,خودکشی مسئولی که کوتاهی کرده 2 کشتن مردمی که به کوتاهی مسئولین اعتراض دارن 5,OTHER
1785,برای هدیه در شگفت انگیز گرفتم بد نیست البته به نظر نمیاد چرم باشه,OTHER
1786,گفتی:باید چشماتو ببندی این آهنگا روگوش بدی، وسط دلبری کردن نمیشه آتیش پاره از ته دل خندیدم گفتم میشه من میتونم حالا تو نیستی و من تا آخر دنیا وقت دارم چشمامو ببندم و این آهنگا رو گوش بدم و بغض کنم... #iday_whale # چالشم,SAD
1787, جمع و جور و مسافرتییجور نفرت کافکایی از بروکراسی دارم که حتی کارهای اداری روزانه که به نظر خیلیها نرمال میاد، بدجور میره رو اعصابم.,ANGRY
1788,الان با بابایی دعوا کردم...گفتم این پفیوزها خودشون میدونن ما به تعهدات پایبندیم زدن زیر قرارداد بعد شماها هم میرین پشت نیروی خارجی وایمیسین! اصلا اعصابم به هم ریخت.,ANGRY
1789,مشهد شهر موندن نیست شهر فرار کردنه از ما گفتن بود,OTHER
1790,دلایل عدم موفقیت در کاهش وزن رو بشناسید! برای مشاوره تغذیه و تناسب اندام، میتونید با کارشناس تغذیه #هاسپیتل خانم «مرجان معلمیان» صحبت کنید.,OTHER
1791,نشستم تو خونه حوصلم سررفته بخدا نمیدونم چیکار کنم اصلا همش اخبار پلاسکو تو سرم و اعصابم خورد میشه #خونه #یکی_بیاد_بریم_بیرون,ANGRY
1792,یه سری دوست اینجا دارم هی من براشون ریت و فیو میزنم هی میزنم هی میزنم هی اونا نمیزنن از همینجا میخوام بگم رفقا توئیتاتون خیلی شاخ نیستن من خیلی با معرفتم #هوایی,OTHER
1793,"""یاخدا دوربین 21مگاپیکسل""""""",SURPRISE
1794,امروز صبح رفتم یه پارک پرورش دایناسور اطراف شهریار که ببینم نیمرو با #تخم_مرغ_دایناسور چجوریه. اولش با نگاههای سرشار از تعجب و جاج از سوی کارمندهای اونجا مواجه شدم ولی در ادامه به این نتیجه رسیدن که درسته که درخواست من عجیبه، ولی برا اونا فرقی نمیکنه دایناسور بفروشن با نیمرو.,SURPRISE
1795,خدارحمت کنه #آغاسی رو لب کارون چه گل بارون میشه وقتی که میشینن دلدارون تو قایقها دور از غمها می خونن نغمه خوش لب کارون هر روز و تنگ غروب تو شهر ما صفا داره لب شط پای نخلها خوشه با جنگ و نی و ساغر و می میشه با شادی و غم زمانه طی چه خوب و قشنگه........... #نه_به_انتقال_آب_کارون,HAPPY
1796,مگه آمريكا همونى نيست كه هيچ غلطى نمى تواند بكند؟ پس اين همه عصبانيت و ترس مسئولان و ائمه جمعه از چيه؟ ظاهرا شعارهاى اول انقلاب رنگ باخته...,ANGRY
1797,از لباس پوشیدن بعد از حمام بیزارم,HATE
1798,از آدم ترسو و خسیس متنفرم,HATE
1799,سلام با اجازه ادمین عزیز?دوست خوبم میخوای بدونی تو برگه جواب ازمایشت چی میگذره؟ ?منو فالو کن تا همشو به صورت تخصصی بهت یاد بدم ?❤️,OTHER
1800,"""واقعا فقط بوی الکل میداد و من بوی عطرشو متوجه نشدم چون صد در صد الکل بود""""""",SAD
1801,آقای #قاليباف هستن پس از فرار به کشور #استرالیا خدایش فرار کردنم بلد نیست حالا میرفت کشور قم یه چیزی میگفتیم پناهنده هم شده,OTHER
1802,هر درد را که مینگری هست چارهای، دردِ محبت است که درمانپذیر نیست! وحشی بافقی صبحتون بخیر و حال و هوای خوب دوستان خوبم,HAPPY
1803,آقای لاریجانی، رئیس محترم قوه قضاییه جناب روحانی رو چرا به جرم تجاوز، زنا و لواط محاکمه نمکنید؟,ANGRY
1804,علیرغم آنکه در خصوص چاپ و انتشار تصویر #محصورین ممنوعیتی به وزارت علوم ابلاغ نشدهاست اما در #دانشگاه_علامه_طباطبائی به ریاست #حسین_سلیمی، مسئولان فرهنگی دستور غیرقانونی به کندن عکس #میرحسین_موسوی از برد تشکلها داده و فعالین دانشجویی را به احضار در کمیته انضباطی تهدید میکنند!,SAD
1805,برخورد مسئولان بالادستی با زیردستهایی که صدای تخلفشان در اینترنت در میآید جای قدردانی دارد. اما دقت شود در قانون اساسی امنیت شغلی هم حیث با جان و مال در نظر گرفته شده است. تنبیه بعضی از مسایل اخراج از کار نیست. لطفاً چنین ساده افراد را با چرخش یک قلم اخراج یا ممنوع الکار نکنید.,SAD
1806,اینو فقط بگم که نزدیک به یک ساله که پسرم ،بلایی که سرش در نیاورده بود نیست،از وسط خیابون و زیر ماشین و لیوان شربت ویمتو بیرون کشیدم و بازم روشن شد و کارکرد ،بدون اینکه ذره ای اسپیکرش صدمه ببینه و یا پیکسل های تصویرش مشکلدار بشه ،من جدأ ،مبهوت موندم و به سازندش   تبریک میگم.,SURPRISE
1807,خیلی خیلی بی کیفیت وقتی به دستم رسید خیلی تو ذوق خورد یه جنس  خیلی بی کیفیت که از زیر کیف چروک و جمع شده بود خیلی جنس خشکی داره من تو شگفت انگیز خریدم ولی حتی تو شگفت انگیز ارزش خرید نداره در کل نخرید که مثل من باید مرجوعش کنید,SAD
1808,قوانین حمایتی از جنس زن(از کودکی تا بزرگسالی) اونقدر ایراد داره که از لحظه ای که یه دختربچه رو که تو خانواده پر از آسیب میبینی هرچقدر هم دوندگی کنی ممکنه هیچ وقت نتونی روی شرایطش در بزرگسالی تاثیری بذاری. کودک کار ازدواج زودهنگام خشونت خانگی... #زنان_را_بشنوید,SAD
1809,هنجار اصلی زندگیم اینه که تاوان چیزی رو پس بدم و بابت چیزی آزار ببینم که واقعا تقصیر من نیست.,SAD
1810,الان به یه نفر نیاز دارم که تو این هوای بارونی منو ببره دور دور و یه کلمه هم باهام حرف نزنه! کابل auxهم دست خودم باشه تا هر چرت و پرتی که دوست دارم رو بدون غرغر گوش بدم,OTHER
1811,انتخاب، تسنیم، فارس، مهر، خبرآنلاین، ایسنا، ایرنا، تابناک، باشگاه خبرنگاران، شبکه خبر و فردانیوز رو تک تک باز کردم، کنترلf #کازرون رو زدم. هیچ چیزی یافت نشد. بعد مسئولان عزا بگیرند که چرا مردم اینهمه از فیلترشکن استفاده میکنن یا فضای خبری کشور دست فلان پیامرسانه.,ANGRY
1812,درد و دل پیرزن اصفهانی لهجه ناب و کنایه های مخصوص اصفانیا همراه با ابتکاری عالی #sinavaliollah  #maxamini #manoto,OTHER
1813,آدم هاي هميشه شاد همون قدر ترسناك اند كه آدم هاي هميشه غمگين.,FEAR
1814,تنهايي اعتياد اوره. وقتي مدتي تنها باشي ديگه حوصلت نميشه تركش كني. و اين جنبه ي ترسناك تنهاييه...,FEAR
1815,""" """"ینی ادکلنی هست ک برای کادو بخواین برای ی خانم بخرین بو نکرده و تست نکرده میتونین با خیال راحت بخریدشزمین ز خون خضاب گرفته و دنیا دارد تماشا میکند! ننگ بر ما که نام کشورمان در تاریخِ این خونبازی ثبت خواهد شد.. شرم بر ما! #غوطه_شرقی #غوطة_دمشق""",SAD
1816,پیشنهاد ما اینه که در اعتراض، درس عربی رو حذف کنن,OTHER
1817,همیشه  جوایز بزرگ  رو  همدان و زنجان میبرن من که  کلا از این برنامه بدم امده,HATE
1818,دوستان اگه کسی میخوادبچه ای روتحت حمایت خودش بگیره من چندتاشناسنامه دستم هست میتونم بهتون بدم به من پیام بدین #ریتوئیت هم کنیدکه ممنون میشم حتاحمایت درحدماهانه ۱۰۰۰۰تومان هم قابل قبوله مابرای بچه های داییم هم گرفتیم هرکدوم ماهانه ازپول توجیبیشون کمک میکنن ازالان کمک کردنویادبگیرن …,OTHER
1819, هیچ نقصی نداره این محصول با خیالت راحت بخرید و لذت ببریدبارون تو هم یه دنیا غم داری ممنون داری واسه من میباری,SAD
1820,اسم اولین آلبوم موزیکی که به کمک AI ساخته شده hello world عه. اهنگاش خیلی عجیبه ینی معلومه که فقط نتیجه ی کار آدم ها نیست. خیلی فضای فانتزی ای داره. شاید رباتا همیشه حالشون خوب باشه.,SURPRISE
1821,ترسى كه باهاش مواجه نشیم و مقابله نکنیم باهاش تبدیل به محدودیت ما میشه. موفقیت,FEAR
1822,روحشون شاد و قطعا قرین آرامش و رحمت خدا,SAD
1823,وای  چه دخترای  قوی بودن.من اگه اونجا بودم از ترس غش میکردم.این عجوزه چی بود ?,SURPRISE
1824, اره بهش میخندن  یه تیم هکر گذاشتن هکش کنه صدا و سیما چنتا برنامه برعلیه این زن مبارز ساخته یه تیم سایبری  بیست و چهارساعته تو پیجش دنبال تخریبه .حالا کی خنده داره,OTHER
1825,#مولوی_عبدالحمید: برای سفر به سایر استانها باید با مسئولان استانداری #سیستان_بلوچستان هماهنگی کنم در غیر این صورت اجازه سفر به خارج از این استان به من داده نمیشود. اما علیرغم هماهنگی ها نیز اجازه سفر ندارم!! #حصر_استانی #مولانا_عبدالحمید #اهل_سنت,SAD
1826,مرزهای لجن بودن این آدم (اکانت فیک) جابجا کرده. از مرده یک نفر هم برای مقاصد کثیف خودشون، نمیگذرند. مرسی که بهمون نشون میدین چقدر نفرت انگیز هستید و چرا باید از شماها متنفر بود  …,HATE
1827,فکر کن با یکی رفیق بشی بعد از چند روز بهت بگه تو سن 16 سالگی با داداش دوستش رفیق بوده بعد رفته خونشون با هم حرف بزنن ولی مورد تجاوز قرار گرفته خب چه حسی دارید ؟ نسبت به رابطه سرد نمیشید؟ لعنت به این جامعه.,HATE
1828,بزرگ نشو این یه تله ست عجب حرفی,SURPRISE
1829,باری اولین بار چت نقشه waze رو میخوندم از کنجکاوی، پر از توهین و فحاشی و خشم آیا لایق چیزی جز وضعیتی که داریم هستیم ؟ درسته ویز و اینستاگرام و توییتر و ... نشانگر کل جامعه نیست اما نمونه ای است قابل تامل از سطح فرهنگ و خواستگاه جامعه,OTHER
1830,یه جوش زده بین دو تا ابروم اندازه یه کتلت، از اول هفته قبل بود، ولی خب از چهارشنبهش سرعت رشدش ترسناک شده. امیدوارم زودتر این بازی رو تموم کنه :{,SAD
1831,جعفر منتظری دادستانکل کشور: اشکال ما این است که از ترس جوسازی حقوق بشری، حکم خدا را اجرا نمیکنیم. فرماندهان و درجهداران پلیس حتما کارت ضابطیت دریافت کنند، بدون این کارت، تحقیقات آنان فاقد وجاهت قانونی است. درحال برنامهریزی هستیم تا این کارت برای عوامل بسیج هم صادر شود./ایسنا,OTHER
1832,گس وات :)))))))))) سرمو اوردم بالا دیدم اکسم با یه دختره دوتا میز اون طرف ترن!!! نه تنها دیده بودنم و شناخته بودنم، دختره طوری نگاهم میکرد انگار HPV متحرک دیده :))) منم خیلی خودمو نگه داشتم سرتکون دادم براشون به معنای سلام چطوری. خلاصه که عجب روزی.,SURPRISE
1833,"""مثلا خسته یا خنده""""""",OTHER
1834,اصلا اعصابم خورد شد! به سمت یخچال میرود...,ANGRY
1835,"بیزارم از آن خدای که به طاعت من از من خشنود شود و به معصیت من از من خشم گیرد, پس او خود در بند من است تا من چکنم... #تذکرة_الاولیا",HATE
1836,خواسته های دست نیافتنی اعصابم رو اونقدری خورد نمیکنن که خواسته های دیر دست یافتنی میکنن,ANGRY
1837,نمیدونستم #گرگان هم استان شده ! چقد عالی ! کشور نشه صلوات ! #استان_گرگان,OTHER
1838,هیچکدام. نظر من اینکه به سمت خرد و دانش پیش بریم . جایی که انسانیت رنگ واقعی میگیره. جایی که لر و کرد و عرب و ترک و فارس کنار هم خوشحال و شاد زندگی می کنند.  …,HAPPY
1839,آقای ترامپ برا دهه شصتی که تو سربازی با خشم شب از خواب بلند میشده کلفت توییت نکن,ANGRY
1840, عالی عالی عالیدیشب از یه خواب ترسناک پریدم. دلم میخواست یکیو صدا بزنم، تو یه لحظه ی طولانی هیچ کلمه ای برای صدا زدن یادم نیومد.,FEAR
1841,  احسنت چهارتا جقله با موهای کرم خورده شاخ شدن?,OTHER
1842,از تعطیلی و خونه موندن متنفرم,HATE
1843,اعصابم به شدت چیزی شده,ANGRY
1844,""" """"این مجموعه عطرهای اسکلاره بوهای خوبی دارند معمولاً و اینکه شما فقط به عنوان عطر جیبی از اونها استفاده کنبد نباید انتظار بیشتر از جیبی رو داشته باشید همینقدر که بوی خوش به مشام خودتون میرسه لذت بخشههمچنین این روز رو به جوانان وطنم که از ترس مامان باباهاشون حتی عکس بوسهی دیگرانو نمیتونن لایک کنن تبریک میگم.""",FEAR
1845,اگه استقلالی و دیدی رقیبت با نامردی باخت اعتراض کن اگه پرسپولیسی و دیدی رقیبت با نامردی باخت اعتراض کن اگه سپاهانی و دیدی رقیبت با نامردی باخت اعتراض کن اگه تیراختوری و دیدی رقیبت با نامردی باخت اعتراض کن ... اگه اعتراض نکردی دفعه بعد که در حق تیم تو نامردی شد اعتراض نکن فکر کن,OTHER
1846,این دو خبر در یکروز منتشر شد: - نماینده کرمانشاه درمجلس: «۹۹٪ مردم زلزلهزده ناراضیاند و پرخاش میکنند و دست به خودکشی میزدند چرا مسئولان فکر عاجلی ندارند.» - «خودکشی همزمان یک خواهر و برادر در سرپلذهاب. پنجمین مورد خودکشی در هفته اخیر» مردم زلزلهزده رو انگار فراموش کردیم...,SAD
1847,یکی هست اینجا اسمش توتیاعه هی اسمشو صدا میزنم میرینم از خنده,HAPPY
1848,ازین عکس های عاشقانه دو نفری که میذارید یا ریت میکنید به شدت متنفرم!,HATE
1849,چند روزیه که یه خشم پنهانی تو وجودم هست، منتظرم یکی اذیتم کنه خالی کنم سرش، ولی متاسفانه هیچکس نیست.,ANGRY
1850,رهبر ج.ا معتقد است #دشمن هر ده سال یکبار سعی میکند تا کشور را به اغتشاش بکشاند و زمینه سرنگونی نظام را فراهم سازد، اتفاقات و شورشهای سال ۷۸ و ۸۸ و شاید ۹۸ به زعم وی با طراحی و برنامه ریزی خارجی صورت گرفته و خواهد گرفت، این یعنی هرگونه اعتراض در سال آینده به شدت سرکوب خواهد شد.,OTHER
1851,نمیدونم کدوم بیشتر بهم چسبید؛ تولد عالی سیاوش یا مهمونای عزیز یک نصف شبم و مستی فوقالعادش فقط میدونم تا یه هفته شارژ شارژم,HAPPY
1852,من ميتونم چنتا كارو همزمان انجام بدم به شرطيكه هيچكدومش در ارتباط با تو نباشه! ميدوني من چند بُعدي ام اما وقتي پاي تو وسط باشه ميشم تك بعدي! در واقع همه حواس و ابعادمو درگير ميكني! ميتونم همزمان رانندگي كنم به دوستم پي ام بدم و هر از گاهي از آبميوه اي كه خريدم بنوشم! اما كافیه,OTHER
1853,اینارو بدن به من یکی یکی دهنشونو جر بدم,ANGRY
1854,لوپ باطل رای دادن به اصلاحات، ناامیدی از اصلاحطلبان، رای ندادن، رای آوردن اصولگرایان، ترس از ادامه روند، رای به اصلاحات هرگز تموم نمیشه,FEAR
1855,ننه جون قلبم سنگینی میکنه نتونستم کاری برات انجام بدم منو ببخش حلا لم کن بهترین مادر دنیا خیلی دلم برات تنگ شده,SAD
1856,اینکه فارس تلاش کرده نشون بده مسئولان قضایی در سال ۶۷ از اصلاحطلبان امروز بودن، نشون میده قبول داره در اون سال، یه اتفاق بد افتاده.,OTHER
1857,گاهی برای بعضی غم ها، گریه کم است.. غصه ناچیز است.. ضجه و فریاد حقیر است.. گاهی برای بعضی غم ها فقط باید مُرد... باید مُرد... باید مُرد... «سکانس عجیب سریال #پایتخت۵ که این بار بصورت واقعی و دردناک در یمن تکرار شد!» #العجل_یامنتقم #يمن,SAD
1858,چیپ طارمی از اوت میلاد محمدی هم خنده دار تر بود,HAPPY
1859,وزارت خارجه آمریکا در اقدامی بیسابقه شمارش معکوس بازگشت تحریمها علیه ملت ایران را در صفحه خودش قرار داده. ما پیرو پیامبر دین بر حق اسلام هستیم و اگر بخواهید تحریم اقتصادی کنید بدانید جریان #شعب_ابی_طالب را شنیدهایم و جنگ نابرابر و ظالمانه جز عزت اسلام نتیجهای در پی نداشته.,OTHER
1860,فعلا دست نگهدارید تا خبر بدم.,OTHER
1861,کودکان کار خشونت روانی را تجربه میکنند در هیچ کجای دنیا سیستم جمعآوری کودکان کار وجود ندارد بلکه شرایطی برای آنان فراهم میشود تا بتوانند در ساعاتی از روز درس بخوانند یا از خدمات بهداشتی و درمانی بهرهمند شده و امنیت داشته باشند #سمینار_کودک_آزاری,OTHER
1862,""" """"دستکش بسیار ضعیف و به دو برابر قیمت. واقعا متاسف شدم""",SAD
1863,لعنت به #سرطان #مریم_میرزاخانی,SAD
1864,داداش اقای مطهری گوه میخوره خودتو ناراحت نگن,ANGRY
1865,اگر انتظار داری رهبری به نیابت از شما گوش دزد و مفسد رو بپیچونه .....,OTHER
1866,اهتمام ویژه مسئولان قدس در حمایت از تولید ملی,OTHER
1867,دلم تفریح خفن میخواد، یا مسافرت خفن,OTHER
1868,فضای مجازی آزادانهتر امکان دسترسی بیشتری دارد، بنابراین افزایش فراگیری کمک میکند در تولید محتوا درباره خشونت، «خشونتگران بزرگ» یا «جامعه خشونتورزان» را آسانتر معرفی کرد، با عنایت به شاخصهای تعریف خشونت و رفتار خشونتآمیز و بدینسان از قربانیان خشونت میتوان بیشتر کاست.|۲۷,OTHER
1869,برای انتخاب واحد یه درسی هیچ کدوم از استادارو نمیشناختم،اونیو انتخاب کردم که اسمش قشنگ تر بود. الان دارم فکر میکنم ارتش هیتلر با اون همه قصاوت و خشونت اسمش نازی بود,OTHER
1870,فریدون بریشان زبان برگشاد که خرم زئید ای دلیران و شاد که گردون نگردد به جز بر بهی به ما بازگردد کلاه مهی بیارید داننده آهنگران یکی گرز فرمود باید گران چو بگشاد لب هر دو بشتافتند به بازار آهنگران تاختند هر آنکس کزان پیشه بد نام جوی به سوی فریدون نهادند روی #اسماعیل_بخشی,OTHER
1871,کتابه رو با تخفیف گذاشتن اما زورم میاد ۱۰ هزار تومن، حتی با تخفیف، پول بدم واسش.,OTHER
1872,از بچگی از آمار متنفر بودم نمرههای خوبیم نمیگرفتم. با نوشتن هر خط از فصل ۴ پایاننامهم یه جون ازم کم شد.,HATE
1873,""" صدای در حد عالی دارهملت بگا رفتن اصلا مهم نیستااااا !""""""",ANGRY
1874,زمانی بود که احساس میکردم نباید هیچکس رو ناراحت کنم و اگر کسی هم ناراحتم کرد باید تحمل کنم الان فکر میکنم مجبور نیستم کسی که ناراحتم میکنه رو تحمل کنم، باید از زندگیم حذف شه اما راستش نمیدونم کدوم واقعاً درست تره...,SAD
1875,الان کجاش خنده داشت,SURPRISE
1876,رفتم چند تا موزیک ویدیوی بیلی آیلیش نگاه کردم اعصابم خورد شد یوتوب رو پاک کردم از اتاق اومدم بیرون :(,ANGRY
1877,تو شگفت انگیز می ارزه وگرنه به دلیل عدم موندگاری ارزش خرید نداره به درد عطر دمه دستی فقط می خوره,OTHER
1878,اگر یه روزی از دنیا خسته شدی بدون که من دوستت دارم و برات آرزوهای خوب میکنم... اینجای دنیا قلب من برات میتپه... هروقت به کمکم احتیاج داشتی صدام کن...,HAPPY
1879,من یه زنم، منم میتونم مثل تمام انسانها عالی(براساس کلیشههای مورد انتظار) نباشم. منبع:دیدهبانِ زنان,OTHER
1880,""" """"اگر شیرین نمیپسندید اصلا حتی اسمش هم نیاریدرسید مژده که ایام غم نخواهد ماند / چنان نماند چنین نیز هم نخواهد ماند""",HAPPY
1881,این اقدام باعث خشم مقامات حکومت دراین شهرشده است. براساس اخبار رسیده تا کنون بازار طلافروشان در شهرهای تهران اصفهان مشهد ارومیه و الان هم یزد در اعتصاب و بستن مغازه هایشان هستند. اعتصاب سراسری از مراحل قیام سراسری مردم ایران است... #ایران,ANGRY
1882,پیام تسلیت رهبر انقلاب در پی حادثه سقوط هواپیما: لازم است مسئولان نقاط ضعف و خطاهای احتمالی را شناسایی و پیگیری کنند.  …,OTHER
1883,لعنت به فرقه تبهکار که باعث نابودی ایران عزیزمان هستن #WeSupportPolandSummit,HATE
1884,اعدام نه نفر در عادل آباد #شیراز به جرم تجاوز زیر خبرهای مربوط به اهواز مدفون شد #نه_به_اعدام,SAD
1885,اوایل ناراحت میشدم از اعدامها از گرانیها از بگیرو ببندها از مرگ به این و اون گفتنها از دیکتاتوری از زن ستیزی از کار کودکان از بیکاری بعداز انتخابات۹۶ و شمار زیاد رایدهندهها، این مسائل عصبانیم میکرد. ولی الان فقط خستم خیلی خسته فکر میکنم تو ۲۳ سالگی خسته شدن خیلی زود خیلی ظلم,SAD
1886,از اینکه ساعت دقیق پرتاب موشکو اعلام نمی کنن متنفرم !,HATE
1887,ما یه دوستی داریم که در ظاهر خیلی باهاش بدم اما به طرز عجیبی وقتایی که کلافه م پیام دادن به این آدم حالمو بهتر میکنه و اینجاس که متوجه میشیم انسان چقدر عجیبه,SURPRISE
1888,خوابم میاد خیلی عجیبه,SURPRISE
1889,ما از نتونستن ها خسته ايم.از مريض بي دارو خسته ايم.از كودك گرسنه خسته ايم.از دانشجوي بي بودجه خسته ايم.از پدر شرمنده خسته ايم.از بمب و موشك و تروريست خسته ايم.از بالا رفتن قيمت دلار خسته ايم.از فرار از كشور خسته ايم.بله ما از تحريم و جنگ خسته ايم.ما صلح ميخواهيم #NoSactionNoWar,SAD
1890,در تعجبم از برخی مسئولان نا#آشنا که بدون هیچ گونه# آشنایی، حرفهای ناآشنا و خارج از حد و اندازه خود می زنند!,SURPRISE
1891,مرگ برای هیچکس نخواستم اما چون منفور ترین شخصی که میشناسم رهبر موقت و عقب افتاده ایست که دستش به خون هزاران هزار آغشته است با کمال میل مینویسم #DownWithKhamenei,HATE
1892,داستان موفقیت کسب و کارهای پینترست بخش جذاب اضافه شده به Pinterest  داستانهای کسب و کارها، مربوط به ماجراهای افراد عادی است که از پینترست به عنوان راهی برای ایجاد کسب و کار خود استفاده کردند.,OTHER
1893,كاش امروز اتفاق قشنگي مي افتاد ، مثلا كمي نگرانم ي شدي ، يا اصلا زنگ مي زدي و ميگفتي .................. دوستت دارم,SAD
1894,"""كاش ميشد از """"قوي بودن"""" استعفا بدم""",SAD
1895,بهارهم باسفره خالی شاد نمیشوی,SAD
1896,از جملههای پر از امید متنفرم,HATE
1897,ديگر هيچ چيز مارا بهم نخواهد رساند حتي واژه ي دوستت دارم... و ما قدِ تمام كلمات از هم دوريم! #ياسمن_مهديپور,SAD
1898,مفهوم نبود بگین بیشتر توضیح بدم,OTHER
1899,رفتم خلاصه بازیای ایران تو جام جهانی ر دیدم اعصابم خورد شد. همه همین کارو کنن,ANGRY
1900,از صدای رعد و برق و نم نم بارون توی تنهایی چیز لذت بخش تری برای بیدار شدن نیست صبح همگی دوستان بخیر و پر از رحمت الهی,HAPPY
1901,آزار و خشونت علیه زنان بستگی به طبقه اجتماعی و اقتصادی نداره. فقر و بیسوادی ممکنه تشدیدش کنه اما من زنان زیادی میشناسم با تحصیلات آکادمیک، سطح مالی خوب و موقعیت مهم اجتماعی که از شوهرانشون کتک خوردند. گاهی چندین بار. #زنان_را_بشنوید,SAD
1902,رومینگ عجب چیز گرونیه؛ رایتل 50kb اینترنت رو برام کیلوبایتی ۲۴۰۰تومن حساب کرده؛ Fido هم یک تماس بیست ثانیهای دریافتی از راننده اوبر رو ۱۲.۵ دلار.,SURPRISE
1903,دو تا بار اندازو تو خستگیش زد آفرین #قاسمرضایی,HAPPY
1904,سوفیا... عشقم... فکر میکنم توی ایران دو جهان موازی وجود دارد؛ یکی که ما مردم توش زندگی میکنیم و یکی هم مسئولان. واقعا انگار جهان ما خار دارد و جهان مسئولان گلدار است. عاشق خاردار تو؛ میدون دوم روزنامه شرق,OTHER
1905,متاسفانه مسئولان حامی ما جوانها نیستند . من خودم میخوام یک استارتاپِ دانش بنیان در حوزه زیست فناوری کشاورزی و مبتنی بر کانابایس راه بندازم با اپ و سایت هم مراحل تولید تا فروش مدیریت شود اما مجوز بازی و دخالت دولت نمیگذاره,SAD
1906,بوسیدنت صدای خنده هایت و سیگاری ک دیگر آرام بخش من نیست,SAD
1907,از قرص جویدنی متنفرم,HATE
1908,دوست عزیز  خیلی خنده داره این دوربین را با گوشی مقایسه می کنید شما وقتی توانایی ومهارت استفاده از دوربین را ندارید باید هم این حرف را بزنید البته شاید اصلا  این دوربین را ندارید واز نزدیک هم ندیدید,OTHER
1909, بعد از شارژ اولیه دو ساعت باهاش کار کردم سه بار وسط دانلود و اجرای برنامه ها خاموش روشن شد!!!دردآور اینه که ترکیه نسبت به جنایات اخیر #اسرائیل واکنش نشون داد اما مسئولان جمهوری اسلامی که مثلاً آرمان دفاع از مظلوم رو دارن هنوز ساکتن! #القدس_عاصمة_فلسطين_الأبدية,SAD
1910,چیزی که تعیین کننده موفقیت استارتاپه قوی بودن تیم و فاندرهاست. اگه فاندرها خوب نباشن تو شرایط خوب اقتصادی هم نتیجه نمیگیرن. وضعیت بد اقتصادی شرایط رو برای تیم خوب سختتر میکنه ولی تعیین کننده نیست.,OTHER
1911,دلم یکم شادی میخاد,SAD
1912,روحش شاد و يادش گراميباد,SAD
1913,قلب خانه زن ها اگر شاد باشند قلب خانه می تپد زن ها اگر موهایشان را شکل دهند ، اگر صورتشان را آرایش کنند ، اگر لباسهای شاد بپوشند زندگی در خانه جریان پیدا می کند زن ها اگر کودک درونشان هنوز شیطنت کند ، اگر شوخی کنند ، بخندند ، همه اهل خانه را به زندگی نوید می دهند,HAPPY
1914,نمی دانم هم اکنون در کجا مشغول لبخندی فقط یک آرزو دارم که در دنیای شیرینت میان قلب تو با غم نباشد هیچ پیوندی,SAD
1915,لعنت بر موهاي هرزه اي كه نميدانند كجا رشد كنند و گند ميزنند به وقتمان,ANGRY
1916,توی زندگی همه یه جایی هست که از روز و ادماش بیزار میشی و به شب پناه میاری اونجا میتونه یکی از تلخ ترین قسمتای زندگی باشه و واقعا سخت میگذره,SAD
1917,حالا شما جدی نگیرید ولی نصف مسیر موفقیت به واسطه ی اسمیست که برای آدم انتخاب میکنن؛ مثلا من سه تا عمه دارم، عمه زرین تاج و اکرمالملوک در حوزه ی تخصصی خودشون آدمای بنامی شدن، ولی از عمه فرحناز هیچی در نیومد,OTHER
1918,"""بگرییم به حال کشوری که رهبرش، از ترس تندروهای داخلی، در سخنرانی هایش چیزهایی می گوید که در روز عمل، ناچار است با مخفی شدنپشت سر دیگران، ذلیلانه از آنها عقب نشینی کند و آن را """" نرمش قهرمانانه """" بنامد. بینوا گفته بود خودش : """"باید گریست به حال کشوری که کسی مثل من بخواهد رهبرش شود""""""",SAD
1919,بهم دایرکت داده میگه هولم بده رفتم تو پیجش میبینم توییت نداره خب لعنتی تو زدی تو دنده دستی ام کشیدی من چطوری هلت بدم ؟؟ یه چیزی شنیدیناااا,SURPRISE
1920,عجیبه! سازمان #صداوسیما تو کارگروه م.م.م رای به #فیلتر_توئیتر ، #فیلتر_تلگرام و #فیلتر_اینستاگرام میدهد، ولی برای دعوت مردم برای شرکت در کمپین آزادی #مرضیه_هاشمی به جای #سروش از توئیتر و تلگرام و اینستاگرام سوءاستفاده میکنند!! زیبا نیست؟! هست. خیلیامهست:/ …,SURPRISE
1921,نفر از داخل نظام میگه ما بد کردیم... بهمن میگه ن بخدا این چ حرفی شما عالی بودین... اونا بدن  …,OTHER
1922,همسر یک پاسدار رژیم آخوندی در حال چپاول بیت المال... منتظر است تا سهمش از سفره انقلاب را بگیرد... بر صفدر و صفدر حسینی ها نه یک بار صد بار لعنت...,HATE
1923,از این مامانایی که بچه هاشونو مدل میکنن بدم میاد بابا بچه باید بچگی کنه ولش کنین به خاطر معروف شدن خودشون چقد بچه هاشونو اذیت میکنن,HATE
1924,از اکثر کارفرهنگیهایی که برای حجاب میشه بیزارم:) ایضا توییتهایی که زده میشه:) #صبح_شما_هم_بخیر,HATE
1925,از خندوانه و رامبد جوان متنفرم,HATE
1926,باورم نمیشه اینجا ایران بود قبلا.عجب بدبختمون کردن پدرمادراها??اون نسل تا عمر دارن مدیون ما جوون ها هستن تا عمر دارن مدیونن,SAD
1927,چرا خدا ما رو رها کرده؟!.روز به روز مردم دارن تو غصه بی پولی و بدبختی غرق می شن? دیگه از زندگی متنفر و ناامید شدم به خدا.نه زندگی داریم نه آینده ای روز به روزم بیچاره تر می شیم,SAD
1928,برخورد توریستی مسئولان با خیابان و مترو و بیآرتی وارد سطح جدیدی شده. قشنگ جالبه براشون. جلسه هیأت دولت عکس مترو اینا نشون میدن به هم تو گوشیهاشون؟,SURPRISE
1929,یکی از شاگردام با نمره هفت افتاده حالا بهم ایمیل زده گفته اگه میشه حداقل بهم ده بدین. نه تو رو خدا بیا اصلا بهت هفده بدم.,ANGRY
1930,در رابطه با حادثه تروريست خاش.... عصبانی و ناراحت هستید درست اما رو به تحلیل های کودکانه نیارید میدونی چند نفر دارن توییتهاتون رو مبخونند و شادی میکنند؟؟؟,ANGRY
1931,هیچ چیز ترسناک تر از پیشنهاد دهندهی کانکشن لینکدین نیست. عجیب creepyیه الگوریتم پشت این هر چی که هست.,FEAR
1932,یه جوری اول صبح  اعصابم رو خرد کرد، هر کی رو میبینم بهش میپرم. مرسی از دیجیکالای دوسداشتنی,ANGRY
1933,قبلا نداشتم این عطرو. بدم نیومد ازش. خوش بوئه خیلی,HAPPY
1934,پشتِ هر «من رو قضاوت نکن»، دو تا «از من انتقاد نکن» خوابیده.,OTHER
1935,غمخوار من ! به خانه ی غم ها خوش آمدی بامن به جمع مردم تنها خوش آمدی بین جماعتی که مرا سنگ می زنند می بینمت ، برای تماشا خوش آمدی پایان ماجرای دل و عشق روشن است ای قایق شکسته به دریا خوش آمدی... #فاضل_نظری,SAD
1936, من که از خرید ام راضی  هستمعجب مملکتی داریم ما انگاری همه دق دقشون حجاب خانمهاست,SURPRISE
1937,""" """"واقعا تعریف ها و تخریب ها رو دور بریزیدانقد اعصابم خورده که فقط فیلم جدید ایرج ملکی آرومم میکنه""",ANGRY
1938,♡ بانوی محجبه ♡ نمـيدانم در دلت چه ميگذرد نمي خواهـم بدانم ولي احسنت کــه بــا حجابت ؛ نه دل شــهيدي را شکـانـدي نه دل جواني را لـرزانـدی ...,HAPPY
1939,ولی بیشتر وقتا جواب دوستت دارم: همون مرسیه,OTHER
1940, تو که دنبال یه مرد لارج میگردی بخرتت و بکنتت بعدم بده بقلی بکنه.تو بایدم ناراحت شی.بازارت کساد شده,ANGRY
1941, قدرت چسبندگی بشدت زیاده. بطوری که من رو داشبود چسبوندمش .یکم جاش نادرست بود خواستم جابجاش کنم نتونستم دیگه تکونش بدم.امروز به دستم رسید،ظاهر خوبی داره اما اصلا جنس خوبی نداره،واقعا جنسش افتضاح هست،من تو شگفت انگیز خریدم و توقع یک  جنس با کیفیت رو داشتم اما وقتی دیدم از خریدم خیلی پشیمون شدم.,SAD
1942,پنگوئنا و فوکا واقعا بدبختن انگشت ندارن نمیتونن سیگار بکشن یادم افتاد اصن اعصابم خورد شد,ANGRY
1943,تصورش هم وحشتناک هست,FEAR
1944,هفته پیش همسایه روبروم دم خونه اومد، گفت از ایران زنگ زدند بابام سکته کرده. ایران میرم و کلید خونش را به من داد.دیروز صابخونه برگشت و کلید رو دادم وسایل نبود. زنگ زدم به دست دوم فروش های محل تا رد کسی که فروخته رو پیدا کردم و در نهایت دزد رو.هیچ وقت کلید خونه کسی رو قبول نکنید.,SAD
1945,دارم از خشم و درد دیونه میشم واسه خاطر پریود نه ها واسه سندرم قبلش,ANGRY
1946,اگر ممنوع شدن انتشار دارایی مسئولان در مجمع تشخیص و حذف بند مربوط به انتشار حقوق کارمندان در کمسیون تلفیق فساد و کثافت سیستمی نیس،پس چیه؟!,ANGRY
1947,ازین ۸۸ و تقلب و فتنه و هر کوفتی از هر سمتی، که باعث دودستگی بین یک خانواده یک فامیل یا یک ملت شده متنفرم :),HATE
1948,از دلتنگي زياد عصباني ام... خيلي عصباني. نه ناراحت نه اشكي... فك ميكنم فقط يه چيز بغض گلومو باز كنه! اين هفته كه الي از يزد بياد تا ببينمش بغلش كنم و هاي هاي بزنم زير گريه و راحت شم از اين گلوي بغضي.,ANGRY
1949,بعد از #کربلای۴ ستونی از کامیون های خالی ایرانی در شب با چراغ روشن به سمت شمال جبهه در حرکت بودند. این را ماهواره ها و جاسوس های عراقی می دیدند . ولی درست در سمت برگشت جاده، هزاران کامیون با چراغ خاموش در حال انتقال نیرو به شلمچه برای عملیات #کربلای۵ بودند. عراق غافلگیر شد .,OTHER
1950,وقتى زنى زيبا مى ميرد زمين تعادلِ خود را از دست مى دهد ماه صد سال عزاىِ عمومى اعلام مى كند و شعر سرگردان مى شود. نزار قبانى,SAD
1951, … حواشی توزیع افطاری در غزه با صدقات مردم فیلم توزیع غذای گرم بین فلسطینیان در نوار غزه از سوی کمیته امداد امام خمینی موجی از خشم و عصبانیت را در بین ایرانیها ایجاد کرده است.,ANGRY
1952,ما از ترس سربازان اطلاعات و سگان ولايت ناشناسيم! ما كاربران ناشناس افتخار ميكنيم كه مبارزه به دارد به نتيجه ميرسد؛ صداى ما ناشناسان به جهان رسيده و اجماع كشورهاى مهم دنيا برعليه جمهورى اسلامى فردا مشخص ميشود؛ اين مبارزه رسانه اى در تاريخ ثبت خواهد شد #WarsawSayNoToMullahs,FEAR
1953,فقط برای این می رم دانشگاه که بقیه رو هم من ویروس بدم مریضشون کنم و انتقاممو بگیرم,OTHER
1954,مسئله اینه که بچه های مسئولان و خود مسئولان چنین شرایطی رو اصلا نمیتونن تصور کنن و انتهای دغدغه هاشون بعد از استفاده از تمام لذائذ دنیا و ماشین و ویلا و غیره در ایران، گرین کارت و اقامت اروپا و خرید ملک و املاک در کشورهای مستکبر و ظالم و خونخوار است. …,ANGRY
1955, به نظرم یه گوشی نوکیا میخریدم اینقدر اعصابم خورد نمیشدگریه داره خنده نداره خاهرم,SAD
1956,به نظر من امامخمینی خیلی مودبانه برخورد کرد اگه نه خود شما رو از حومه پاریس بردارن بیارن ایران چه حسی جز بدبختی و فلاکت ممکنه داشته باشید.,OTHER
1957, شاید تو اون کلاس خوشبو تر هم باشه عه آنوقت اونی که مثل حیوان برهنه ارزش داره نه که خودشو واسه هزاران نفر بی حجاب می کنه نه اقاش یا ناموسش عجب ادمایه جالبی هستید,SURPRISE
1958,یکی برای من از یه کانال پیام فوروارد میکنه که سربازی رو نمیفروشند، در همون لحظه یکی دیگه پیام میفرسته که میفروشند. تو هر دو هم با شک و تردید حرف میزنن. عجب وضع گندی شده خدا وکیلی. تا حالا اینجوری تاثیر اخبار ضد و نقیض رو اعصابم رو حس نکرده بودم.,ANGRY
1959,اه دوباره اعصابم به چخ رفتهههه:(((,ANGRY
1960,افرادی که بوی گل دوست دارن میتونند انتخاب کنند من خیلی خوشم نیومد بیشتر بوهای تلخ و خنک دوست دارم توی شگفت انگیز خریدم ولی کلن ماندگاری خوبی داره .,OTHER
1961,چه سوال سختی! هدفی ندارم. نگاهم هم هر چه باشه تحت تاثیر تجربیات دائم تغییر میکنه پس مهم نیست. سعی میکنم امروز رو خوب زندگی کنم. از فردا خبر ندارم. کمی یاد بگیرم. کمی کارا رو هل بدم جلو. کمی با خانواده باشم و کمی با دوستان. کمی راه برم. کمی زندگی کنم. انتگرالش بزرگ میشه.,OTHER
1962,زندانی سیاسی تبعیدی، #ارژنگ_داوودی، در زندان #زاهدان، بیش از ۱۶ روز است که در بی خبری مطلق و سکوت رسانه ای در اعتصاب غذا است. این زندانی سالخورده و بیمار در اعتراض به یک سال حبس در قرنطینه و در محیطی آلوده و غیربهداشتی و محروم از کلیه امکانات، دست به #اعتصاب_غذا زده است.,SAD
1963,از این وضعیت متنفرم.,HATE
1964,رد ِ گرهها رو که بخوام بزنم میبینم که همه جا هستن و همیشه چند ماه باهاشون راحتم و کنار میام اما یهو میره روی اعصابم... که چرا باید اینطوری باشه؟,ANGRY
1965,در دیدار مقام وزارتخارجه رژیم ایران و کاردار #لهستان، رژیم خشم خود را از اجلاس لهستان نشان داد و مدعی شد: «این یک حرکت خصمانه از سوی آمریکا علیه جمهوری اسلامی است و انتظار میرود لهستان از همراهی با آمریکا در برگزاری این کنفرانس خودداری کند». #ایران …,OTHER
1966,بهترین برنامه برای #دههفجر مجازات مسئولان فاسد جلوی چشم همه مردمه، نه دعوت از همونا برای سخنرانی. ایمان مردم به انقلاب جز با عملِ انقلابی تقویت نمیشه. بس است سخنرانی...,ANGRY
1967,"""چرا از #روز_دختر متنفرم؟ - مناسبتي من درآوردي است كه تا ده سال پيش وجود نداشته - منشا آن تاريخ تولد قمري يك توله در عربستان است و هيچ ربطي به ايران و ايراني ندارد - و از همه مهمتر، هدف از آن تقسيم جامعه به دو بخش """"زنان"""" و """"دختران"""" است، و اشاعه فرهنگ تبديل زن به كالاي مصرفي""",HATE
1968,در عرصه سیاست، تنها کاری که ج.ا. با موفقیت انجام داده، ساخت و ایجاد مخالفین قلابی برای کنترل و مدیریت جمعیت های ناراضی مردم از اقشار مختلف جامعه اس. وجه مشترک همه این ها: ۱.فرد گرایی ۲.عدم ارائه راهکار و چشم انداز مورد نظرشون ۳.تلاش برای از بین بردن اتحاد مردم با بر چسب زنی ۱/۳,OTHER
1969,کودکان زاهدانی به چشم نمیآیند، مرگ دلخراش دانشجویان در میان هیاهوی سیاستبازان گم میشود.فریاد بیکفایتی مسئولان دانشگاه آزاد به جایی نمیرسد چون تحت نظارت هیچ نهاد انتخابی نیستند.دولت و مجلس نمیتوانند بازخواستشان کنند. به مسئولان دانشگاه امیدی نیست. اعضای هیئت امنا چه میکنند؟,SAD
1970,من فدای پشماتون می دونم وضع مالی خیلیاتون خوبه می دونم اولویت گوشی دس گرفتنتون تفریح و خنده اس ولی یه دوروز همت کنید هرجا هستید بگید 16 مهر اعتصاب عمومیه،باور کنید اگه ما درد هموطنی که این روزا داره از بی پولی و گرانی می رنجه رو حس نکنیم حرمت قلم رو شکستیم,SAD
1971,الان رفتن به دَرَک نه تنها فحش و نفرین نیست که غایت آرزو واسه نفره.,OTHER
1972,جواب سوال مسابقه رو میتونم یکشنبه بدم یا فقط باید همون شنبه جواب داد,OTHER
1973,ما از مسئولان متشکریم که طوری سانسور را در ما نهادینه کردهاند که الان ما حمام هم میرویم با لباس میرویم.,OTHER
1974,ديشب از ساعت٥/٥ از غرب تهران راه افتادم برم تهرانپارس ،ساعت ٨ رسيدم ، فكر عمر از دسته رفته تو ترافيك اعصابم رو خورد مي كرد،اين مملكت نياز به براندازي و تحريم نداره ،سه روز پشت سر هم بارون بباره مملكت از دست مي ره,ANGRY
1975,میخوام انگشت بندازم تو یقهم و جر بدم برم پایین.,ANGRY
1976,تجمع اعتراضی پیمانکاران در مقابل شورای شهر #تهران وبستن خیابان در اعتراض به پرداخت نشدن مطالباتشون از شهرداری قابل توجه اینکه این سومین تجمع پیمانکاران میباشد یکشنبه۲دیماه #اعتصابات_سراسری,OTHER
1977,اینقدر بدم میاد این گزارشگرهای ایرانی میخوان باخت تیم ملی رو ماستمالی کنن، نمیفهمن کسی با این حرفا آروم نمیشه، بلکه همه عصبی میشن,HATE
1978, : اگر بازیکنان را میبافتند قطعا سه گل نمیخوردیم  : وقتی میله های مترو رو کوتاه بسازند این باخت هم نتیجش میشه  : اعتراض به داورم میخاره,OTHER
1979,پریود شدم عصبیم ننه ایشالله خونریزی قسمت همه,ANGRY
1980, واقعا هم خنده داره ???,HAPPY
1981,الآن با خبر شدم که معلمهای شهرمون فردا و پسفردا را در اعتصاب خواهند بود. حمایت اقشار جامعه لازمه گسترده کردن این حرکت مدنی است. دانشجویان و قشر فرهیخته جامعه نیز باید حمایت کنند. ترس و سکوت خیانت به تاریخ است.... #اعتصاب_سراسری #اعتصاب_دانشجویی۲۲مهر #اعتصاب_معلمان «ایرانمان»,OTHER
1982,بعد از خشونت چند وقت اخیر در ورزشگاهها اینبار حضور مجری زن در ورزشگاه آزادی بین تیمهای استقلال و فولاد جوری که باید فقط صداش از بلندگوها شنیده میشد,OTHER
1983,فیو زدن بضی توییتا Gay عاشق شدن Gay ناراحت شدن و اخلاق خاص داشتن Gay اینکه فک کنی هیچ درصدی گی نیسی و ادا تنگا رو دربیاری Gay اخلاق خاص داشتن Kheili gay,OTHER
1984,#زلزله_شوخی_نیست مسئولان ما همچنان فریب بازی #پوتین #ترامپ را خورده اند و بجای مشکلات مردم درگیر موضوع #حریری هستند #بازار_صلاح #درآمد_کثیف,SAD
1985,رو بیشازحد ریسکی میدونم که بخواد عقلانی باشه، وگرنه تا الان دربارهی این دختر آخری که ازش خوشم اومدهبود یه کاری میکردم. این چیزیه که «من» بهش تبدیل شدم، پس لازم و درست نیست که بخوام تعمیمش بدم به بقیه، بقیه کاری که برای خودشون درسته رو باید بکنن.,OTHER
1986,بینیمو باید عمل کنم و از ترس آمپول دارم گریه میکنم.:)),FEAR
1987,چند وقته به طرز عجیبی دلم میخواد که یکی بود که Fear of a blank planet استیون ویلسون رو حفظ بود و سوار ماشین در حال رانندگی با هم داد میزدیم و میخوندیمش ولی هیشکی نیست. هیشکی.,SAD
1988,این هدفون صداخفنکن دار عجب موجود خوفیه! این کولی همیشه مسافر چه عمری را تباه کرد توی این پروازها که به جای پادکست به صدای موتور هواپیما گوش میکرده تا به حال.,SURPRISE
1989,مو ها رو صاف نمیکنه حتی وز مو هارم نگرفت. سر دندونه شونه هاش یه پوشش سیلیکونی مانند داره که باعث میشه مو ها وحشتناک کشیده شه. من کلی مو هام کنده میشه هر دفعه . نکته مثبت هم زود گرم میشه و حرارتش به مو ها آسیب نمیزنه,SAD
1990,اگه میتونستم از زندگی فرار میکردم میرفتم تو یه روستا که هیچکی منو نمیشناسه کارگری میکردم... نمیخوام احدی رو اشنا ببینم,SAD
1991,تو به گور پدرت خندیدی که اتدکی اندیشه باید ... حروم فکر فکر کردی کلام خدا که سر تا سرش از تفکر فلسفه و علوم صحبت می کنه چرت و پرت بعد تو داعش نما نتوهم با عرور تکبر خدارو به عحب عجب می خوانی  بعد برای خدا تاسف می خوری و خودت رو صاحب علم میدانی بی شرف متوهم,ANGRY
1992,قبل اينكه حرفى رو بزنيد خوب راجبش فكر كنيد ببينيد با شنيدن اين حرف طرف مقابل خوشحال ميشه يا ناراحت، بعد تصميم بگيريد كه اون حرف و بزنيد يا نه..,OTHER
1993,بحران #٣٠سالگي براي من فقط بحران مالي بود ، كه اونم در بدترين وضع ممكن در حال گذارم ولي خب به قول آقا #خيام این قافله عمر عجب میگذرد دریاب دمی که با طرب میگذرد ساقی غم فردای حریفان چه خوری پیش آر پیاله را که شب میگذرد #تولد خودم رو به همه #تسليت ميگم چون دهنتون صافه,SAD
1994,عباس زائری نویسنده، فعال زیستمحیطی و چهره فرهنگی اجتماعی میناب درگذشت. او باوجود معلولیت جسمی فردی فعال در عرصههای مختلف بود. پوشیدن کفن و رفتن به درون یک فروچاله در اعتراض به برداشت بیرویه از منابع آبی میناب، یکی از اقدام نمادین او بود که در رسانهها بازتاب زیادی داشت.,SAD
1995,آیا واژگانی مثل چاق و کچل و شهرستانی و پیرزن تحقیرآمیزن؟ اگه شما رو ناراحت کنن بله، در غیر این صورت خیر. خیلی سادهست: کسی که قصد داره از طریق این واژگان دیگری رو تحقیر کنه روی اجماع عمومی بر سر بار منفی این صفات حساب باز کرده. تحقیرکننده معلومالحاله، ریشهی مشکل یه جای دیگهست.,OTHER
1996,مام نیوا گرفتم بیست و شش. اعصابم خورد شد. بعد رفتم دیجی کالا دیدم زده سی و چهار.,ANGRY
1997,فیلمهای ایرانی براحتی درجشنواره های بزرگ جایزه میگیرندچون خارجی هافکرمیکنندفیلم،اثرتخیلات خلاق فیلمنامه نویس وتلاش بازیگراست درحالیکه هردوفقط زندگی عادی مارانشان میدهد مثلاطلاق گرفتن رفتن به ورزشگاه خارجی هافکرمیکننداینهاتخیلات سازنده است نمیدونن این بدبختی هازندگی واقعی ماست,SAD
1998,دوستت دارم می بینی عزیز!؟ کوتاه است خودم که بلند میگویمش همه ی دنیا می فهمد. #عیسی_فرهادی …,HAPPY
1999,انقدر پانزدهم بهمن پانزدهم بهمن کردی می خواستی تولد داریوش رو تبریک بگی؟؟؟ برو به یوم الله ۱۷ بهمن ایمان بیار برادر..  …,OTHER
2000,بله، خیلی بده که یکی بدون هیچ توضیح و دلیلی بازداشت بشه و ضمنا باهاش با خشونت و تحقیر رفتار بشه.,SAD
2001,حوصله ندارم دلم گرفته چیکار کنم کاش، زودتر فردا بیاد و بره بدم میاد از تعطیلی,SAD
2002,عذر خواهی بچه های تیم ملی رو میبینم اعصابم شخمی تر میشه,ANGRY
2003,از این که کاری رو #ازسربازکردنی انجام می دن، متنفرم!,HATE
2004,الان عادل توی نود هفته بعد یه کلیپ حماسی از کیروش پخش میکنه و این موفقیت رو ربط میده به کیروش …,OTHER
2005,"""قدرت مغناطیسیش هم بالاست. گوشیم آنر 9 هست و به خوبی جذب میشه و کنده نمیشه""""""",OTHER
2006, سرو صداش خیلی کمههفدهتا شاخ فالور بلاک کردم اینکه چرند مینویسن لایک میخوره خیلی رو مخم بود .,ANGRY
2007,نکته وحشتناک در مورد آخوندا اینه که این جماعت قابلیت اینو داره که صد سال دیگه یه مقبره از ابوبکر البغدادی بسازه و یه عده برن خودشونو بهش زنجیر کنن تا شفاعت بگیرن #جهل,FEAR
2008,دوست پسری که بعد یه سال بفهمه تو کک و مک داری گاوه! تازه همیشه هم بدون میکاپ باشی پیشش :))) یادم افتاد اعصابم بهم ریخت اصن,ANGRY
2009, دقیقا دیروز منم داشتم صحبتای آقا راد رو گوش میکردم از این قسمت حرفش خیلی ناراحت شدم. ....باوجودی که اصلا از مسیح خوشم نمیاد و ازش متنفرم به لحظه دلم سوخت,SAD
2010,اگر به مرور یک چیزی گران میشد خب آدم میگفت صرفاً وضع اقتصادی خرابه، ولی وقتی ظرف یک ماه یا یک روز دلار اینچنین افزایش قیمت پیدا میکنه یعنی قطعا داره یک فساد و دزدی صورت میگیره و سکوت و بیتفاوتی مسئولان مقابل این فساده که زجرآوره.,SAD
2011,خرمآبادی، دبیر کارگروه تعیین مصادیق محتوای مجرمانه: از سوی دادستانی کل کشور به مسئولان وزارت ارتباطات اخطار داده شده که رفع فیلتر اینستاگرام بر خلاف موازین قانونی و قضایی انجام شده و مسئولان امر باید پاسخگو باشند ـ فارس,OTHER
2012,هر روز ک میگزره و یادم میوفته چقدررررر دوسش داشتم بیشتر از خودم بدم میاد #عشق_یک_طرفه,HATE
2013,من خودم آدم نسبتا رکی ام. اما یکی دو روز پیش یکی یه جوری زد تو پرم که هنوز اعصابم خورده. چیکار کنم حالم جا بیاد؟,ANGRY
2014,یادگار صادقی جوان معترض به جلیلی که در اعتراض به بیکار کردن مردم بانه توسط عوامل حکومتی دستگیر شده . تنهایش نگذاریم #یادگار صادقی #اعتصاب کردستان,OTHER
2015,نیم ساعت دیرتر از دیروز راه افتادم نتیجه اینکه هنوز نرسیدم شرکت تازه ۱۱:۳۰ هم باید بیام بیرون برم دانشگا :| لعنت به ترافیک,HATE
2016,کاش این بدبختی امروز، پیش نیومده بود . کاش منم مثل قبل بودم .کاش میتونستم راحت باشم,SAD
2017,عجب صدایی داری بلا,SURPRISE
2018,بزرگترین اشتباه، اشتباه نکردنه - اونم بخاطر ترس از اینکه یک چیزی ممکنه اشتباه باشه,FEAR
2019,من تو شگفت انگیز خریدم که بد نبود اما ماندگاریش خیلی کمه. ادکلن آبیه بوش بهتر بود,OTHER
2020,چرا همين كه از خواب بيدار ميشم اعصابم بايد خورد شه؟؟,ANGRY
2021,به نظرم يه كمپينى بايد راه بيفته مرداى ايتاليايى با زن هاى كلمبيايى ازدواج كنن ببينيم محصول مشترك شگفت انگيزشون چطور ميشه,OTHER
2022,عجب موهایی . خوش باشی ??,HAPPY
2023,آدما ممکنه از یه جایی به بعد ناراحت شن تو تولدشون که پیر تر شدن ولی من هرسال امید دارم که قیافم بزرگونه تر شه و بیشتر جدی گرفته بشم,SAD
2024,ده روز کارکردی؟ ۸۰هزار کار کردی؟؟،روز۸هزار تومن ،چوم ،من ۵۰۰تا کارگر اینجور میخام،،،،،،عــــجب,SURPRISE
2025,کربلا بگو آیا یادت هست که خیل خصم سر کبوتر قافلهسالار عشق را بر سرنیزه کردند و با خود بردند؛ ولى هنوز دشت پر از نور و صفا بود؟ خیمههاى اهل حرم را به آتش کشیدند تا شاید خشم و غضبشان فرو نشیند و غافل از اینکه آه طفلان حرم باز آنان را به آتش خواهد کشانید #حب_الحسین_یجمعنا,SAD
2026,"""یه عالم ژانر اومد و رفت نه حوصلهی نوشتن داشتم نه لزومی میدیدم مشارکت کنم، ولی مسئلهی گوگوش خیلی رو اعصابم رفت، دلیلشم اینه که مشکل اغلب خزعبلگوها """"زن بودن"""" گوگوشه، اگه اون استادای خفنشون با دختر همسن پسرشون ازدواج کنه ایرادی نداره ولی خوب گوگوش چون زنه کلا باید بمیره! حکایت/""",ANGRY
2027,"""شرکت تولید لوازم و پوشاک ورزشی نایک نوعی کفش را که در کف آن طرحی شبیه کلمه """"الله"""" حک شده روانه بازار اروپا کرده که خشم مسلمانان را برانگیخته است""",ANGRY
2028,اعصابم خورده فقط توییت کردن به زبان عربی آرومم می کنه,ANGRY
2029,پزشک #ترامپ میگوید ریسجمهوری ژن خیلی خوب دارد، برای همین علیرغم اینکه ورزش نمیکند از وضعیت جسمی بسیار عالی برخوردار است. #ژن_خوب,HAPPY
2030,نمود آدمای احمق و بیصلاحیت همهجای این مملکت هست. زنیکه کلا یه کار داشته که نسخهرو بخونه و وقت بده. همون یهکارم درست انجام نداده و من بهخاطرش از ۶ صبح علاف شدم و همونطور که میبینید ریده شد تو اعصابم,ANGRY
2031,البته که سگ شاشید دهن خودش و اون رهبر عنش. این یارو آخوند تشریف داره و مشغول مسخره کردن دولت و مجلسه. گولشون نمیخوریم ولی ناموسا خنده داره:))),ANGRY
2032,برای فردا جمعه، ساعت ۱۷:۳۰ سینما استقلال میدان ولیعصر، یه بلیط انیمیشن فیلشاه موجوده و میخوام بدم به یکی از بچههای زحمتکشِ کار که تماشا کنه. کسی آشنا داره؟ کمک کنید لطفا. #ريتوييت_لطفا,OTHER
2033,اصلا نباید وارد حیطه ی آموزش بشم، اعصابم نمیکشه، حالا اینام هروقت مربی نمیاد منو میزارن جاش از اونجاییم که حوصله ندارم کلاسو زود تعطیل میکنم و میرینم تو تایم باشگاه:),ANGRY
2034,پس باید کارمندا از برنامه شما متنفر باشن چون دیگه بهانه ای ندارند که از زیر کار فرار کنن,HATE
2035,خشم دارم از قانونی که چنین چیزی رو برمیتابه و مدعی هستیم عمل به اون همون عدالته گند زدیم به هرچه از مفهوم عدالت میشود تصور کرد …,ANGRY
2036,قطعا یک سرمایهگزار خارجی برای تفریح در ایران سرمایهگزاری نمیکنه!,OTHER
2037,هوای نامطلوب تهران در فروردین ماه,SAD
2038,هرچه بگندد نمکش میزنند وای به روی که بگندد نمک.... پلیس درایران یعنی وحشت.. ترس... اضطراب...,FEAR
2039,سه تا چیز هست در مورد رفتار با حیوونا که عصبیم میکنه؛ اول اینکه میپرسن نژادش چیه؟ دوم اینکه لباس تنشون میکنن( مخصوصا زنگوله به گردن گربه) سوم اینکه تربیتشون میکنن و در موقعیتهای دشوار قرارشون میدن( مثل گذاشتن غذا جلوشون و گفتن اینکه نخور) برای گرفتن فیلم اینستاگرام,ANGRY
2040,بعضی به بهانه مسائل داخلی دشمن رافراموش میکنندامام مکررفرمودند هرچه فریاد دارید بر سر آمریکا بکشیدبرای همین بودالبته جامعه آزاداست،انتقاد مایه پیشرفت امادشمن درجه۲ودوستانی راکه باآنهااختلاف داریم اشتباه نگیر دشمن اصلی کسی است که میخواهددستآورد ملت راازبین ببرد #USARegimechange,OTHER
2041,"""فیلمای آموزشیش توی اینترنت و آپارات هست.""""""",HAPPY
2042,به خدا اصلا براشون حجاب مهم نیست از گیر دادن لذت میبرن سادیسم دارن اینجوری میگن,HATE
2043,مصاحبه اختصاصي #علی_قلیلو با روزنامه و سايت خبري cnn #علي_قليلو مرد مبارزی که از اول کمپین اعتراض به حجاب اجباری همراه ما زنان بود و در بهمن ماه ۹۶ دستگیر و هشت ماه در زندان وکیل آباد مشهد زنداني بود. جهت خواندن كامل مصاحبه به آدرس زير مراجعه كنيد.  …,OTHER
2044,یونیسف با این عکس روز جهانی #مادر رو تبریک گفته. روزانه هفت هزار نوزاد در دنیا میمیرن، از طریق این لینک میتونیم از کمپین یونیسف حمایت کنیم تا جلوی این اتفاق دلخراش رو بگیریم  … لطفن بقیه رو هم با #ریتوییت مطلع کنید,SAD
2045,من تختم کنار شوفاژه پریزم بغلشه دلتون سوخت یا ادامه بدم؟,HAPPY
2046,اگه از فضای مجازی درآمد ندارید سعی کنید ازش لذت ببرید، وقتهای پرتی و دور ریزتون را برای مجازی بذارید، و هسته اصلی روز/شبتون را تو مجازی تلف نکنید، اینجا هیچ چیزم خیلی جدی نگیرید غیر این باشه باختید #پند,OTHER
2047,چقدر مستند #انقلاب_۵۷ وحشتناک هست، من تحملش رو ندارم!,FEAR
2048,زمانی از این خبر خوشحال میشدم که یوتوب فیلتر نبود و کاربران با میل و رغبت خودشون آپارات رو انتخاب میکردن. این موفقیت برای من فرقی با موفقیت ایران خودرو نداره …,SAD
2049,از اینکه هر جا حرف از یووه میشه رونالدو رو نشون میدن، متنفرم. به نظر من نماد یووه فریادهای شادی کیلینی بعد از دفع خطر و بازی بی مهابا و با جون و دل مانژوکیچ. رونالدو خیلی راه داره تا بخواد یوونتوسی خطاب بشه.,HATE
2050,دلم واسه تهران تنگ شده ، فکر اینکه بعد از درسم مجبور شم برگردم عصبیم میکنه ، البته واسه تهران نه ، واسه زندگی مستقلم .,ANGRY
2051,من نمیدونم منتظر چیم یا کیم ولی الان منتظرم و اعصابم خورد شد :/,ANGRY
2052,همیشه شاد باشی مسیح جان ???,HAPPY
2053,"""خیلی طول نمیکشه که یه سری کاربرها عکس این متجاوزو میذارن آواتار، یه عده دیگه هم به هم میگن """"تو رو باید ببرن پیش فلانی(همین ایشون)"""" یا اینکه """"بچگیات بافلانی بودی"""" یا """"از فلانی خاطره داری"""" و از این قبیل""""شوخی""""های مبتذل و سخیف. بعد بپرسیم چرا مشکل تجاوز هیچوقت حل نمیشه.""",SAD
2054,صبح بخیر سه شنبه تان به نیکی.... The fear of God is the beginning of wisdom ترس از خداوند آغاز خردمندی است.,HAPPY
2055,"""درسته دل خوشی از این نظام ندارم ولی دلیل نمیشه که توییت های رضا پهلوی رو اعصابم نباشه و بلاکش نکنم! پ.ن: حال بهم تر از اون ؛ اون عده ای هستن که تو کامنت ها """"شاهزاده ی من"""" خطابش میکنن!""",HATE
2056,بابا:یکی سرکلاس صدای گربه درآوردوباباهم روش به تابلو بوده،برمیگرده شروع میکنه به حرف زدن وروانشناسی کردن کلاس درنهایت میگه:گربه بروبیرون،اتفاقی نمیوفته دوباره تکرارمیکنه واتفاقی نمیوفته درنهایت میگه گربه زرد بروبیرون (رنگ لباس گربه خان) وخب بابا به اندازه کافی ترسناک بوده  …,FEAR
2057,اينقدر فحش يا در بهترين حالت دَرى وَرى به جاى انتقاد از مسيح علينژاد نوشته شده كه نقدهاى اساسى اصلا ديده نمى شه.,OTHER
2058,دوستانه: «زبانِ بدن» جناب آقای#رئیسی، نیاز به اصلاح دارد. چشمهای سرگردان، لبهای بیلبخند، خمیدگی پشت و شانه، تردید را منتقل میکند,OTHER
2059,یک سالِ پیش، دختری بودم که شاد و امیدوار و قوی منتظرِ آینده بود الان اما چی مونده؟ هیچی، جز یه حفره ی سیاه و یه پوزخند عمیق...خیلی عمیق,SAD
2060,هر کسی آن درود عاقبت کار که کشت وقتی جامعه در برابر آموزش و پرورش بیتفاوت است وقتی معلمان حقطلب که از آموزش رایگان و باکیفیت دفاع میکنند پشت میلههای زندانند و غیر معلمان در مدارس پولی به کار گرفته میشوند نتیجه میشود، سقوط #تجاوز_به_دانش_آموزان #جای_معلم_زندان_نیست #محمد_حبيبى,SAD
2061, یا خروجی هوم سینماالبته ميتونم هزار تا دليل بيارم كه يحتمل از سر خشم نژاد پرست شده! نگاه كشورهاي اروپاي غربي به كشورهاي اروپاي شرقي انقدر بعضي مواقع سختگيرانه و مغرضانه است كه بعضي مواقع با ترديد اين افراد مليت خودشون رو در كشورهاي اروپاي غربي بيان ميكنند. /٢ #نه_به_نژادپرستي,OTHER
2062,خب سرفیس لپتاپ ۲ من رسید ولی روی لود سیپییو بالا، فنش صدای تق تق بد میده و اگه یکم سعی کنم فشار بدم یا خمش کنم، صداش قطع یا کم میشه. قبل از اینکه به فکر این بیافتم یکی ببره کانادا یکی برشگردونه، میدونید توی تهران کی خیلی تعمیرکار خوبیه و میتونه همچین چیزیو درست کنه؟ #ریتوییت,OTHER
2063,طبق اعلام بستگان یکی از بازداشتشدگان که در زندان فوت کرد، او طی چند تماس باخانواده اش اظهار داشته مسئولان او و دیگر بازداشتی ها را مجبور به خوردن قرص هایی میکردند که حالشان را بد میکرده...,SAD
2064,امثال مهدی خلجی و نیما راشدان از جمله دروغگوترین و خطرناکترین دشمنان ملت ایران هستند.ببینین در سمیناری که در سال 2013 در مدرسه مانک در تورنتو که بعنوان کارشناس شرکت کردند چه میگویند.علی الفونه،نازنین افشین جم و اکبر عطری نیز از سخنرانان بودند.لعنت …,ANGRY
2065,ده پرسش و پاسخ درباره اهمیت بیطرفیشبکه همزمان با اعتراض به افزایش قیمت ترافیک بینالملل اینترنت #بیطرفی_شبکه,OTHER
2066,یکی از فاکتورها و عوامل مهم در رضایت یا عدم رضایت زناشویی اینکه در رابطه باید در کل، نسبت خوبی ها یا هیجانات مثبت (مانند، شادی، امیدواری، لذت و حذ و کیف، خشنودی، کنجکاوی، علاقه و ... ) به بدی ها یا هیجانات منفی (مانند، خشم، ناامیدی، ترس، غم و ...) حداقل ۵ به ۱ باشه. (رشته توییت),OTHER
2067, انتظار چنین محصول با کیفیتی رو نداشتم ، واقعا شگفت زده شدماز شلوغی بدم میاد,HATE
2068,"""شروع نزدیکتر شدن آدما به من، توی اکثر موارد با جملهی """"من ازت میترسم!"""" بوده. هیچ وقت ایرادی توی این موضوع ندیدم. هر بار که یک نفر تعریف خودش رو از این ترس میگه و راجع بهش حرف میزنیم، کلی چیز راجع به خودم میفهمم. عیبی نداره اگه من و کارهام بعضی وقتا ترسناک به نظر میایم.""",FEAR
2069,شورای دوم مثال خوبی نیست. تجربهای بود در شرایطی کاملا خاص (که مجال شرحش نیست) حکومت منفعل بود و نه تنها شورای نگهبان در آن دخالت نداشت بلکه حتی رهبری هم به نشانهی اعتراض، در آن انتخابات شرکت نکرد و برای همیشه جلوی تکرارش گرفته شد,OTHER
2070,یکی که با خنده ش دنیات رنگ و بوی تازه بگیره چیه؟ همونم نداریم :(,SAD
2071,در گردهمآیی اربعین آنچه چشمها را مبهوت، عقلها را متعجب و قلبها را مسحور میسازد همین ویژگیِ یگانگی است.,SURPRISE
2072,من با نامه های هاگوارتزی که مُهر دامبلدور خورده کاری ندارم ولی ما نسلِ خوش شانسی هستیم که تونستیم جوانیِ اون سه تا بچه جادوگرو ببینیم در این جهان.حتی عکسشونو! باورتون نمی شه که دیدنِ پیریِ بازیگرای فرندز چقدر غم انگیزه.دلمون به اینا خوشه.,SAD
2073,تا حرف پولشویی میشه تو خراسان یا کنسرت لغو میشه :)) یا مثلا خرید هندونه ی زن شوهردار منوط به اجازه ی شوهر میشه و کلا غوغا میشه سرش :)))) عجب سیرکی!,SURPRISE
2074,امام حسین(ع): دو چيز مردم را هلاك می كند اول ترس از فقر و تنگدستی و دوم طلب فخر و آقايي. اگر دين ندارید و از روز قيامت نمی ترسيد لااقل در زندگي دنيايتان آزاده باشید. #توییت_نویس #تاسوعا,FEAR
2075, بهترین گزینه در شگفت انگیزبوی بسیار خوبی داره از نظر من. ماندگاریش خیلی کمه اما پخش بوی نسبتا مناسبی داره. در کل فقط در پیشنهاد شگفت انگیز ارزش خرید داره,OTHER
2076,کسکش بیا فیلم مزخرافتشو بت نشون بدم,ANGRY
2077,هفت آسمان را بردرم وز هفت دریا بگذرم چون دلبرانه بنگری در جان سرگردان من,HAPPY
2078,نسبت به قیمت اولیه کلا بی ربطه خیلی گرون اما با قیمت شگفت انگیز بد نیست اما تو بازار با همیت قیمت کیف های بسیار زیباتری میشه خرید.,OTHER
2079,بخش بزرگی از جهان سیاست-رسانه از ما میخواست باور کنیم که خشونت نه هزاران زندگیای که توسط سیاست نابود و به بدبختی کشانده شد بلکه آن چندتا خودروییست که سوزانده شد. اگر فکر میکنی که گرافیتی روی یک بنای تاریخی بدتر از ناتوانی در تامین زندگی و غذاست پس هرگز فقر را تجربه نکردهای.,SAD
2080,""" """"من دو روزه به دستم رسیده. بسته بندی خوبی داشت. تازه من با صد هزار تومان تخفیف خریدم که خیلی به نفعم شد. به همه پیشنهاد امتحان کردن این هدفون رو میکنم. عالیه.یه حسی هست که از احساس ناامیدی از آینده خیلی بدتره، حس ترس از آینده. اگه افسردگی نتونه تو رو وادار به خودکشی کنه این حس میتونه، فقط کافیه یه مدت باهاش زندگی کنی تا مطمئن بشی آینده ای که در انتظارته ترسناکه، خیلی ترسناک. برای تجربه ی این حس کافیه یه مدت تو ایران زندگی کنی.""",FEAR
2081,حاضرم جغدها برایم کتاب بخوانند، حتمن شگفت انگیزترین تصویرها را در خواب می بینم :) باید امتحان کنیم!,OTHER
2082,وقتی  pair و وصل می شوید و کیفیت صدا و موزیک را می شنوید باور نمی کنید با این قیمت بتوان چنین دیوایسی خرید،ولی وقتی مکر قطع می شود(با گوشی های سامسونگ ۸ پلاس و هواوی میت ۱۰ و تبلت s3 samsung هر سه،) این اتفاق بارها رخ داد  و اعصابم را به هم ریخت و الان هم در گوشه اتاق خاک می خورد,ANGRY
2083,غم زمانه خورم یا فراق یار کشم ... #سعدی,SAD
2084,میدان جوانان سابق واسه من کنار اون روند اصلی فیلم یه حال خیلی شخصی داشت. هی یادم میومد که ای وای سر این جشن خاتمی کجا بودم سر دادگاهای کرباسچی چقدر بحث میکردیم. روزی که حجاریان ترورشد و خبرای ترسناک میپیچید. کلی ازتیترها رو حتی یادم بود. و دلتنگی دوستایی که برای همیشه رفتن.,SAD
2085,ولدزنا شاخ و دم نداره که داره؟؟؟؟,ANGRY
2086,نمیدونم چرا ولی وقتی با کسی شروع ب صحبت میکنم اولین چیزی ک بهش دقت میکنم دندونای اون آدمه واگرنقض داشته باشن اعصابم خردمیشه,ANGRY
2087,مارا نـبـود غـم ازپی بـود و نبود حسرت چه کشم زیان نمودم یاسود امروز گذشـت و نیز فـردا گـذرد خوش باش دمی که دیر میگردد زود #اقابزرگ,SAD
2088,⁠⁣⁣ خبر خوب پروژه تهیه غذای گرم برای شب سال نو کارتنخوابها به مبلغ هدف رسید و موفق شد. این میسر نبود جز به همراهی پر مهر و حمایت سخاوتمندانه شما لطفا با #ریتوییت سایر حامیان مهربان را نیز از این خبر خوش آگاه کنید. سالی گرم و پر از شادی را برایتان آرزومندیم,HAPPY
2089,سلام اگه این محصول را تو شگفت انگیز بخرید نسبت به قیمتش خوبه در مجموع نسبت به پولی که پرداخت میکنید نباید بیشتر از این انتظار داشته باشید,OTHER
2090,درود بر شاهزاده گرامی قیام میلیونی ونزوئلاشکل گرفت و رهبر مخالفان دولت خود را رئیس جمهور اعلام کرد. از جنابعالی استدعا داریم بعنوان رهبر موقت اعلام حضور در میدان میلیونی را بفرمایید و استارت کار رابزنید پس از اتمام ج.ا. تا انتخابات برگزار شود رهبر موقت مردم باشید.خواهش میکنیم.,OTHER
2091,صدا و سیما باید به علاوه اینهمه آمار و ارقام توسعه در ۴۰ سالگی انقلاب این فیلم از حضور آقای نوبخت در کرمان را هم نشون بده تا مسئولان هوا براشون نداره که اوضاع مملکت در حد اعلاست!!!,SAD
2092,در چند روز گذشته عده ای میخواستند با امنیتی کردن فضا اجازه اعتراضات به حق مردم علیه سیاست های اقتصادی غلط #دولت را از آنها بگیرند و آنها را هم اغتشاشگر نشان دهند، ولی مردم باید با همه توان صدای خود را به گوش مسئولان #اقتصاد کشور برسانند #مردم_گله_مندند #باید_پاسخگو_باشند,OTHER
2093, aux نداره....حیفیه جا خوندم #بوسه و شکلات به طرز عجیبی موجب ترشح هورمونهای شادی در انسان میشه، الان یه مدته شکلات رو قبل از خوردن میبوسم...,HAPPY
2094,вє нαρρу уσυ ηєνєя кησω нσω мυ¢н тιмє уσυ нανє ℓєƒт شاد باش... هیچ وقت نمیدونے چہ قدر فرصت باقے موندہ,HAPPY
2095,خیلی جالبه ۳۰۰ فالور دارم زحمت لایکا هم افتاده گردن خودم خودم تویتامو لایک میکنم میترسم از چن وخت دیگه خودم واسه خودم منشن بدم,FEAR
2096,خوب میشی تو این روزهای عزیز از خدا میخاد همه مریضارو شفا بده منم ازش بدم میاد …,HATE
2097,امیرالمومنین علیهالسلام: إِذَا احْتَشَمَ الْمُؤْمِنُ أَخَاهُ فَقَدْ فَارَقَه به خشم درآوردن و شرمنده ساختن دوست، مقدمه جدایی از اوست. (نهج البلاغه حکمت ۴۸۱),OTHER
2098, من نمیدونم شماها از کجا خرید میکنید که این قیمتا براتون عجیبه. من همین الان از خرید اومدم.دو کیلو پرتقال خریدم چهارده تومن. دوکیلو سیب زمینی ده تومن. پیاز هم کیلویی چهارو هفتصد. تازه از جایی گرفتم که مناسبتر میداد.,SURPRISE
2099,خداوند متعال هیچ #جوان #مجرد ی را ساعت یک بامداد به صورت ناگهانی #گشنه نفرمایند! حقیقتا متاثر کننده است,SAD
2100,واکنش #آستان_قدس به کلیپ درگیری در حرم #امام_رضا(علیه السلام)؛هیچ زائر ایرانی در نزاع دخالت نداشت/این مسئله مربوط به درگیری چند نفر از اتباع عراقی در شب #عید_غدیر است/مسئولان انتظامات پس از اطلاع از این رخداد به آن ورود کرده و مانع تشدید درگیری شدند,OTHER
2101,"آیا میدانید اگر جایی یکی خفتتون کرد, تجاوز کرد و وسایلتون رو برد و زخمیتون کرد باید به سرعت چیکار کنید؟ آفرین, کشش ندهید و دنبال مقصر نگردید",OTHER
2102,آن عشق که در پرده بماند به چه ارزد؟ عشق است و همین لذت اظهار و دگر هیچ,HAPPY
2103,بعد ماجرای امروز پیام امیرکبیر و حال بچههای سازمان فضایی، گشتم دنبال پروژهای که فکر میکردم منم درش سهیمم و موفقیتش برام مهم بوده. یاد روزی افتادم که پل طبیعت افتتاح شد. اون روز نقطه عطف خدمتم بود چون اولین پروژهای بود که صفرتاصد درگیرش بودم، لبریز از حس غرور و موفقیت .. …,HAPPY
2104,اینجوری که تو زیبایی خشونت علیه مردان محسوب میشه,OTHER
2105,بیشتر درسها و واحدهایی که در دانشگاههای ایران پاس کردیم نه به درد دنیا میخوره نه آخرت. وقت تلف کردنه و این وقت تلف کردنها رو اگر رو هم جمع کنیم، کلی کار مفید میشد انجام داد. خوش به حال اون کسی که سلف استادی کرد و از اول دانشگاه نرفت.,SAD
2106,بدبختی ما از آنجا شروع شد که لکۀ روی پیشانی از محتوای درون پیشانی بسیار با ارزشتر شد !!,SAD
2107,روسیه: تجاوز به آزادی اینترنت و امنیت سایبری فیلتر #تلگرام را متوقف کرده و قوانین محدود کننده را لغو کنید دیدهبان: فیلتر سرویس پیام رسان تلگرام در روسیه غیرقابل توجیه و تجاوز دولت به حریم خصوصی و آزادی بیان در فضای مجازی را بدتر از پیش جلوه میدهد.,OTHER
2108,امروز تو خیابون با چند نفر دعوا کردم و بر خشم شهر افزودم^__^ ولی واقعا نمیدونم این خشم مزمن از کجا نشات میگیره که دوستم هر وقت حس میکرد قراره عصبانی بشم منو از محل دور میکردD:,ANGRY
2109,امروز رفتم فیلم مارموز رو تو سینما دیدم، توقع لحظات خنده دار بیشتری ازش داشتم، در کل بیشتر اعصابم خورد شد و نپسندیدمش,ANGRY
2110,اینجا نه یه جای دور افتادس، نه تو یه کشور دیگس، این نه یه عکس برتر ساله، نه سوژه خبری یه خبرنگار.. اینجا یه روستا نزدیک همین شهر ری خودمونه که بچه هاش نه مدرسه میرن، نه تفریح دارن، نه بهداشت دارن، نه آب سالم.. عکاس: #کبیر_آباد,SAD
2111,تیر ۷۸ #سحابی به جمع دانشجویان رفت و گفت كه بنشینید خواستههایتان را بنویسید ولی بیرون نروید، چون میخواهند شما را بزنند. بچهها عصبانی بودند و حتی هو كردند و گفتند كی تو را مامور كرده!جواب داد ۵۰ سال تجربهام مرا مامور كرده و آمدهام بگویم نگذارید خشم به شما غلبه كند...,ANGRY
2112,میخوام بگم تکتکمون، حتی مامان و بابام، حتی بابابزرگم، خالهزادههام، خاطرههای ترسناک ماورایی از خونمون داشتن. :)),FEAR
2113,میدونم خودتون میدونید. ولی عجب بارونیه! :)),SURPRISE
2114,دوستان #اصلاحاتچی اردبيل لازم ميدونم درباره شام مذكور توضيح بدم كه با فرض اينكه شام،شام اشتي كنان بوده مخالفتي نداريم ولي با بعد شام به شدت مخالفيم!!!,OTHER
2115,البت که انتقاد از رفتار ظلیپور به معنای حمایت از فراستی نیست …,OTHER
2116,حیرت کردم از اینهمه بی رحمی وای بر شما که به جوان مردم حمله کردید ?,SAD
2117,این جوان بر روی دوربین خود متمرکز بوده و لحظه آخر متوجه نزدیک شدن قطار میشود و هنگام فرار لباس وی به قطار گیر میکند. بررسیهای اولیه نشان میدهد سرعت قطار در لحظه ورود به حریم ایستگاه بیش از حد مجاز و قانونی بوده و علیرغم اینکه امکان توقف داشته است متاسفانه ترمز نکرده است.,SAD
2118,ما امشب یلدا گرفتیم. یلدای همهتون مبارک امیدوارم روزی برسه همگی با دلای شاد، بدون غم و غصه همچین شبای عزیزی، کنار دوست داشتنیهامون شادی کنیم کشور و مردممون اونقدر حالشون خوب باشه که وقتی شادی، عذاب وجدان ناراحتی بقیه رو نداشته باشیم,HAPPY
2119,"این روزا زیاد حال حوصله ندارم و چیزی که ماجرا رو بدتر می کنه هر بار دوستان(تاکید می کنم دوست)برنامه میذارن یا می خوان بیان اصل مطلب و میگم,حوصله ندارم .شاید باید از دروغ مصلحتی یا همون محترمانه پیچوندن استفاده کنم,ولی حتی اگه کمترم ناراحت بشن بازم دروغ به رفیق حس گوهی به آدم میده",SAD
2120,مادر #سینا_قنبری: ای کاش سکوت نمیکردم، پسرم خودکشی نکرده او را کشتند فاطمه مالایاننژاد مادر #سینا_قنبری پس از یکسال سکوت خود را شکست.پسرم خودکشی نکرده،در زندان کتک خورده بود، وقتی جنازه پسرم را گرفتيم نميگذاشتند حرف بزنم.مسئولان قضایی گفته بودند او درزندان خودکشی کرده است,SAD
2121,شعله های مقاومت فروزان ایران زمین که در خنده های اسیران مجاهد ودر بند هویدا ست در پرتو مهر تابان ایران زمین مریم رجوی ودر رود خروشان خون شهیدان ، ضامن پیروزی محتوم خلق قهرمان ایران است #مريم_رجوي #چهل_سال #برانداز …,OTHER
2122,#بارسا گول اون بازیهایی رو خورد که عقب نشست بود و تونسته بود بازی رو کنترل کنه. در صورتی که واسه این کار یه مدافع راست درست درمون باید داشت. #والورده ترسو و سمدو تیمو به گا دادن.,FEAR
2123,ایدهی ناآمادهبودنِ جامعه برای دموکراسی ایدهی خطرناکیست. معمولاً یه مقدمه برای فرار از پاسخگوکردنِ سرسختانه و بدونِ استثناءِ همهی نهادهاست. دموکراسی بیش از آنکه حقِ عمومیِ نصب و انتخاب باشد، حقِ عمومیِ عزل و تغییر است,OTHER
2124,عبداللهی سرپرست استقلال گفته علت برخورد قائدی با شفر اینه که شهرستانیه فرهنگش فرق میکنه، سادست! واژه عبدل آبادی وارد فوتبال شد، تبریک میگم,SAD
2125,ثابت کردن که خدا اونها که این همه جنایت و وحشی گری رو میبینه و ساکت مونده و کاری نمی کنه کثیف ترین موجودیه که این دنیا ممکنه داشته باشه. هر چقدر بیشتر و بیشتر این وحشی گری ها رو ادامه بدین ادم های بیشتری با طرز فکر شما با دین شما اعتقادات شما و خدای شنا دور تر و متنفرتر میشن.,HATE
2126,چرا اینجوری میشیم یهو؟ :)) منم چند بار خیلی عادی از ظرفای نزدیک شکر و اینا ریخته بودم ولی تا این مرحله نرسیده بودم البته! این مرحله تبریک دازه واقعا، رکوردیه برا من! …,HAPPY
2127,صبح سیناپس نمایشنامه فرستاده و زنگ زده میگه بخون. میگم باشه الان باید گزارش بنویسم کارهای روزنامه رو انجام بدم،ظهر میخونم. راس ۱۲ زنگ زده میگه چی شد؟ میگم هنوز مونده کارام. میگه دو صفحهست همین الان بخون! میگم صفحهی خودم مونده! باید رد کنم و صفحه ببندم! بعد ناراحت میشه بیشعور.,ANGRY
2128,از وقتي يادم مي ياد (يك ساله دوساله... نمي دونم )هميشه با خودم قرار مي زاشتم ازين به بعد ديگه به اعصابم مسلطم عصباني نمي شم تا به اين لحظه نتونستم :)) :((,ANGRY
2129,""" """"کاش به جای گشت ارشاد،پدرم رفت ... و ما را با اندوهی ابدی تنها گذاشت ممنون میشم اگر برای شادی روحش فاتحهای قرائت کنید.""",SAD
2130,یادتون باشه موقع استارت زدن و حرکت توی شارژ نزارید همه دستگاه های اینجورن خراب میشه گوشی و شارژر ارزش خرید توی شگفت انگیز داره,OTHER
2131,حسین یاسیین (بیاین اسپورتز): «نمیخواهم از رونالدو دفاع کنم اما کسی هست که توالی اتفاقاتی که علیه رونالدو [اخراج عجیب در اولین بازی CL، از دست دادن the best، بهترین بازیکن CL، پوشکاش و حالا پرونده تجاوز] آن هم به مجرد خروج از رئال را تصادف بداند؟ این فرد معقولست (به طعنه).» …,SURPRISE
2132,#اسماعیل_بخشی رو می بینم، شرم می کنم از اسم ها و آرمان هایی که به یدک می کشیم,SAD
2133,من در توییتر اصلا سیاسی نمینویسم،اما ارزشیهارا بلاک کردم.چرا؟چون ازشون میترسمالبته از سطح بلاهت و حماقت این جماعت میترسم.این افراد برای اثبات یک حرف(حتی حرف درست)چنان استدلال خندهداری مطرح میکنند که میترسم روی سطح منطق من اثر سو داشته باشه.البته از دید اونها ترس،ترسه دیگه!,FEAR
2134,یا برگشت به مربی دفاع/ضدحملهای و موفقیت مقطعی. اولی ریسکش زیاده (ممکنه نشه)، دومی آفتش (ثبات نداره). خلاصه وضع الان شبیه کارگردان تازهکاریه که ایدههای خفن داره، ولی تسلط و پول نداره پیادهش کنه؛ یه چیزی میسازه که لحظههای خوب داره، ولی خیلی وقتها معلوم نیس چیه.,OTHER
2135,خونه نزدیک مسجد عیبی نداره. یه اذان صبحه که اونم یا بیدارم یا خواب سنگین. نشده که بیدارم کنه. اما امروز دیگه شیحه(شیهه؟) یه عده رو روانمه. ول کنَم نیستن نه میتونم درس بخونم نه میتونم دفمو تمرین کنم نه میتونم فیلم ببینم. کلا یه صدای حاشیه ای ضعیف بیشتر از دادو فریاد عصبیم میکنه,ANGRY
2136,فقط با کاور فاک یو میشه با خوشحالی به خودت فحش بدی و خشم و نفرت از لحنت نچکه. انقدر کاورش جینگولیه!,HAPPY
2137,دو روز پیش واسه سواله جواب درستش رو نوشتم بعد پاکش کردم. از بیخ. هرروز که پا میشم یادم میافته و اعصابم کیری میشه.,ANGRY
2138,اگه با هدف لذت بردن میرین، هرگز کنسرت موسیقی معاصر نرین,OTHER
2139,اگه خوابتون نمیبره بگین عکس کارت ملیمو بفرستم از وحشت سکته کنید برید خواب ابدی,FEAR
2140,از وقتی زن عمو فوت کرده هفتهای یه روز میام خونه عمو، و باورتون نمیشه ولی پیر شدن هفته به هفتهاش و با چشم خودم میبینم، سرعتش از اون موقع به طور قابل توجهی زیاد شده کاری از دستم بر نمیاد به جز اینکه تمام عشقی که بهش دارم و بهش نشون بدم، اما در مقابل اونی که از دست داده هیچه,SAD
2141,نژاد،دین، غرور قومی و ملی گرایی هیچ تاثیری ندارند..جز اینکه یاد میدهند که چگونه از افرادی که هیچ ملاقات نکرده اید، متنفر باشید....!!,HATE
2142,قرار است ملکی ۲هزارمتری در خیابان بخارست متعلق به #شهرداری تهران برای ۴سال به شورای عالی استان ها واگذار شود.این زمین متعلق به #تهران است,OTHER
2143,برا بار سوم یه درسو افتادم و الان اعصابم کیریترینه میخوام بزنم سیم آخر و ازش بپرسم احیانا ننشو نگاییدم؟ دلیل دیگهای نمیبینم,ANGRY
2144, این جنده خانم دلش واسه زنای ایران نمیسوزه این کوسکش مواجب بگیره چرا خودش مثل سگ فرار کرده رفته اونور عن و عن میکنه خودشم بیاد اینجا وایسه زرشو بزنه نه اینکه جوونای مردم و تحریک کنه زندگیشونو خراب کنه,ANGRY
2145,از ترس کفتار پناه بردید به شغال؟؟؟,SURPRISE
2146,همین هفته پیش تو جام حذفی داور یه پنالت برا سپیدرود نگرفت تا حذف شه و توی لنگی بیای دور بعد ... کجا بودی اونموقع یه کم زور بزنید و بسوزید حالا واس ما شاخ شدی که یه بار داور طرف شما سوت نزده!!,ANGRY
2147,من اونو از دست دادم که این شدم .اون چی رو یا کی رو از دست داد که دیگه مثل قبل ننوشت ، شعرنگفت ، عکس نگرفت و یا حتی شبگردیمنکرد؟! خوشحالم که به خیابون نمیزنه ولی نگرانم که تعداد سیگاراش زیادشده باشه ! همش میگم خب شاید سرش شلوغه ولی دلم میگه حال دلش خوش نیست. #جناب_شعرهاب_من,SAD
2148,مامان میدونی چه جوری از دست همه ی بدبختی ها راحت میشیم ؟ یه شب یه غذای خوب بپز ، راحت بخوریم بعدش همه ی درزا رو می بندیم ، آرووم میخوابیم و شیر گاز رو باز میکنیم صبح که پا میشیم تموم بدبختی ها تموم شده. -اینجا بدون من,SAD
2149,گزارش ایسنا از قلع و قمع درختان در قره داغ،فعلا همه مسئولان استانی فقط وعده دادن و حرف زدن ، حرف های امام جمعه نشون میده توییت ها در بیدار کردن آقایون از خواب موثر بودن #آذربایجان_چول_اولدو …,OTHER
2150,#فیلترینگ هم یک توهین خیلی بزرگه به مخاطب و هم یک ترس خیلی بزرگتر از مخاطب,FEAR
2151,اون یواش قدم برداشتنای آهسته دیماریا موقع تعویض اوج بدبختی آرژانتین بود,OTHER
2152,ترس هايی كه با ان روبرو نمی شويد محدوديت های شما می شوند.......,FEAR
2153,خیلی وقتها روی مد زامبی هستم این تکنولوژی/زبان خوبه، اون بده ولی وقتی حوصله و انرژی نباشه، تمام (زبان/لایبری/تکنولوژی)ها خوبه حتی فورترن {فورترن الان نقش داتنت وبفرم رو داره که دوستان ناراحت نشن},OTHER
2154,واکنشها به دیدار #همافران با احمد علمالهدی، امام جمعه #مشهد و هشتگی که به وسیله آن کاربران یادی کردن از جملات مسئولان و مقامات جمهوری اسلامی در ۴۰ سال گذشته.,OTHER
2155,اون شومپت کته کله ای که در حال خروج از ایران به نیت پناهندگی توسط بچه های برره دستگیر شد و میگه ما از ترس نمیتونیم مناظره کنیم #صبح_شما_هم_بخیر #چرامناظره_نمیکنند,FEAR
2156,یه رفیق دیگه داره میره و من با اینکه تمام تلاشمو برا خوشحال کردنش کردم ناراحت ترینم کم کم خاطرات دوستام خفم میکنه میبینمتون حتما میبینمتون زود سفر سلامت,SAD
2157,عجب روز تخمیای,ANGRY
2158,این سخن رهبری رو باید طلا گرفت ” شعارهای این انقلاب جهانی دینی هرگز بی مصرف و بی فایده نخواهد شد زیرا فطرت بشر در همه عصرها با آن سرشته است. هرگاه دلزدگی روی داده، از رویگردانی مسئولان از این ارزشهای دینی بوده و نه از پایبندی به آنها و کوشش برای تحقق انها“ #گام_دوم_انقلاب,OTHER
2159,چقد امشب اعصابم خورد شددد تایپ میکردمو ذوب شدن مغزمو حس میکردم ازونورم اون دوست تخم مرغ به چونه بسته بغل گوشم حرف میزد,ANGRY
2160,به بعضیا که سلام میگی جوری خودشون رو میگیرن و جواب نمیدن که انگار جوابِ سلام به منزله ی مورد تجاوز قرار گرفتنه!,SURPRISE
2161,کاش به جای پول، انسانیت ارزش داشت که من از نداشتنش ناراحت نبودم,SAD
2162,شبکه «تیآرتی وُرلد» ترکیه: ایران در حال گرامیداشت چهلمین سالگرد انقلابی است که چهره خاورمیانه را تغییر داد,OTHER
2163,برای کسب موفقیت در هر زمینه ای، باید هدف داشت، و برنامه!,OTHER
2164,یوقتایی هم نگفتن بعضی از حسها لذت خاصی داره.مثلا تو دلت هرروز واسه اش آرزوی خوب کنی اما به خودش نگی•••,HAPPY
2165,بیایید به کار و تلاش و دانش اعتبار بدهیم. چیزهایی که این سرمربی در تمام سالهای حضور در ایران از آنها برای پیشرفت و موفقیت و افتخار استفاده کرده. معجره خود اوست.فراتر از ستاره هایی که رفتندوآمدند. آقای برانکو ایوانکوویچ.,HAPPY
2166,به شدت نیاز دارم یه دعوا راه بندازم تا اعصابم آروم بگیره.,ANGRY
2167,به این تصویر دقت کنید مردم، معترض وضعیت اقتصادی هستند که کاملا به حق است در این میان، چندنفر اعتراض به حق مردم را اینگونه با آشوبگری خراب میکنند اجازه ندهیم این آشوبگران درخواستها از دولت برای اصلاح وضعیت اقتصادی را به بیراهه ببرند #هوشیار_باشیم,OTHER
2168,نمیدونم چرا هی بر میگردم توئیتر. هر بار که مییام توئیتر و پستهای توهینآمیز و دروغ از هر طرفی میبینم و اعصابم خورد میشه به خودم میگم دیگه نمییام توئیتر و تو همون وبلاگهایی که دوستشون دارم چرخ میزنم. اما باز هر از چندگاهی مییام. طفلکی آیدا پیاده... …,ANGRY
2169,"""⏰ساعت ۲۲""""""",OTHER
2170,مقایسه ترس حیوان با غیرت مسلمان,FEAR
2171,این دوتا با اعتماد به نفس وحشتناک دارن سینمای دنیا رو تحلیل میکنن و برا هم سر تکون میدن :))) اگه وقت نکردین پشماتونو بزنید دو دقیقه شبکه ۴ رو ببینید,FEAR
2172,هزار سال است که دوستت دارم ، به تر و تازگیِ روز نخست ... #مخاطب_خاص,HAPPY
2173,روز راست هایی که به چپ شونه هم تبریک بگید.,OTHER
2174,از عجيب ترين چيزهايي كه تو خارجه ديدم اين كار داوطلبانه ست.١٩سالشه تو تعطيلات دانشگاهه،ميتونه بره ولو شه براي خودش كيف كنه!اما هرساعت شبانه روز كه ازش بخوام مياد براي بچه م كتاب ميخونه يا باخودم هلندي حرف ميزنه. وقتي هم بهش ميگم دستت دردنكنه هربار ميگه ازم تشكر نكن خودم لذت ميبرم,SURPRISE
2175,اگر بومیسازی سرویس پایه با یک «مدل کسبوکار» جدید نباشد و تنها کپی یک سرویس جهانی چندصدمیلیونی باشد، شکست حتمی است. سرویس بومیشده اغلب به عنوان سرویس مکمل وارد میشود و با توسعه در بلندمدت جایگزین میشود. فیلتر و پول دولتی عامل موفقیت نخواهد بود!/۴,OTHER
2176,هربار خودمو تو يه فيلمي ميبينم بشدت از خودم بدم مياد و ميگم واقعا منو اينجوري ميبينن بقيه ؟ چجوري تحملم ميكنن ؟؟,HATE
2177, با دست بشوری صورتتو حس بهتری داریوحشتناک اینجاست که نه تنها آمران اصلی قتلها آزادن، اون ده یازده نفری که به جرم مباشرت و معاونت محاکمه شدن هم آزادن. حتی کاظمی و عالیخانی هم آزادن. یعنی ممکنه کسی که شاهد چهل بار چاقو خوردن فروهرها بوده از کنارت رد بشه تو خیابون.,FEAR
2178,انتقاد کردن چرا ابد و یک روز رفته تو کتاب درسیا برای بچه ها مناسب نیست. حرفای رکیک و ناهنجاری داره. مقطع ۱۲ بچس؟خوب و از بد تشخیص نمیده؟,SURPRISE
2179,به خاطر کارایی که نکردم حرفم میشنوم عجب دعوامم میکنن توروخدا تعارف نکنید یه دست کتکم بزنید راحت شید,SURPRISE
2180,به شدت اعصابم ریخته به هم و میدونم که به تخمتونم نیست لاشیا,ANGRY
2181,دیشب چند نفر از هموطنانمان به نا حق و مظلومانه شهید شدن افرادی که از این حرکت ابراز شادی میکنن به هر دلیلی پست ترین موجودات هستن شک نکنن,ANGRY
2182,شايد فردا همت كنم و اين جنگل رو يه سر و ساموني بدم كه اون شتري كه با بارش اينجا گم شده پيدا بشه,OTHER
2183,اوضاعی داریما!!دو دیقه می رم پیش مامان بابام دعوام میشه اعصابم خورد میشه!میشینم بازی کنم انقدر گاو می ندازه تو تیمم که باز باید به اول و آخرشون فحش بدم!!هر گوهی می خوری رو اعصابه،کاش مونده بودم خوابگاه,ANGRY
2184, من این گوشی رو چند روزه خریدمبه دورازواژه های گنگ ومبهم برایت حرف دل را ساده گویم به ان زلف پریشان پرازچینت بگویی نپیچدبندافسونش به شاخ وبرگ احساسم من حتی نای ماندن روی پایم راندارم چه می خواهدازایمانم ازاین جانم نمی بیند که لرزانم نمی گویدکه می افتم که می میرم نمی داندکه حساسم... …,SAD
2185,19628b15دوستان تو قسمت دوست به دوست کد من رو وارد کنید تا هم ب شما و هم ب من امتیاز بده با هر تراکنشی که من انجام بدم شما هم امتیاز میگیرید,OTHER
2186,یه جوری بعضیا ازجوونی از دست رفته توی ایران میگن که یکی ندونه خیال میکنه طرف همش حال تحقيق وپژوهشه بابا ته ته ته تهِ هنر تو اینه یه پیج اینستا بزنی، برقصی، از رقصت پول دربیاری دیگه دیگه جمیله شدن که حمایت دولتی نمیخواد که اعتراض رو بذار واسه اونایی که هدف رشدعلمی ودینی دارند,OTHER
2187,گرفتار چه بی شرفایی شدیم چقد اعصابم بهم ریخت  ازشرشون کی راحت میشم اخه,ANGRY
2188,همیشه ناراحتیا برا ایرانیاس یه بار نذاشتن ما شاد باشیم تو اینچیزا #ایران_ژاپن,SAD
2189,این مادرکسده ها نمیخوان مردم شاد باشن هر روشی رو برای ریدن به اعصاب ملت استفاده میکنن,ANGRY
2190,روحت شاد ناصر خان همیشه در قلب ما زنده ای...,SAD
2191,بعد از تو دیوار ها رنگ شد ولی دلها سنگ بعد از تو درخت ها سبز شد ولی برگها زرد بعد از تو نیکی ها خشم شد و شادی ها کینه بعد از تو چشمها کور شد و گوش ها پر از پینه بعد از تو دگر هرچه میخواد شود دگر مهم نیست بعد از تو دنیا هم آوار شود دگر مهم نیست #ناقص_الدوله,SAD
2192,وقتی از تنهاییت لذت ببری ،دیگه هیچ چیزی تو دنیا نمیتونه شکستت بده.,HAPPY
2193,داد میزنه. داااد. و من کاش می تونستم نجاتش بدم.,SAD
2194,من ميخام قبض موبايل بدم مينويسه فقط ورودي ها نامعتبر,OTHER
2195,توی دو هفتهی گذشته دو نمونه از این موضوع رو دیدم، و در هر دو مورد فکر میکنم طرف مقابلم ازم ناراحت شده سر تذکر این موضوع. ولی هر دو بار بدون هیچ غرضی موضوع رو مطرح کردم. اگه اشتباه مشابه از من دیدید لطفا تذکر بدید، شاید اولش ناخودآگاه جبهه بگیرم ولی قطعا در بلند مدت تاثیرگذاره!,OTHER
2196,کلافه ام از خودم بدم میاد و کاریشم نمیتونم بکنم,HATE
2197,ایا مسئولان به عهدشون بفا میکنند یا نمیکنند قانون معلولان اجرا میکنند یا به بنبست میخوردند,OTHER
2198,بچه ۱۳ ساله چرا باید تجاوز و قتل بکنه؟ اعصابم داغون شد. #رتق,ANGRY
2199,مسئولان آمریکا توطئه کردن که من برم برکینگ بد ببینم,OTHER
2200,#بعد_حصر هر پنج شنبه به دیدار شهیدان جنبش سبز میریم و پیروزیشون بهشون تبریک میگیم .روحشون شاد,SAD
2201,و پروردگارت را در بامدادان و شامگاهان در دلت به زارى و ترس و بدون بانگ برداشتن، ياد كن و از غافلان مباش سوره اعراف آیه ۲۰۵ دور مرو سفر مجو پیش تو است ماه تو نعره مزن که زیر لب میشنود ز تو دعا دیوان شمس غزل شماره ۴۴ #quote #Taheri_Movement,OTHER
2202,من خوب بودم تا این شهر با خشکسالیش بدم کرد...,SAD
2203,"حراجمعه تو راهه , خیلی هم نزدیکه کلی محصول با قیمت های عالی بزرگترین حراج سال تو راهه  #حراجمعه #فروش_ویژه",HAPPY
2204,فکر کنم باید شاد باشیم تو این خوشبختی :) #Iran,HAPPY
2205,مرا عهدی است با شادی، که شادی آن من باشد... #NiazNawab,HAPPY
2206,"""اگر نتوانم با تو قهوه بنوشم، کافه هابه چه کار میآیند ...؟! و اگر نتوانم بی هدف با تو پرسه بزنم، کوچه هابه چه کار میآیند ...؟! و اگر نتوانم بیهراس نامت را در گلو بگردانم، کلمات به چه کار میآیند ...؟! و اگر نتوانم فریاد بزنم """"دوستت دارم"""" دهانم به چه کار میآید ...؟! سعادالصباح""",SAD
2207,"""به نسبت قیمت قبلیش می ارزه و مناسبه ولی با قیمت 27000 تومن زیاد نمی ارزه""""""",OTHER
2208,کوین دی بروینه عجب چیزیست. عَجَب نه ها، عَجِب!,SURPRISE
2209,مگر به خواب بدیدم که مه مرا برداشت ببرد بر فلک و بر فلک نهاد مرا #مولانا سلام، روزتون بخیر و شادی,HAPPY
2210,هیچ وقت اعتقاد نداشتم عامل موفقیت زیاد کار کردنه. حداقل دوروز بدون کار در هفته لازمه. پنجشنبهها و جمعهها با خونواده باشید خیلی به سلامت روحی و توازن کمک میکنه.,OTHER
2211,می گویند آدم ها را در زمان عصبانیت و خشم بشناسید... بعضی ها انگار چوب اند ، عصبانی که میشوند آتش میگیرند و دودشان اشک آدم را جاری میکند بعضی ها هم مثل عود اند ، عصبانی که میشوند آتش میگیرند ولی بوی جوانمردی و انصاف میدهند وهرگز نامردی نمیکنند,ANGRY
2212,#شرکت #هواپیمایی #ایرتور وحشتناک قیمت بلیطهاش رو برده بالا. اصفهان اهواز شنبه سیصدتومان تهران اهواز امروز سیصدتومان. وووو,FEAR
2213,خاااااااااک گربه وارد کردن با ارز ۴۲۰۰ی ! انشالله زیر همون خاک دفن بشید، باقی عمر گربه هانیه توسلی بقای عمرتون باشه ما هیچ چیز دیگهای نداشتییم که وارد کنیم جز وارد کردن خاک گربه برای جای خوابش !! احسنت به این دولت,ANGRY
2214,اینو دیگه کجای دلم جا بدم. آخه لامصب پرچمه آرژانتین ????????????,SURPRISE
2215,تازه از ترس آبرو کسی گزارش نمی کنه اصلا. آمار تجاوز هم مثل سایر آمارها در ایران قابل اعتماد نیست.,FEAR
2216,"""ابروهاتو دوس دارم و خیلی خوب میخونی اما پیدات نمیکنم چون به بیماری """"ترس از اونقدر که اوایل فکر میکردم خوب نبودنِ چیزها و آدمها"""" مبتلام. …""",FEAR
2217,  کاملا درست گفتید . سیماشون اینقدر سوتی از ریاکاریهاش داده و دروغ گفته و نعل وارونه زده و فرار به جلو کرده و رسوایی به بار آورده که دیگه هیچ آبرو و اعتباری براش نمونده . مردم که هیچ قبولش ندارن منبع خبرشون اینترنت و شبکه های خارجی شده ولی خود عوامل این رژیم هم بهش میگن سیمای میلی نه ملی,HATE
2218,برای چی وسط اینهمه کثافت مملکت، اعصابم رو با رژیم هم بهم میزنم نمی فهمم!,ANGRY
2219,مردم از گشت ارشاد متنفر هستند,HATE
2220,منم گفتم که خب ۲ ساله که کیفیت واقعا سر ریز کرد از این سیستم شما و بیلینگتون. هر ماه الکی یهویی زیادش میکنید. میگه اعتراض کردی؟ گفتم بله، چندین بار ولی فایده نداشت. بعد میگه اما رکورد ما اینو نشون نمیده! بعد شروع کرد که ما پرایس مچ میکنیم بگو کدوم شرکت چشمتو گرفته,OTHER
2221,مث اینکه خیلی زودتر از موعد مقرر شازده نشون داد سابقه دشمنی خاندان پهلوی با دموکراسی قدیمی و تاریخیه. سابقهای که البته از پدربزرگ عزیزشون آغاز و با پدر گرامی به اوج رسید. رهبر جدید اپوزسیون خیلی زود نشان داد سرنوشت براندازی تا چه اندازه میتواند ترسناک باشد! فعلا توقیف و تفتیش!,FEAR
2222,اگر در انگلستان کلمه خودکشی را در گوگل جستجو کنید شماره مشاور ۲۴ ساعته برای شما ظاهر می شود. این هفته گزارشی منتشر شد که نشان میداد آمار خودکشی مردان در انگلستان به پایین ترین سطح در چهل سال گذشته رسیده است. علاوه بر بهبود وضع اقتصادی، بخشی از این موفقیت بخاطر این حمایت هاست.,OTHER
2223,ضعف و بی مسئولیتی مسئولان دامغانی باعث شده دامغان با وجود بناهای تاریخی و قدمت تاریخی همچنان مورد بی توجهی قرار بگیرد. #تاريخانه_مهد_تمدن,SAD
2224,اوج رذالت و پستی اینه که به جای انتقاد از عملکرد یه شخص اونقدر حقیر شی که به قیافه و زیبایی و اندامش گیر بدی سلطنت طلب عشق باطبی که عقده #مسیح کورت کرده فرض کن یکی به جای انتقاد درست از شاهزاده ت بهش بگه رضا دماغ!! اگه خوشت نمیاد غلط میکنی یکی دیگه رو اینطوری مورد نقد قرار میدی!,ANGRY
2225,هرچی من از کچاپ بدم میاد این صادقی کم مونده تو آش رشته شم بزنه:/,HATE
2226,اگه یه روز کفشت پات رو زد و از ترس قضاوت مردم پابرهنه نشدی و درد رو به پات تحمیل کردی دیگه نمی تونی درباره آزادی شعار بدی!,FEAR
2227,امسال خیلی سال عجیبی بود. حتی صمیمی ترین دوستام که ساعت دوازده شب زنگ میزدن تولدمو تبریک بگن هیچ کدوم یادشون نیومده حتی بعد از سه روز. یه جور عجیبی همه فراموش کردن,SURPRISE
2228,من یه جوان متولد۱۳۶۳هستم یعنی به۳۵سالگی قدم میزارم به خداقسم منم دوس دارم ازدواج کنم تشکیل خانواده بدم تویه شرکت خصوصی کارمیکنم ماهی۱۲۰۰۰۰۰حقوق میگیرم هنوزنتونستم ازدواج کنم جزترس وافسوس توزندگیم نیست به نظرتون اینه اسلام؟؟واقعامتاسفم,SAD
2229,موهام بلند شده اعصابم خورد میشه :((,ANGRY
2230,حرفت در کل درسته مثالم زیاد داره ولی در مورد شادی امین موضوع گرایش جنسی متفاوتشه یعنی نمیشه با قطعیت گفت چون فمنیسته مردانه تیپ میزنه حالا که حرف به اینجا رسید یک چیزی بگم فمنیست استریت و فمنیست هموسکشوال و احتمالا سایر گرایش ها مطمئنا تعریف متفاوتی از فمنیست ارائه میکنند …,OTHER
2231,تف و لعنت بر نفهمی همین شر و ورا هم از بچگی و نادونیه …,ANGRY
2232,دمت گرم داداش، واقعا از این مریم رجوی متنفرم,HATE
2233,هشت سال پیش این وقتا،امید بود و شوق و شعف هشت سال پیش و بعدش بهت بود و ترس و غم و سوال بی جواب,SAD
2234,  مشکلت چیه کهروز طبيعت سيزده را بدر كنيم با لذت و حفاظت از طبيعت بي نظيركشورمان،از امروز پاكسازي را هم جدي بگيريم و شكراين نعمت..,HAPPY
2235,لعنت به تحریم و باعث و بانیش و هر چی که هست,ANGRY
2236,"""داخل جعبه هم چند تا سری هدفون لاستیکی با سایز مختلف هست.""""""",HAPPY
2237,برای محمد جواد ظریف از انسانی موفق خواستند تا راز خود را با دیگران در میان بگذارد. لبخندی زد و گفت: موفقیت من زمانی آغاز شد که نبردهای کوچک را به جنگجویان کوچک واگذار کردم. دست از جنگیدن با کسانی کشیدم که کوچکی خود را با تهمت به بزرگان پنهان می کردند .,OTHER
2238,پشیمونم چرا یکی خریدم، عالیه واقعا، در ضمن نظر قبلی عجیبه چون چیزی نیس که از وسط نصف شه!!!,SURPRISE
2239,لخت شده جنتی رو تصور کن شب زفاف خودت خود به خود پاره میشی از خنده #جنتی,HAPPY
2240,از این حالتی که همیشه اولین روزای بعد تموم کردن کار سنگین رو باید به مرتب کردن و شستشو و تمیزکاری بگذرونم بدم میاد. اه اه اه!,HATE
2241,"""تو دنیای ریاضی با اسم """"کخ"""" ، """"بوهر"""" و """"گاوس"""" هم میشه موفق شد ولی تو دنیای هنر دست کم باید """"گابریل خوزه گارسیا مارکز"""" یا """"لئوناردو دی سر پیرو دا وینچی"""" باشی تا به موفقیت برسی""",OTHER
2242,خیلی بده که همه اش منتظریم تهدید بشیم بعد به فرصت تبدیلش کنیم! کاش مسئولان جای این روحیه جنگندگی از فرصت استقبال کنن نه از تهدید...,SAD
2243,خوشبحال اونایی که وقتی ناراحتن میتونن بذارن برن من ولی بدتر حبس میشم گوشه اتاق ذره ذره نابود میشم تا جایی که خودمو نجات بدم آخرسر,SAD
2244,من بعضی وقتا دلم واسه تنها بودنم خیلی تنگ میشه ولی از تنها شدن هم میترسم,FEAR
2245,انقدر عصبیم که ....,ANGRY
2246,در جریان عملکرد و برنامه هاش نیستم،از روی کنجکاوی الان میبینم و بنظر انتقادی و اطلاع رسانی بی طرف میاد(حداقل یک ساعتی که داره پخش میشه)...علت اینکه چند روز قبل فرشگردی ها دادار دودور راه انداختند برای تعویض مدیریتش چی بود؟برنامه خاصی مد نظرشون بود یا کلن عملکردش؟انتقاد به چی بود؟,OTHER
2247,در موضوعات FATF، برجام، توافق پاریس، حمایت یا انتقاد از دولت و.. کمتر تحلیلی میبینیم که بدون خطای Confirmation bias باشد. یعنی تحلیلگر و منتقد ابتدا جای خود را در یک طرف دعوا تعیین کرده و سپس شواهد و مدارک را طوری فیلتر و انتخاب کرده و کنار هم میچیند که صحت دیدگاهش تایید شود/۴,OTHER
2248,من هرصفحه از این کتاب رو که میخونم زیباتر میشم. عجب چیزیه,HAPPY
2249,لعنت به اندروید ، لعنت به گوگل، لعنت به اکتیویتی، لعنت به LifeCycleهای Broken، لعنت به AsyncTask، لعنت به silverbulletهای ۵ دقیقهای، لعنت به Layout Nesting، لعنت به battery consumption limitations introduced in Android 8، تف به SDK های backward breaking …,ANGRY
2250,فكر كنم قبل بازي به نوير گفتن توپ دوله دروازه ننت! آدم رو غير از ترس ناموس هيچي اينجوري پيگير نميكنه,FEAR
2251,اما در كتاب بسيار جالب Pinker مى بينيم كه إز قضا سده ٢٠ در قياس نسبي با سده هاى گذشته كمتر خشونت ديد. …,OTHER
2252,ایده کسب و کار شما چقدر شانس موفقیت دارد؟,OTHER
2253,احمد جنتی: مدتی است گرانی کالاهای اساسی ذهنم را مشغول کرده است دبیر شورای نگهبان میگوید: مدتی است گرانیهای مکرر کالاهای اساسی ذهنم را مشغول کرده است، نباید عملکرد مسئولان به صورتی باشد که مردم احساس کنند که مسئولان نمیخواهند و یا نمیتوانند روند گرانیها را مهار کنند.,SAD
2254,""" """"برعکس تصویر خیلی بی ریختهیبارم یه دوس پسر داشتم سگش سی میلیون بود الان یادم افتاد اعصابم بیشتر خورد شد""",ANGRY
2255,""" بسیار زیبا بود و بسته بندیش شکیلملاقات بدون دردسر مردم با زمامدران حکومت... حضرت امیرالمومنین""""ع""""در نامه 53 خطاب به مالک اشتر سفارش می کند: چراکه من بارها از رسول خدا شنیدم که: امتی که حق ضعیفان را از زورمندان با صراحت وبدون خوف و ترس نگیرد.هرگز پاک نمی شود و روی سعادت را نمی بیند. نهج البلاغه نامه ۵۳""",OTHER
2256,من قبل اینکه این قاب رو سفارش بدم یدونه سیلیکونی داشتم کیفیتش عالی بود . اینو سفارش دادم فکر کردم مثل قبلی هستش ولی جنسش سیلیکونی نیس,SAD
2257,اینم یکی از مناطق شلوعِ تهران، تهرانپارس؛ اعتراض #دختران_انقلاب همچنان با قدرت ادامه داره. #نه_به_حجاب_اجباری,OTHER
2258,ميگه :يكم دوسم داشته باش! ميگم نميشه كه!!! ناراحت ميشه زياد دوسش دارم متوجه نيس!,SAD
2259,آن حالت وحشی موها و لباس تنش معجون دلچسبی از او میسازد، اما برای من نیست.,SAD
2260,بعد از آن روزفهمیدم که با این حجم از لوس بودن، باید دختر میشدم. باورت میشود که تمامی آن بزن و بشکن ها را ازخودم درآوردم برای یک بغل آغوش پدرم؟ یک بغل آغوش مادرم؟ حق بده که آدم دل تنگ چه ها که نمیکند! و هرروز، لعنت میفرستم براین غرورکه سالی یک بار آن هم عیدها،میتوانم بغلشان کنم.,SAD
2261,اینهمه ترس از کارگر و دختر زحمتکش حق طلب فقط کار دیکتاتور ها است . باید همه  صدای این عزیزان باشیم تا آزاد شوند,FEAR
2262,عجب مملکتی شده هیچ خر سگی پیدا نمیشه جلو این حرومزاده های وحشی رو بگیره این از وضع اقتصاد این از وضع امنیت,ANGRY
2263,عجب آدم....میگم فردا امتحان دارم میگه مشکل خودته!!! من دلم نمیخادامتحان بدم آقای غیرمحترم، امتحانو استادای .....ترازتومیذارن ، بی شعور,ANGRY
2264,این اعتراض #افغانستان به ثبت مشترک #مولانا توسط ایران و ترکیه کجاش عجیبه؟ :-/,SURPRISE
2265, اون زنا بی عرضه و ترسو و احمقن و حقشونو این بلاها سرشون بیاد کسی که یاد نداره از خودش دفاع کنه,ANGRY
2266,یکی از مبانی اختلافی دو فقیه برجسته معاصر آیت الله خمینی و آیت الله منتظری برسر : ”حفظ نظام از اوجب واجبات است”بود با توسل به این اصل هر گونه تجاوز به حقوق مشروع مردم وزیر پانهادن بسیارى از حقوق انسانی ومحکمات شرعى ازقبیل حقوق بنیادین بشر،عدالت،صداقت توجیه و تئوریزه می نمودند.,OTHER
2267,لعنت خدا بر آن مسئولی که مرگ بر آمریکا میگوید ولی فرزندش در آمریکا مشغول به کار و تحصیل است...,HATE
2268,باامید روزهای خوب با یک مدیر عامل فهمیده و  با شعور که بفکر  کارمندان بازنشسته باشذ  کارمندانی که با سختی در ان زمان کار میکردند  روح مهندس مفرح شاد و یاد اقای حسینی هاشمی بخیر,SAD
2269,کارگر توی همین کارتون با همین لباس رفو شده و بشقاب خالیاش، اگر اعتراض کند که سهمش بازداشت و نشستن جلوی دوربین «طراحی سوخته» است. …,SAD
2270,تا تو فرار میکنی کار من اه کردن است ای به فدای پاچه ات این چه حجاب کردن است …,OTHER
2271,پدرم محرمعلی بیات بعد شهادت پسرش داوود بیات تو شلمچه دق کرد و مرد ،مرد تا نبینه بعد از جنگ آقایون به اسم شهید و جانباز و... مشغول غارت ایرانن لعنت به چپ و راست ساختگیتون بی شرفها #پدرت_کجاست,HATE
2272,نقل است «شهریار» در انجمنی غزل خوانی می کرده است. در پایان، دوشیزه شاعری از جای برخاسته، خطاب به استاد می گوید « حقّا که شهریار غزل هستی! » شهریار بالبداهه این بیت را می سراید : « شهریار غزلم خواند غزالی وحشی ؛ بد نشد با غزلی صید غزالی کردیم! »,HAPPY
2273,بوش بد نیست ولی ماندگاری بو در حد نهایتا 2 الی سه دقیقه به زور. ضمنا بعد هر بار مصرف باعث ایجاد حساسیت شدید و سرفه های وحشتناک می شد که بعد از چند بار مصرف انداختمش سطل آشغال. در کل خیلی بد بود. نخرید...,SAD
2274,کاش الان شصت سالم بود و داشتم انار دون میکردم و نگران شالگردن نیمه بافته شده ی نوه ام بودم که آیا تا فردا شب تموم میشه که هدیه ی شروع زمستون بدم بهش یا نه...,SAD
2275,"""خيلي عجيبه كه اينها هيچ ترسي از خشم ملت ندارند؟؟؟ با اينكه ميدونند چقدر شرايط مردم سخت شده ولي با اينكاراشون بيشتر به مردم دهن كجي ميكنند و اجازه نفس كشيدن به مردم نميدن""""""",SURPRISE
2276,ممنون میشم جواب بدید اگه یه سایت فروش آنلاین سرویس خواب یا مبلمان باشه که بتونید ازش خرید کنید ، متریال عالی باشه و قیمت پایین تر از بازار . حتی بتونید عکس بفرستید و همون براتون ساخته بشه ; بدون اینکه حضوری قبلش کار ببیند خرید انجام میدید ؟ نظرتون درباره همچین سایتی چیه ؟,OTHER
2277, نسبت ب قیمتش و عطرای دیگ ماندگاری بالایی داره...لعنت به قوه قضاییه که به چنین جرم مسخره ای یه نفرو دستگیر کردن و الان دارن به کشتنش میدن. #All4Ali,HATE
2278,توی مدرسه حتی یکبار بهمون نگفتن که چرا تقسیم بر صفر تعریف نمیشه! همه چیز رو باید قبول میکردیم فقط. این ویدیو خیلی عالی و خوب توضیح میده که چرا تقسیم بر صفر تعریف نمیشه! …,HAPPY
2279,مبارک نباشه چون روز به روز بدتر شد و من واقعا حقم خورده شد کلی امتیاز داشتم که میخواستم وام بگیرم که تبدیل به کارشا شد و نابودم کرد خیلی ازش متنفر شدم و قبلا خودم کلی ادمو جذبش کردم ولی الان واسش تبلیغ منفی هم میکنم,HATE
2280,نه با جنگ تحميلي ٨ ساله توانستند ذره اي از خاكش را جدا و نه با گردباد تبعيض در سالهاي پس از جنگ، ذره اي از تعلقش به ايران را كم كنند. نه تجزيه طلبان با پاشيدن تخم نفاق و كينه و نه تروريست ها با ايجاد وحشت، مي توانند ميان مردمش شكاف بيندازند و اراده آنها را سست كنند. #خوزستان …,OTHER
2281,من از بیرون تهیه کردن قیمتش تو شگفت انگیز خوبه اما قیمت واقعیش گرونه اما کاراییش خوبه حتی واسه سالن استفاده میکنن البته باید بلد باشی باهاش کار کنی,OTHER
2282,یه سرم دیگه نوش جان کردم تا یادم بمونه اگه نمیخوام کاری رو بکنم یه استراحت به خودم بدم، نه اینکه ناخودآگاهم بهم استراحت بده.,OTHER
2283,درود به همه آزاديخواهان.جام زهر ،اولين اهنگم از آلبوم من ايرانم آماده پخش هست.چون اين آهنگ سياسي همكاري براي پخشش وجود نداره .دوستان گلم آتش به اختيار عمل كنيد اين اهنگو دست به دست كنيد.به اميد#آزادي_ايران #فرقه_تبهکار #آزادی #رضا_پهلوی #ایران_را_پس_میگیریم #arashk_rajaeii,OTHER
2284,از #برانداز جعلی خسته ایم ما و دندان خشم برجگر که بسته ایم ما تو چل ساله میکشن چپیدی توی لونهت به ما تا رسید شدی تو نافی خشونت؟! بگو که مشت ما رو توی کوچه دیدی یا نه؟ که گفتیم تمومه ماجرا شنیدی یا نه؟ #freeiranwithmaryamrajavi,ANGRY
2285,اگر میخواهید #پل_رومر اقتصاددان جریان اصلی و یکی از سرسختترین منتقدان اقتصاد کلان که برنده نوبل اقتصاد 2018 شده را بهتر بشناسید این مقاله او در #تجارت_فردا را بخوانید. مقالهای که به خاطر انتقاد از نوبلیستهای اقتصاد بسیار بحثبرانگیز بوده است!,OTHER
2286,انتشار تصاویر بازداشت دانشآموزان فرانسوی خشم افکار عمومی را برانگیخت,ANGRY
2287,تجاوز و تعرض به کودکانو بپوشونیم! مدام به کتاب های تاریخی فکر میکنم که بعد ج.ا قراره در مدارس تدریس بشه و فرزندان همین بچه های امروز بخونن و به همه جنایت هایی که پوشانیده شد با حیرت پی ببرند! همه ی قتل ها، تجاوز ها و دزدی هایی که انجام دادند و بی شک روزی ثبت در تاریخ خواهد شد... …,SAD
2288,خشم و عصبانیتم از حراست دانشگاهو نمی تونم هیچ جوری بیان کنم... فقط دلم می خواد صورتشونو زیر مشت و لگد له کنم,ANGRY
2289,#فسقلی اومد پیشم گفت مامان میخوای بخوابی؟ گفتم آره مامان سرم درد میکنه. گفت باشه شب بخیر! یهو برگشت گفت مامان دوشتو بیار(گوشتو)! در گوشم گفت مامان خیلی دوستت دارم، به کسی نگیا بوسم کرد و رفت... من بمیرم واسه مهربونیات آخه فسقلی,HAPPY
2290,نمیخوام بهره برداری #سیاسی کنم ،فقط حسمه.وقتی #پرسپولیس با وجود همه ظلمها وتحریماش میتونه برسه به فینال یعنی اینکه ایمان به هدف از هر #تحریم قدرتمند تره ، واین ژن #ایرانی است ک تا اخرین قطره #خون مبارزه میکند ، شما بگویید ژن لجبازی و غدبازی و شاخ بازی واس همه,OTHER
2291,شروع انقلاب رسولان تاریخ... در بینش اسلامی، رسولان تاریخ، برای شروع انقلاب خویش، از انسان و دگرگون کردن او مایه میگرفتند؛ چون مادام که انسان دگرگون نشده بود، هر دگرگونی دیگر، گرفتار همان فسادهایی میشد که از آن فرار کرده بود. استاد علی صفایی #چهل_سالگی_انقلاب,OTHER
2292,خون می خوریم در غم و حرفی نمی زنیم ما عاشق توایم همین است ماجرا #فاضل_نظری,SAD
2293,گاهی عجب اسبی میشما. فحش میدم بدون دلیل. عصبی هستم بدون دلیل. افسرده بدون دلیل. شنگول بدون دلیل. فراخ بدون دلیل. عجب اسب بدون دلیلی میشم.,SAD
2294,دوستم زنگ زد گفت کجایی پس؟ دو تا امتحانات رو افتادی مشتی...فردا بیایی ها اومدم بهش جواب بدم،دیدم هیچ جوابی برا سوالش ندارم کجام واقعن؟ این چند وقت، من ،کجا بودم؟ معلق سرگردون خسته منتظر ...از الو الو گفتن خسته شد قطع کرد چقدر حرف داشتم برا گفتن حیف که زود قطع کرد !,SAD
2295,من خودم حوصلهم از توییتهای خودم سر رفته. عجب صبری شماها دارین عزیزان من.,SURPRISE
2296,"قرار هست که به 10 میلیون ایرانی مبلغ صدهزار تومان برای خرید کالاهای اساسی وجه نقد در قالب کارت های اعتباری داده بشه. میخوام یک ضرب و تقسیم ساده انجام بدم 1000000000000=100,000*10,000,000 66,666,666.7$=1,000,000,000,000/15,000 دلار رو 15 هزار تومنی در نظر گرفتم. حالا یکم فکر کنیم!",OTHER
2297,"""یه مدل دیگه هم داره که اگه تامین کننده بتونه اونم بیاره دیگه مجموعه 4 تاییش کامل میشه.""""""",HAPPY
2298,این بود جمهوری اسلامی ایران این بود انقلابی که کردین این بود آرمانهای امام من ریدم تو سر در جمهوری اسلامی بخدا داعشی ها جلوی شما خم و راست میشن از ترس ننگ بر جمهوری اسلامی ??,ANGRY
2299,هنوز هم پافشاري مي كنيد كه سند ٢٠٣٠ و آموزش عمومي، ترويج اين رابطه ها و خيانت به دين است؟! تا كي مي خواهيد با پنهان كاري در اين مسائل، انسان ها(بخصوص دختران كم سن ) را قرباني كنيد؟! مي دانيد چقدر از تجاوز ها، بيماري هاي مقاربتي، حاملگي ها از عدم شناخت صحيح در مورد روابط جنسي ست؟! …,SAD
2300,_ چرا از مرگ میترسی؟ - به خاطر همهی کارهایی که انجام ندادم «حس نزیستن» علت اصلی ترس از مرگه. این که تو روز آخر دستمون خالی باشه. همین الان پاشید برید دنبال رویاهاتون و بهش برسید تا فقط جسمتون نصیب مرگ بشه نه آرزوهاتون,FEAR
2301,خستگی زیر بارون بودن از کله سحر تا ظهر رو خندیدن به سوزش بندگان از دست رفته ای که ۴٠ ساله در آرزوی براندازی یا توهمِ روشنفکری در عین بیسوادی به سر میبرند واقعا در میکنه #بهمن_تماشایی #چهل_سالگی_انقلاب,OTHER
2302,کامنتهارو میخونم و متاثر میشم از فهم مردمی که فشار اقتصادی کمر همه رو شکسته و همه دارن چرت و پرت میگن که چرا ازدواج کردی میگن به عموت بگو خونه نیستم تا کی صورت مساله رو میخواید پاک کنید؟؟؟؟؟,SAD
2303,به امید موفقیت تیم ملی مون#TeamMelli,HAPPY
2304,انسان نفهم که شاخ و دم نداره  موفق باشی مسیح,OTHER
2305,"""به نظرم فریدون فروغی بعد از خوندن اون تیکه """"من نیازم تو رو هر روز دیدنه از لبت دوستت دارم شنیدنه"""" جا داشته تا ساعتها یا شایدم روزها و ماه ها بشینه گریه کنه""",SAD
2306,ريئس جمهور كرواسي چقدر راحت و خودموني با همه... شاد و خندون همه رو در آغوش ميكشه ميگه.#صداوسيما سانسور ميكنه. همه موش اب كشيده شدن..يه خورده دير يادشون افتاد چتر بيارن بالا سر ريئس جمهور ها #Russia2018 #FinalRusia2018,HAPPY
2307,از پیرمردا و پیرزن ها معمولا بدم میاد,HATE
2308,""" """"کَم کَمَک سانچی به دور ازما،زآتش آب شدعجب پیشرفتی داشته تسلا.. با همین رشد تا سه سال دیگر یکی از بازیگران موثر بازار خودرو خواهد شد …""",SURPRISE
2309,اقتصاد نامه و بسیاری کانال اصلاحطلب، تلاش همزمان براندازا و فرشگردیها برای از ریخت انداختن اعتراضها با هر وسیلهای مثل مصادره کردن اعتراض معلما، فاشیستی خواندن اعتراضها، تاختن به اسماعیل بخشی و اعتراضها. حمله بسیجیها به دانشگاه، و حالا هم خبرنگاران اصلاحطلب و کودکان کار,OTHER
2310, می بردن ازش می پرسیدن:یکی از دوستام توانایی عجیبی داره که روی کسایی کراش بزنه که من ازشون بدم میاد. دوست هم ندارم بزنم تو ذوقش ولی وقتی میاد از شرح دلدادگیش به طرف میگه تمام سعیم رو میکنم که بالا نیارم.,HATE
2311,همسایه بغلیمون رو ندیدم و نمیشناسم ولی ازش بدم میاد بخاطر عذابای روحی که به بچه اش میده...(صداشون واضح میاد),HATE
2312, بی تفاوتم نسبت بهش نه خوشحال میشم نه ناراحت,OTHER
2313,او زیبا بود نه مثل دخترهای روی مجله ها او زیبا بود به خاطر تفکری که داشت به خاطر درخشش داخل چشمش وقتی که درمورد چیزی که دوست داشت حرف میزد به خاطر اینکه میتوانست لبخند روی لب دیگران بیاورد حتی وقتی که ناراحت بود او برای چیز های موقتی مثل ظاهرش زیبا نبود او از درون زیبا بود,HAPPY
2314,میدونستید جولیانی همراه با یکی از قضات پیشین آمریکا، مایکل موکاسی، وکالت رضا ضراب از مسئولان پولشویی ج.ا در ترکیه و از دستیاران بابک زنجانی را برعهده گرفتند و سعی کردنداز طریق مذاکره اتهامات وارد شده علیه موکلشان را از بین بردارند که حتی بااردوغان ملاقات کردند #ShutUpGiuliani,OTHER
2315,ديگه ميخوام توئيت سياسي بزارم:) زن ترامپ عجب كوني داره:))),SURPRISE
2316,کیرم تو تک تک تون بااااای از همه تون بدم میاد و کیرم تو دانشگاه من حالم خوب نیست اعصابم کیریه نیاز دارم با خودم خلوت کنم هر چند میدونم به کیرتونه,ANGRY
2317,"""من ازش برای گیم استفاده میکنم مشکلی ندارم ولی گیمرای عزیز آگه میخواید از موسیقی متن بازی لذت کامل رو ببرید باید هدست بالای 100تومن بگیرید ولی در حالت عادی این هدست کارتون رو راه میندازه""""""",OTHER
2318,"""آیا با شرایط کنونی جهان که پر شده است از خشونت، جنگ، آلودگی محیط زیست، نابسامانی اقتصادی، جنایات سطح بالا، روانپریشی، افسردگی و دهها مورد دردآور دیگر، وقت آن نرسیده است که در مورد طرز فکرمان درباره """"انسان بودن"""" تجدید نظر کنیم؟ #مجمدرضا_معاشرتی #توییت_نویس #انسان""",OTHER
2319,تو کتابخونهی خوابگاه،اینقدر به این خندیدم نفسمم بند اومد داشتم خفه میشدم چون نمیشه بلند خندید . آخ دلم  …,HAPPY
2320,آقا منم یه نور نارنجی عجیب دیدم و گرخیدم …,SURPRISE
2321,این تجمع کارگران نیشکر هفتپه یا لاستیک پارس نیست. این تجمع خروجی دکتری آموزشی عالی کشوره. قرار بود راه حل مسئله اشتغال باشن، الان صورت مسئله اشتغالن. موسسه کاسپین و ثامن بعدی نه در حوزه مالی که در آموزش عالی خواهد بود. فعلا مخدر نفت مانع حس درد متناسب با مقیاس وخامت بیماریست.,SAD
2322,زوج جوان و تحصيل كرده همسايه كه مثلا باكلي علاقه ازدواج كردند؛وقتي طفلشون چندماهه بود طوري جلوش دعواكردندكه بچگي تاچندهفته حتي نميتونست گريه كنه!امروز هم درجواب گريه هاي بچه دوساله اومد بيرون و حبسش كرد!ناراحت كنندست كه براي بچه دار شدن حداقل انسانيت و شعورم حتي لازم نيست!,SAD
2323,دنیای این روزای من، درگیر تنهایی شده تنها مدارا می کنیم، دنیا عجب جایی شده,SAD
2324,پیدا شو که میترسم از بستر بیقصه پیدا شو ذلیل مرده میترسه ازت غصه,FEAR
2325,عجب دنیایی شده! خب این دقیقا مطالبه ی ماست از شما؛ چرا بجای اینکه اولویت های مردم رو دریابید مدام کلید کردین روی فجازی و کنسرت و فیلتر و فلان؟ کاش با یک خبرنگار و رسانه منتقد مصاحبه میکردی تا برای شما جا بندازه که اولویت چیه و کی داره به مردم استرس وارد میکنه,SAD
2326,یه جورایی از سیاست بدم میاد شاید بخاطر سیاست های فعلی باشه نظرتون چیه؟,HATE
2327,فکر میکردم امروز پنجشنبه ست صبح به هزار بدبختی پاشدم با کلی استرس که چقدر کار دارم بعد فهمیدم امروز چارشنبه ست خیییییلییی خوشحالم الان ...,HAPPY
2328,هر چند دقیقه یه بار یاد قیمت دلار میفتم هی اعصابم میریزه بهم... یعنی کی میشه فرار کنیم ازین گهدونی یه نفس راحت بکشیم :( #دلار #دلار5800,ANGRY
2329,سلام. لینکی از تشویق ایشون یا جاستین به حمایت از کالای کانادایی و سفر تفریحی داخلی دارید؟ از متن پیام تبریک ایشون به مناسبت روز کانادا من همچین برداشتی نکردم. …,OTHER
2330, واقعا نشونه ی ترس و بزدل بودنشه چون مورد داره این وسایل همراهشه,FEAR
2331,تا الان دانشگاه بودم تا 9 و نیم قراره سر کار باشم بعدشم برم خونه باید یه مقاله ترجمه رو ویرایش کنم یه دست کنم تحویل بدم. صبحم 8 صبح کلاس دارم. وات دازنت کیل یو میکز یو تایرد از فاک.,SAD
2332,اگر بخوام تو ماتمکدهٔ ایران با این همه مناسک عزاداری فردی و جمعی یکی از احساسات انسانی رو ستایش کنم، انتخابم خشمه. کاش اندوهمون رو به خشم تبدیل کنیم ما مردم هیچکاره. در نهایت این خشمه که ما رو نجات میده نه روضهخونی. پس از خودم شروع میکنم: من از گم شدن #هشت_درویش خشمگینم.,ANGRY
2333,حساب کردم در ماه با ۴۲۰۰۰۰ تومن میتونم سر کنم، که فقط ۱۴۰۰۰۰ تومناش بنزین بود؛ توی دی ماه هم ۵۶۰۰۰۰ تومن خرج اضافی کردم، شامل لباس و تفریح و کادو,OTHER
2334,فقط نگاه کنین تموم دردای دنیا و چس ناله های توییتری فراموشتون میشه یه کمم شاد باشیم,HAPPY
2335,اینم آیتم نود در مورد این ۲ تا قتل که اتفاق افتاد واقعا اعصابم رو ریخت بهم واقعا ریدم به فوتبال که بخواین اینجوری باهم کری بخوریم و تهش همدیگر رو بکشی فاک به فوتبال اصلا بابا ارزشش رو نداره,ANGRY
2336,آگه این افراد مسن بیدار بشن و از این حرکت ها انجام بدم نوجوانها هم ازشون یاد میگیرند,OTHER
2337,اینهمه خشم از کجا میاد؟ #حيوان_آزارى_افسريه,ANGRY
2338,سر اعصابم رفته بدجوررررررر,ANGRY
2339,11بهمن سالگردشهادت #احمد_رضایی اولین شهیدسازمان#مجاهدین_خلق ایران و از مسئولان برجسته این سازمان احمدرضایی از زبان برادرش مجاهد شهید رضا رضایی: «احمد، دوست بزرگ و صمیمی مردم بود و یک لحظه در زندگیش از یاد دردهای مردم غافل نبود. همیشه به من سفارش میکرد که اگر من شهید شدم،,SAD
2340,خوابهای عجیبی دیدم که توان بیدار شدن و رهایی هم نداشتم. مرگ… مرگ… مرگ… گاهی فکر میکنم این همه دوری از خانواده و این روزها کنارشان نبودن ارزش چیزهایی که میخواهم را دارد؟ که کار به جایی برسد شهری که دوستاش دارم هم سخت تحمل کنم. و دلتنگی بیحد برای آدمها… و ترس و هراس.,FEAR
2341,"""این عرزشیها اونقدر منفورند که به هرچیزی اعتراض کنند مردم از سر لج هم شده طرفدارش میشن و حکومت کاملا اینو میدونه! اینا عروسک خیمه شب بازی حکومتند! هر موقع که بخوان شما کاریو انجام بدید ، اینا بعنوان مخالف وارد میشن .. یادتونه که """"روحانی"""" چطور تو پاچه همه رفت..""",HATE
2342,دو سه تا کامن، دو سه تا سم پودری، ولی نسل سوسکای این خونه رو فقط آرش ور میاندازه که پیداش هم نمی کنم. هر بار هم کامن میزنم، تا دو روز عطسه و آبریزش بینی ! من با این ریهی داغون میمیرم از این سمها، ولی سوسکها نه :/ اعصابم داغونه :((,ANGRY
2343,دانشجویان مشهدی در اعتراض به لوایح استعماری هم چون #پالرمو و عدم توجه مسئولین، شکایت به امام رئوف بردند... #مطالبه_عزت #گام_دوم_انقلاب #پالرمو_علیه_معیشت #مجمع_تشخیص_مصلحت_نظام,OTHER
2344,"""شگفت بود بخرید..""""""",HAPPY
2345,این رزمایش سداد رید به اعصابم. یعنی یه ذره امید به موندن هم از آدم میگیرن کثافتا.,ANGRY
2346,تفاوت واکنش ها به ويدئو #کوین_اسپیسی در توییتر و یوتیوب با اینستاگرام حیرت زده ام کرده قشنگ. تو #توییتر و #یوتیوب اکثرا دارن تقبیحش میکنن و میگن نه، بسّه ولی تو #اینستاگرام دارن براش کف میزنن و میگن خوش برگشتی و فلان چه خبره؟ آیا سطح فهم مردم اینستاگرا با توییتر انقدر متفاوته؟,SURPRISE
2347,مصدومیت هیچ بازیکنی ربطی به آه و ناله و نفرین نداره همه جای دنیا همینه کاش بفهمیم اینو,SAD
2348,اگر ماشین دودزا دیدید، به خصوص اتوبوس و کامیون، به تلفن ۱۸۸۸ بازرسی شهرداری تلفن بزنید و گزارش بدهید. به ۴۱۷۸۷ ستاد معاینه فنی تلفن بزنید و گزارش کنید. عکس بگیرید و در شبکههای اجتماعی با هشتگ #دودبدرود منتشر کنید. یقه مسئولان را رها نکنید! …,OTHER
2349,گزارشها حاکی است دنیا ویسی، دختر ۷ ساله بر اثر تجاوز و ضربه بر سرش فوت شده نه ریزش دیوار مدرسه  …,SAD
2350,میدانید چرا عید داریم؟ چون روزه بودهایم. کل زندگی همین است؛ هر عیدی نتیجهی خودداری و تلاش است. اهل تلاش اول زحمت میکشند، بعدا جشن میگیرند. برخی اما وسط کار دزدکی تفریح میکنند و آخر کار از شرکت اخراج میشوند. #عبدالله_ش,OTHER
2351,سازمان بهداشت جهانی میگوید:«آلودگی هوا سالانه ۷ میلیون نفر را به کام مرگ میکشاند.» تلفات آن گاهی از تصادفات جادهای،جنگ و خشونت بیشتر است,SAD
2352,""" """"من تو پیشنهاد شگفت انگیز خریدم و از کرده خو دلشادمدقت كردين همشون با ترس اين كار رو ميكنن""",FEAR
2353,""" """"برای فصول سرد بسیار بسیار لذت بخشهخبر کوتاه بود و ترسناک خالم توییتر ساخته""",FEAR
2354,هشدار: دیدنِ این عکس، طاقت میخواهد. چه بلندبالا جوانی در خاک شد. نمیگوییم بیگناه بود، اما هم پشیمان بود، هم در زندان رفتارش عالی بود و هم اینکه هنگام وقوع جرم، «کودک» بود. میدانم، نمیفهمید. کاش میفهمیدید. آن قدر صبر میکنیم که بفهمید، میجنگیم تا بفهمید. #کودک_اعدام_نشود,SAD
2355,یکی از خودش میپرسد چرا در هیچ نهادی از آنها کمک نمیگیرند، دیگری میگوید اگر استخدام میشده مدیر مسئول حبس میشده. اما حرفشان این است ماندهاند و مشکلات را تحمل میکنند تا صدایشان را به گوش مسئولان برسانند. اینها حرفهای مهاجران فرهنگی افغان است. #رنج_بی_وطنی_در_وطن_فرهنگی #ایسنا,SAD
2356,بهبه چی جز مهمونی خانوادگی میتونه اینطوری اعصابم رو بگاد نمیدونم؟! یعنی واقعا حاضرم با خانوادم دعوا کنم ولی مهمون نداشته باشیم چون بحث هایی که تو مهمونیا میکنن در این حده که دوست دارم به نشانه ی اعتراض برم روی میز و ی گلوله تو سر خودم خالی کنم بلکه تموم کنن بحثا و متلکاشونو.,ANGRY
2357, من خودم دنبال ی همچین بویی بودم ک بعد مدتها تونستم پیداش کناعصابم کیریه سیگار ندارم تا ساعت ۱.۳۰ هم نمیتونم به دکهای مراجعه کنم,ANGRY
2358,همه بهم میگفتن خیلی ضعیفی، خیلی بدبختی، خیلی بدرد نخوری، واسه همین شکستم، تلاش کردم قوی شم، اما فقط یک هیولا شدم ...,SAD
2359,لعنت به دوری ، لعنت به فاصله و غربت . رفیقم ، عزیزم، کنارت هستم . مثل کوه پشت به پشت هم وایستادیم تا اخرین نفس.,SAD
2360,الان فقط خنده های از ته دل دختر ٣ سالم میتونه آرومم کنه,SAD
2361,امروز چهل ساله شدیم .. به بعضیچیزها منتقدیم از بعضی چیزها گلایه مندیم .. ازبعضی چیزها خون دلخوردیم .. فرصتهایی که سوخته .. بایدهایی که انجام نشده .. نباید هایی که انجام شده .. آدم های اشتباهی .. مسئولان فاسد .. عالمان متهتک حوزوی .. جاهلان متنسک حکومتی ..,SAD
2362,دیوان عالی چرا اوباما پشت پرده پولهای بلوکه ایران را پس داد   #Stolen_works_of_art,OTHER
2363,صبح بیدارشدیم دیدیم بجای تابستون پاییزه ، عجب هوای محشری,HAPPY
2364,دیر رسیدم و باید به تک تک مهمونا توضیح بدم چرا و کجا بودم، بی خیال شید دیگه!!,ANGRY
2365,همیشه دلم واسه اونایی که باورای دینی و مذهبی مسیر زندگیشون رو تغییر داده و بخاطر مسائل مذهبی از زندگی لذت نبردن، میسوزه.,SAD
2366,من نگویم که مرا از قفس آزاد کنید مادهای در قفس انداخته، دلم شاد کنید,HAPPY
2367,از معمولی بودن و معمولی زندگی کردن متنفرم.,HATE
2368,یه فیلم دیدم جنازه سربازا افتاده روی همدیگه :(( لعنت به این زندگی #اهواز #سناریوی_بحران_سازی,SAD
2369,ملاقات امروز ما در اوین: از قبل حدس میزدیم که فضای ملاقات امروز تحت تاثیر غم بزرگ پیش آمده تاحدی سنگین باشد و انتظار داشتیم که بچهها را با شادی همیشگی نبینیم. ولی ملاقاتمان کمی از آنچه فکر میکردیم، ویژهتر بود. میخواهم بدون هیچ شانتاژ خبری، خاطرهی این ملاقات را ثبت کنم.,SAD
2370,اشکال نداره بذارید اسلحه بکشن.خون یه خاصیت داره که وقتی به ناحق و ظلم روی زمین میریزه زمین رو خشمگین میکنه که این خشم رو به موجوداتش میده.نیروی نظامی ای که اسلحه روی مردم کشید گور خودشو کنده,ANGRY
2371,در ایران قوانینی برای مقابله با تبعیض جنسیتی وجود ندارد و مردان میتوانند همسران خود را از اشتغال و تحصیل منع کنند. برای اعتراض به این شرایط نابرابر در روز پنجشنبه، هفدهم اسفند کنار ما باشید. #اعتراض_حق_زنان #فراخوان_تجمع_۸مارس,OTHER
2372,از عید متنفرم از بوی عید متنفرم از اون یه هفته قبل عید متنفرم از لحظه سال تحویل متنفرم از دو هفته تعطیلی متنفرم از فامیل متنفرم از سیزده بدر متنفرم از فردای سیزده بدر هم متنفرم,HATE
2373,ظلمی که توی چین به مسلمانها داره میشه به اندازهای مقیاس بالایی داره که صرفاً اعتراض ایران هم نتیجهای در بر نخواهد داشت (هر چند به هیچ عنوان هم ایران اعتراض نمیکنه). واقعاً تاسفبار هست دیدن این وضعیت برای انسانها، جدا از اینکه چه دینی دارن. …,SAD
2374,هری پاتر و فرزند نفرین شده جی کی رولینگ ترجمه: ویدا اسلامیه قیمت: 19 هزار تومان  #بامیلو,OTHER
2375,تا ارزون را چی تعریف کنی! تئاتر همیشه برای من گرون و تفریح از ما بهترون بود! …,SAD
2376,کلیپ خنده دار ما رو فالو.کنید,OTHER
2377,فرار عجیب مدیر صندوق بازنشستگی از بازنشستگی! پزشکیان: اگر انتصاب دامادم غیرقانونی است، برکنارش کنند,SURPRISE
2378,و من همچنان خاموشانه دوستت دارم بگذار این خاموشی همچنان بماند در تنگترین مجرای قلبم تا مبادا شرار این عشق دیگری را آشفته سازد چون شب تاب اندوه اش را ندارد,SAD
2379,خلاقیت اصفهانی در اعلام اعتراض به خشکسالی #خوزستان #خرمشهر #WeStandWithPahlavi,OTHER
2380,صفحات مجازی مسئولان را چه کسانی اداره میکنند؟ - منبع: فارس,OTHER
2381,4 روزه خریدم. یکی بهم زنگ زد. همین اومدم جواب بدم، خاموش شد و دیگه هم روشن نشد.,SAD
2382,تو دو ساعت با اعصابم جوری بازی شد که یه هفته باید تو باسگاه کونای زیبا ببینم بعدشم شیرموز بخورم که بشوره ببره,ANGRY
2383,دو نکته در رابطه با بدبختی خدمتتون عرض کنم اول اینکه بدبختی انسان را به دعا و نیایش وا میداره و دوم اینکه بدبختی به عزت انسانی لطمه میزنه، همین,OTHER
2384,یلدا را تبریک میگم به اونی که جفت پا وسط معیشت مردم آمده، بیرونم نمیره ان شاءالله آخرین شب یلدات باشه #شب_یلدا,HATE
2385,ياد همين بچه ها خانواده ها زندگى در كنار خرابه ها خنده هاو خبرحمله شيميايى تروريستها . . ديدن تصاوير كودكان #حلب در بيمارستان اين شهر من رو برد به يكماه پيش و خاطرات سفرم به سوريه. از نزديك كسى يا جايى رو ببينى شناخت و دلبستگيهات فرق ميكنه. اينجا حلب يك روز عادى پس از آزادى,SAD
2386,یعنی من فقط دارم غصهٔ این بچه رو میخورم :( آخه مرد! تو که داشتی بیدردسر زندگی و پیشرفتتو میکردی، چرا دستیدستی خودتو شریک بدبختی ما کردی؟ اونی که قبل تو بازیکن تیم ملی بود، فرار کرد رفت دیگه پشت سرشم نگاه نکرد. بعید نیست فردا تو رو جاش ببرن سربازی! ای من بمیرم خدااا,SAD
2387,کل لطف تبریک تولد، اینه که کسی به یادت باشه. وگرنه شما همین الان الکی استوری کن «تولدم مبارک»، حتی ممکنه پدرت هم هول بشه، بهت تبریک بگه,OTHER
2388,ما تو این دنیا اومدیم کار بکنیم، تفریح و کیف هم بکنیم، اونهایی که فقط کار میکنند یا فقط کیف میکنند چیزی رو تو زندیگشون گم کردند.,OTHER
2389,'ای آدمها! ای آدمها که بر ساحل نشسته، شاد و خندانید!یک نفر در آب دارد میسپارد جان #RescueArashSadeghi,SAD
2390, من لکنت زبان داشتم تحصیل کرده زمان شاه هستم دروس شفاهی رابخاطرلکنت زبان نمیتوانستم جواب بدهم معلمها بمن میگفتند تمام جواب پرسشهاراروی تخته سیاه بنویس این راه کار اونا دنیایی از شادی برای من بود این متن را خوندم یاد ان دوران افتادم روحشان شاد,HAPPY
2391,همه ما از محتوای احتمالی #مذاکرات۸۸ خبر داریم: «خط قرمز من حق مردم است» اون چیزی که این فایل رو مهم میکنه فرم بحث، شیوه استدلال و از همه مهمتر نحوه مورد خطاب قرار گرفتن قدرت هست. این وجه امکان ایجاد شکاف در تصور قدرت مطلقه و پیوند اعتراض ۸۸ با وضعیت امروز رو فراهم میکنه,OTHER
2392,خیلی از ترس هایی که هنوز و روزانه باهاشون دست و پنجه نرم میکنم ، حاصل اون باور غلط و شخصی بوده که پدر و مادرم به خوردم دادن!وقتی بهتر نگاه میکنم میبینم خود اون موضوع ذاتاً ترسناک نیست بلکه اون حس و باوری که من در موردش در ذهنم دارم منو میترسونه..! نکنید با بچه هاتون این کارو,FEAR
2393,با توجه به اینکه داریم به تولدم نزدیک میشیم میخام نظرمو راجبه روز تولد بگم. روز تولد چیز خاصی نیست و تبریک آدمایی که باشون در ارتباط نیستم برام هیجان خاصی ایجاد نمیکنه. فقط تبریک کسایی که دوسشون دارم برام مهمه. لذا خودمم علاقهای به تبریک گفتن به آدمایی که براشون عادیم ندارم!,OTHER
2394,به مقدار بوش عجیبه . بوی کرفس میده,SURPRISE
2395,اینجا حي التنك (حلبی آباد) اهوازه. شهری که اطرافش پر از چاههای نفته و سهم این مردم از نفت، فقط فقر و بدبختی و زندگی در کنار زبالههاست. ارمغان ۴۰ سال حکومت جمهوری اسلامی,SAD
2396,"""مثلا تو اوج دلتنگیت یهو پی ام بده """"روزگارم بهار خواهد شد خنده هایت اگر که برگردند""""""",HAPPY
2397,خفه کودن...برو مثل سگ بگرد دنبال یکی از کتاب های شاهنشاه بزرگ،پدر ایران زمین، کتاب نایاب به اسم پاسخ به تاریخ نوشته سرور همیشگیت شاهنشاه اریامهر محمدرضا پهلوی روحش شاد و یادش گرامی...ولی در کتاب رو هم حق نداری باز کنی چون برا شل مغزهایی مثل تو بسیار سنگینه مطالبش,ANGRY
2398,""" """"خیلی فانتزی و زیبا بود.در شگفت میارزه...قشنگه""",HAPPY
2399,پوفیوز تو شاد این سگا هم نیستی اونا تو رو به تخمشون حساب نمیکنن ببین کجاست سوخته بدبخت,ANGRY
2400,دوست تونسی پست گذاشته تولد پیامبر رو تبریک گفته تو فیس بوک. کلی آدم هم زیرش کامنت تبریک و اینا گذاشتن. چرا من انقد تعجب کردم از این نمیدونم دقیقا.,SURPRISE
2401,""" """"من تو شگفت انگیز خریدم کیفیت صدا متوسط نسبت به برند های مطرح همچون کریتیو و لاجیتکچون گریه گلو گیرد از ابر فرو بارم چون خشم رخ افزود در صاعقه آویزم ای سایه ! سحر خیزان دلواپس خورشیدند زندان شب یلدا بگشایم و بگریزم #ابتهاج""",SAD
2402,اون ویدیو رو دیدم و اعصابم واقعا خورد شد. اَه,ANGRY
2403,"""مردم معترض #کازرون تا شب در خیابان هستند. شعار میدهند: """"کازرونی میمیزد ذلت نمیپذیرد"""" تظاهرات #کازرون ابتدا در اعتراض به طرح تقسیمات برخی توابع این شهد صورت گرفت، ولی شعارهایی مثل """"دشمن ما همینجاست، همش میگن آمریکاست"""" و .. ادامه یافت.""",OTHER
2404,"""اِمام علی(ع) """"شگفتترین عضو انسان قلب اوست و قلب مایه هایى ازحکمت و ضد حکمت دارد.اگر آرزو به آن دست دهد،طمع خوارش مى گرداندو اگر طمع در آن سر برکشد،حرص نابودش مىکند و اگر ناامیدى بر آن مسلّط شود، اندوه،او را مىکُشد... هر کوتاهى برایش زیانبار است و هر زیادهروى برایش تباهى آفرین.""",OTHER
2405,چو شبنم اوفتاده بدم پیشآفتاب مهرم به جان رسید و به عیوق بر شدم #سعدی …,HAPPY
2406,لابلای اینهمه خبر بد از مجلس ی خبر خوب بدم که نود و چند نفر از نمایندهها حاضر شدن بصورت داوطلبانه میزان مشارکت در رایگیری و ح و غ خودشون رو منتشر کنند! ۱۰ نفر از این نمایندهها تو همه رایگیریهای آبان ماه مشارکت کردن نماینده شما تو این لیست هست؟ #شفافیت_مجلس,HAPPY
2407,پشتمو کردم به تلویزیون و نشستم، بقیه دارن فوتبال میبینن، اینقدر از این مربی و گزارشگر بدم میاد که نمیتونم بازی فوتبالیست های که دوستشون دارمم ببینم صدای احمدی هم چاره ای نیست، بقیه دارن فوتبال میبینن و من مجبورم بشنوم,HATE
2408,دو روز به سالگرد ازدواجمون مونده و با رسیدن این کارت، شور و هیجانی که سال پیش با ورق خوردن تقویم و رسیدن به مراسم ازدواجمون داشتم رو دوباره حس کردم.قراره به عنوان ساقدوش در کنار دو دوست #همجنسگرایی که توی شادی و غم کنارمون بودن حاضر بشیم.امیدوارم همه این حس رو تجربه کنن #رامینیما,HAPPY
2409,موافقم...مجلس نشانه است. مجلس باید تعطیل بشه و برای هر کدام از کمیسیونهاش یک شورای عالی که تمام اعضایش منصوبان مستقیم رهبر هستند قرار بگیره,OTHER
2410,  همین تصاویر نشون میده اگه اینا دستشون رو از روی گلوی ما بردارن یک شبه از غمگین ترین کشور دنیا تبدیل میشیم به شادترین کشور...آه اگر آزادی سرودی میخواند.....,SAD
2411,#رضاشاه_روحت_شاد درود بر روح پاکت که زن ایرانی را ناموس خودت می دانستی و آیت الله ها او را تقدیم به بیگانگان می کنند.,SAD
2412,""" """"عجب گوشیه هستشیه زمانی که تازه اومده بودمتوییتر یکی یه گوه روشنفکرانه خورد و بهم برخورد خلاصه دیروز با مدرک نشونش دادم توهین کرده و معذرت خواهی کرد و منم برگشتم رفته بودم از ناف جرش بدم که نشد""",ANGRY
2413,"""و خیلی چیزای دیگه""""""",HAPPY
2414,حرف زدن راجع به موفقیت های کاری خودتون تو گذشته واسه چند نفر تقریبا سطح معمولی وخود بزرگ بینی در مقابل اونا مث اینه که سوار 206 بشی و واسه کسی که پراید داره از آپشناش بگی. همینقدر پوچ و تباه,OTHER
2415,چندین ساله میرم سالن، فوتسال بازی میکنم. برای اولین بار امشب چشمام سیاهی رفت. خیلی ترسناک بود. فکر کنم مال زندگی ناسالم این چند ماهم باشه. باید تغییر کنم.,FEAR
2416,رژیم «جرمهای تعلیقی» زیاد داره واسه همین خیلی زود به لهستان اعتراض کرد، چون اگه محکوم بشن تمام اون تعلیقیهام اجرا خواهد شد #WeSupportPolandSummit,OTHER
2417,دردهایمان مضحک میشود. تا کالایی گران و نایاب میشود خبر یافتن انبارهایش تیتر یک رسانههاست. این یعنی مردم خودشان به یکدیگر رحم نمیکنند و موضوع ربطی به عملکرد مسئولان ندارد. کاش موجودی انبارهای محتکران مهربانی و همدلی و جوانمردی و صداقت و... هم پیدا و بین همه توزیع میشد. …,SAD
2418,ترس نداره که! دهنتو ببند، هیچوقتم بازش نکن.,FEAR
2419,یه مستند دیدم بنام انقلاب جنسی در دو قسمت بود. فکر میکنم مستند خوبی بود. بدون هر گونه قضاوت دو قسمت این مستند را تا انتها ببینید. اینقدر بد صدا و سیما و مسئولان ما عمل کردند که خود من در ابتدا جبهه گرفته بودم و پس از پایان متوجه شدم اشتباه کردم. دیدنش خالی از لطف نیست.,OTHER
2420,مسئولان باید به قدرت و توانایی جوانان ایمان بیاورند تا جوانانی مثل #شهید باقری تربیت وشناخته شوند . #حسن_باقری,OTHER
2421,""" """"قبل خرید میدونستم که تکیه ی این هدفون بیس خوبشه، اما نمیدونستم غیر از بیس هیچی نداره، برای موزیک آروم و پیانو و گیتار و ویلون و... کارایی نداره.چه موقعیت ترسناکی، کاش قبلش اون بچه بتونه فرار کنه، …""",FEAR
2422,قبلنا برا آزادی مبارزه میکردن الان راه حل به ظاهر راحت یعنی مهاجرت (فرار کردن) رو ترجیح میدن ! خیلی از اطرافیام تصمیم جدی شونو واسه رفتن گرفتن و ما موندیم و بلاتکلیفی !!,SAD
2423,خداروشکر آوردنش تو بخش سه تا عمل همزمان رو ستون فقراتش انجام دادن با وجود مورفین های مکرر همچنان درد شدید دارن ولی خود عمل موفقیت آمیز بود …,HAPPY
2424,اسکندر و عمر به ایران تجاوز کردند،ایرانیان نامشان را بر فرزندانشان گذاشتند علی در زمان خلافتش دستور سرکوب ایرانیان را داد و ایرانیان نام او را بروی فرزندانشان میگذارند ،چنگیز به ایران تجاوز کرد و ایرانیان نام او را بر فرزندانشان میگذارند، میتوان گفت ایرانیان حافظه تاریخی ندارند,SAD
2425,""" """"من از این شماره استفاده کردم ولی سرخابی نیس قرمز خییییییلی خوشرنگهنقش صنعت اسلحه سازی در اخبار جنگی گُمه ولی شاید دیگه نه """"گرافیک حیرت آور CNN، قتل عام غیرنظامیان در #یمن رو بر مبنای شرکتهای سازنده #بمب ها شناسایی میکنه: شرکت های Raytheon, Lockheed Martin و General Dynamics. این ایده باید از حالا به استاندارد کار در گزارشگری جنگی بدل بشه""""""",OTHER
2426,سلام میخواین چن فیلم از مقاما بهتون بدم و چ کارا میکنن,OTHER
2427,میدانید؟ کتک بدترین نوع خشونت علیه زنان نیست. کبودی و زخم و شکستگی خوب میشوند. قدرت و شادابی و باور به خویشی که از زن در طول ماهها و سالها گرفته میشود گاهی هیچ وقت، هیچ وقت، ترمیم نمیشود. #خشونت_علیه_زنان,SAD
2428,تجاوز به زن آمریکایی در کما زنی که 14سال در کما به سر می بُرد در بیمارستانی در فونیکس آمریکا مورد تجاوز قرار گرفت و باردار شد به گفته یکی از عوامل بیمارستان که به تازگی از این ماجرا پرده برداری کرده فرزند این زن در 29دسامبر به دنیا آمده است اینا چشم و دل سیر بودن؟ #حجاب_کهن,SURPRISE
2429,انقدر بدم میاد یه آدم حزبل بهم محبت کنه، یا لبخند بزنه، یا ازم تعریف کنه. چرا نمیذارن با وجدان راحت نفرتمو بورزم؟,HATE
2430,یادمون باشه کسانی هستند که برای مبارزه با خشونت و برای اینکه روزی آیندگان مان دنیایی بی خشونت را تجربه کنند هزینه های زیادی میدن و حتی جان و روان خود را آماج خشونت ها میکنند... جان دکتر #فرهاد_ميثمى در خطر است... #FreeFarhad,SAD
2431,دلسوزی و توجه دیگران بشدت عصبیم میکنه، روانیم خودتونین,ANGRY
2432,آقا من رفتم یه ۲۰ دقیقه از قسمت جدید بلک میرر رو دیدم! خوشم نیومد از این سیستم انتخاب داشتن! اعصابم هی به هم میریخت :)),ANGRY
2433,برای موفقیت در آیلتس اگر پیشنهادی دارید خوشحال میشم بگید,HAPPY
2434,اولین باری که اولین موی سفیدمو دیدم،خیلی ناراحت شدم و سریعا کوتاهش کردم سالها به همین منوال گذشت و اصلا دوست نداشتم بین موهام موی سفید باشه در حقیقت سالها با خودم جنگیدم و نخواستم بپذیرم که روند پیری به تدریج اتفاق میفته حالا چندین ماهه که از دیدن این همه موی سفیدم لذت هم میبرم.,HAPPY
2435,دوتموند ۴ - اتلتیکو مادرید ۰ . این یعنی طوفان زنبورها... همین قدر وحشی میایم و شمشیرا بالا... . حالا دیدید چرا گفتم باید این بازی رو نشون میداد شبکه ۳...  …,HAPPY
2436,""" """"پخش بو ضعیفی داره ولی ماندگاریش بدک نیستدیگه ببخشید این همه مردم تو این وضعیت کشور به استقبال هیچ کدام از مسئولان ولایی و غیر ولایی نمی رند جز دکتر محمود احمدی نژاد انقلابی #احمدینژاد""",OTHER
2437,و فردا روزی رو باید بعد از امتحان مستقیم بیام خونه و چقدر بدم میاد اینطوری:(,HATE
2438,انقد بدم میاد مثلا به یکی میگم دعا کن فلان مسئله جور بشه میگه ایشالا اگه به صلاحته بشه.تو گه خور صلاح منی؟؟بگو دعا نمیکنم,ANGRY
2439,وزیر ارتباطات: «در سند تبیین الزامات شبکه ملی اطلاعات اصل بیطرفی شبکه مورد تاکید قرار گرفته است» در سند مورد اشاره که مصوبه شورای عالی فضای مجازی است، هیچ اشاره مستقیم یا غیرمستقیم به اصل بیطرفی دیده نمیشود.  …,OTHER
2440,آبادان کم بدبختی داشت برزیل هم حذف شد,SAD
2441,""" اوایل گفتم عجب چیز توپی. بعد یمدت دیدم صدا درست نمیرهاین کمپرسوزم خریدم بعد از یه روز استفاده از همه جاش باد میره.یه کم ببشتر پول خرج کنید مارک بهتر بخرید.هیوندا و رونیکس بهتره""""""",SAD
2442,ضمن تسلیت شهادت امام هادی علیه السلام سال جدید شمسی رو خدمت ایرانیان عزیز تبریک عرض میکنم . امیدوارم سالی پر برکت و شاد پیش رو داشته باشیم . #یا_مقلب_القلوب,HAPPY
2443,از اونجايى كه هر روز يه فيلم ترسناك ديگه از ايران تو توييتر پخش ميشه كه تحمل كردنش فراموش كردنش و حضم واقعى بودنش برايه من خيلى سخته اينجانب بعد از ديدن فيلم دو عدد بچه گل فروش با شما شايد براى مدتى زياد يا كم خداحافظى ميكنم,SAD
2444,با اینکہ،ممنوعہ ترینی...! با اینکہ،در حوالی چشمم ندارمت با اینکہ،برای من نیستی اما...! اما همیشہ در کنج دلم دوستت دارم... #فروغ_فرخزاد,SAD
2445,انقد دوسدارم یکی رو پیدا کنم و بهش جبرخ یاد بدم که به فکرم خطور کرد که یه کانال یوتوب بزنم و توش جبرخ درس بدم. ولی بعدش دیدم متاسفانه بلد نیستم با اکسنت هندی صحبتکنم.,SAD
2446,الان واقعا نیاز دارم یکی بیاد پیشم بشینه و بگه مرنجان دلت را رها کن غمت را رها کن مخور غم مخور غم نگارا بعدشم غرق بشیم تو صدای استاد شجریان ... #گلچهره_مپرس ...,SAD
2447,#۲۴ ماهه که رفتی #کاپیتان ۲۴ ماهه که تنهامون گذاشتی ۲۴ ماهه که #پرسپولیس ۱۰ نفرس ۲۴ ماهه که دلتنگتیم #آپاچی روحت شاد #۲۴ابدی #هادی_نوروزی,SAD
2448,امروز #ایران عزیز علی رغم توفیقات بسیار، مشکلاتی داردکه بی شک با موفقیت ازآنها عبور خواهدکرد اگر بر هدایت #رهبری معظم و خواست #مردم کشور اداره شود. این مهم با شایسته سالاری، حضور #جوانان فرهیخته و بکارگیری انباشت ایمان، علم و تجربه تولید شده میسر شده و اولین قدم #اصلاح_مجلس است.,OTHER
2449,یه هم خدمتی داشتم همیشه توی نامه هاش اشتباه تایپی داشت یه روز فرماندمون بهش گفت بدم دژبان بکشونت روی آسفالت؟! یعنی منفجر شدم از خنده اون لحظه,HAPPY
2450,چون جهت شیب شهر جنوب به شماله( ارتفاع جنوب بالاتره)، تیم نقشه برداری جنوب رو بالای نقشه میکشه. -___- کجا برم فریاد بزنم یقه چاک بدم؟,SURPRISE
2451,در یک کشور گروهی از مردم اعتراض میکنند و حتی کار به خشونت وآسیب به اموال هم می رسد اما مردم کشور در نهایت مشکلی با آن ندارند چرا که هزینه حق اعتراض مردمشان را می پذیرند.. خبری هم از اعدام و حصر سران و معاونان و ساکتین اعتراض نیست …,OTHER
2452,روحش شاد خدا انشالله به مادرش آرامش عطا کنه خیلی سخت خدا به هیچ مادری نشون نده,SAD
2453,پخش بو ضعیف  ماندگاری بسیار کم   سعی کنید فقط شگفت انگیز  بخرید,SAD
2454,عجب هنرمندانه دروغ میگه ??رامبد که محو حرف هاشه ..ننگ ما صداو سیمای ما,SURPRISE
2455,واقعا خنده داره که 4g رو ساپورت نمیکنه ،جی پی توشم mali 400هست که واقعا بدرد نخوره یدونم رام داره که فک نکنم گوشیو تحمل کنه بقیشو دیگه نگفتم,SAD
2456,یه سری کتاب رشته نرم افزار دارم که دیگه لازمشون ندارم لیستشو از لینک ببینید هر کی لازم داشت باهام هماهنگ کنه بدم بهش,OTHER
2457,خدا لعنت کنه اونی ک این بوقت شام رو ساخت یکی از فامیلای ما هر جایی ک میره با استوری هاش ما رو نموده : بوقت شام بوقت سینما بوقت تئاتر بوقت درد خب بوقت آلت خب د لامصب اون شام یعنی سوریه نه اون کوفتی ک مرگ میکنی میزاری استوری.,ANGRY
2458,از آقای #آذری_جهرمی بایست سپاسگزار بود بابت اعلام صادقانه عدم موفقیت پروژه ماهواره بر پیام علیرغم توئیت های نامناسبی که به اشتراک گذاشتند. پذیرش شکست اولین گام موفقیت است.,HAPPY
2459,برای اینکه کمتر ناراحت بشی ، از اطرافیانت کمتر توقع داشته باش .,OTHER
2460,گل نرگس قشنگم، کاش هیچ وقت پژمرده نمیشدی تو نمیدونی چه قدر دوستت دارم,SAD
2461,"""تو هفت سینِ مسئولان کشور """"سفره ی انقلاب"""" از مهم ترین """"سین""""هاست""",OTHER
2462,آيت الله ⁧ جنتي ⁩ ٩٢ ساله كه همزمان رئیس مجلس خبرگان، عضو مجمع تشخیص مصلحت نظام و عضو شورای عالی انقلاب فرهنگی است ، امروز گفته مشكل ايران مشكل مديريتي است و بايد مديران جوان به ميدان بيايند!,SURPRISE
2463,چی هر خر سگی میخواد برا پلیس شاخ بشه جا پلیس بودم یک روز با ملت قهر میکردم اونوقت قیافه هاشون دیدن داشت ???,OTHER
2464,کتاب #نگاهی_به_شاه رو تموم کردم و دیدم دارم با شاه همذاتپنداری میکنم. ممکنه بشه همین همذاتپنداری رو با خمینی یا استالین هم کرد. مسأله اینه که خشم از جمهوری اسلامی و عدم دسترسی بی واسطه به گذشته، امکان تحلیل صرفاً «تاریخی» رو از آدم میگیره و قضاوت عاطفی و با حب و بغض قبلی است.,OTHER
2465,من همین الان دویست میلیون تومان گرفتم نه از ترس بلکه برای معامله,OTHER
2466,دلشوره و هراس تازهای به جانم افتاده؛ مبادا مصداق این توصیف هولناکت شده باشم؟! «قل هل ننبّئکم بالأخسرین أعمالاً؛ ألّذین ضلّ سعیهم فی الحیاة الدنیا و هُم یحسبون أنهم یحسنون صنعاً» رهایم نکن که من بیتو هیچم...,FEAR
2467,کاشکی این بحثا تو جنوب بود میدونستیم چطور خواهر مادره کسی که زور میگه بگاییم متعسفانه تهرانه دوره .نمیدونم چرا حمله نمیکنن ملت مثه جنون دارا که این کسکشا بفهمن از این به بعد با مسعله ای طرف هستن که حتی ممکنه کشته شن نه اینکه فک کنن تفنگ باعث ترس میشه,ANGRY
2468,مسئولان: مکاتب دخترانه اله سای کاپیسا ساختمان ندارند #مسئولان #مکاتب #دختران #کاپیسا…  …,OTHER
2469, صدای مکالمه خوبی داره لمسش خوب هستاین فیلم رو بطور اتفاقی چند هفته قبل، جایی دیدم. در خصوص رسوایی تجاوز چند ده کشیش به کودکان و نوجوانان در یک شهر آمریکا و لاپوشانی کلیسا. اونهایی که در ماجرای #تجاوز_به_دانشآموزان دارند از غرب مدینه فاضله می سازند، حتما این فیلم رو ببینند!,OTHER
2470,عجب طوفانی شد رشت ، چه سیلی میباره از آسمون! :))),SURPRISE
2471,کودکی در منطقهای محروم خطاب به مسئولان: «ما هم انسانیم..ما هم می خوایم زندگی داشته باشیم.. نمیشه که شما فقط برید برا خودتون زندگی راحتی داشته باشین» رونوشت به مسئولین محترم  #Iran,SAD
2472,پ ن: من به افراد میانی این خیریه ها هیچ کاری ندارم چون خودشون هم نمی دونن دارن تو چه پازلی بازی میکنن و اگر نیان به این توئیت ها انتقاد کنن جای تعجب داره... ولی افراد اصلی و البته اصلی تر می دونن دارن چی کار میکنن,SURPRISE
2473,عاشق که باشی معذرت خواهی کردنش هم مثل دوستت دارم به دلت میشینه,HAPPY
2474,نه عصبیم نه دیوونه جرقه که میزنید باید آتیش گرفت,ANGRY
2475,چه زمانی میخواد نگاه و اجماع بیشتری به #بازی های رایانه ای بشه رو نمیدونم ولی واقعا وقتشه یکم بیشتر #فکر کنیم. پخش 20 دقیقه ای یک رویداد #گیم در سطح کشوری اصلا راضی کننده نیست. از اینکه چهره قهرمان #فیفا رو فقط 30 ثانیه دیدم هم اعصابم رو بیشتر خورد کرد. #مسابقه #فیفا18,ANGRY
2476,رهبرانقلاب: عدالت در صدر هدفهای اولیه است./ و صریحاً میگویم آنچه تاکنون شده با آنچه باید میشده و بشود، دارای فاصلهای ژرف است. در جمهوری اسلامی، دلهای مسئولان به طور دائم باید برای رفع محرومیّتها بتپد و از شکافهای عمیق طبقاتی بشدّت بیمناک باشد. #گامدوم,OTHER
2477,???دمتون گرم ملت، حالا شد، وقتی پشت هم باشیم این بی ناموسا مجبورن کشورمون رو بگذارن و فرار کنند برن گم شن بیرون از ایران,HAPPY
2478,امروز رو میخوام خیلی خوب شروع کنم، یعنی میخوام یه روز خیلی خوب و شاد برام بشه دور از انرژی ها منفی و ناراحتی! #روز_خوب #شادی,HAPPY
2479,روز جوانو به اونایی که تو جوونی پیر شدن تبریک میگم.,SAD
2480,اهل غزنین لعنتش کردند اهل ری بهر او دعا خواندند وی نه دعا شنید، نه لعنت را وی به راه خود می رفت...,OTHER
2481,""" """"خیلی خوشگلهطعنه سردار حاجی زاده، فرمانده نیروی هوافضای سپاه به وزرایی که در خصوص fatf به رهبری نامه دادند: مسئولی که برای مسئولان رده بالا شرط می گذارد و می گوید باید فلان کار انجام شود والا چنين و چنان می شود، باید کنار گذاشته شود #ترکمنچاه""",ANGRY
2482,اعصابم خورد شد سر این ایتم نود,ANGRY
2483,آیا انتقاد از مسئولین در جمعی که آنها حضور ندارند،#غیبت محسوب می شود؟ جواب: انتقاد از عملکرد نادرست،که به صورت علنی انجام شده است،غیبت محسوب نمیشود و اشکال ندارد،ولی نباید به گونه ای باشد که موجب تحقیر یا اهانت به اشخاص یا تضعیف نهادهای #نظام_جمهوری_اسلامی شود.,OTHER
2484,درمیانه ی این مناسبتهای دردآورومشمئزکننده، ۱۵بهمن ماه سالروزتولداسطوره ی ابدی وبی بدیل آزادی وآزادگی #داریوش_اقبالی بزرگ بزرگوار را تبریک میگم. مایه امیدمون برای پایداری و استقامت دربرابر همه ی این سختی ها,HAPPY
2485,دنبال کسی باش که بی دریغ بگه دوستت دارم نه کسی که مجبور باشی بپرسی دوستم داری...,OTHER
2486,گفت مگه شوخی نکردی؟ گفتم نه و به قدری توضیح دادم که چرا آنقدر عجیبه و اینو تا حالا ندیدی و ... با اینکه همه چی رو بهش گفتم توییترم دید ولی بازم یه گوشه ذهنش باور نکرده هنوز.,OTHER
2487,ولی واقعا عصبانی هستیم از همه چی! به خودم و اطرافم نگاه میکنم همه شاکین، لعنت به ج ا که تو جوونی پیرمون کرد,ANGRY
2488,بابا خجالت بکشید، شرم کنید، چند شب قبل مرد شصت ساله جلوم گریه میکرد میگفت بچه هام یک ساله گوشت نخوردن، گه زدین به مملکت حالا تازه یادتون اومده گوشت قرمز سرطان زاست، اگه از سرطان روده بزرگ نمیریم از دست شما سکته میکنیم میمیریم. …,ANGRY
2489, فروشنده خود دیجی کالا بودنفسم بند نفسهای کسی هست که نیست... چقدر سنگینی میکنه روی سینم غم نداشتنت،نبودنت دقیقا الان نیاز دارم که کنارم بودی. قبلنا وقتی میترسیدم،تا غصه دار میشدم اولین نفر میفهمیدی همین که دست میکشیدی رو سرم،همه چی تموم... انگار آب روی آتش... مامانی امروز وحشتناک دلم هواتو کرده,SAD
2490,تیم عالی پارسالمون کجا و این تیم کجا:(,SAD
2491,مثل هر شب،دوباره اعصابم... باز هم آلپِرازولام خوردم #شیفت_شب,ANGRY
2492,و ریده شد تو اعصابم قبل ارائه :(,ANGRY
2493,نسلی از ما بابت شادیهامون به شهرام شبپره بدهکاریم، بابت غصههامون به داریوش اقبالی و بابت حیرت ناتمام زندگیمون به حسین پناهی!,OTHER
2494,میت 10 پرو خیلی بهتر از اینه. هردو رو داشتم که دارم میگم. این گوشی فوق العاده ظریفه یعنی باید دائما این وحشت رو داشته باشی که اگه از دستت بیفته دو سوم پول گوشی رو برای ال سی دی هزینه کنی. یکی از بزرگترین ایرادات سامسونگ قیمت وحشتناک ال ای دی هستش. که مث اب خوردن امکان شکستگی هم دارن,FEAR
2495,"""شرط بسته اند""""""",HAPPY
2496,امروز بخاطر عجله ، يكي از فايلهاي وُردم بهم ريخت كه يه سكشن به سايز A3 ايجاد شد همه صفحات بايدA4 ميشد كه نيازمند اين بود اين سكشن اضافي پاك شه و هر كاري ميكردم پاك نميشد به قدري غرق اين موضوع مسخره شدم كه واسه اينكه كارم راه بيفته تنها كافي بود سايز سكشن دو رو تغيير بدم,OTHER
2497,دزدی که شاخ و دم نداره...تویی هم که داری جنس تقلبی رو به عنوان جنس اصل میفروشی تویی هم که جنس فروخته شده ی خرابت رو پس نمیگیری تو یی که جایگاهی نداری و اینجوری دزدی میکنی تو حق نداری از دزدی مسئولان شکایت کنی چون تو هم به اندازه خاوری دزدی بدبخت فقط جایگاهت در سطح پایینی هست,ANGRY
2498,من اعصابم خورده ها :),ANGRY
2499,نسبت شهروندی چنان با فضای مجازی آزادانهتر درهمتنیده است که بسیاری از فعالان این فضا، خود را «شهروند-خبرنگار» میدانند. بنابراین آموزش شهروندی، که نسبت فرد را با جامعه، نظم اجتماعی و حقوقی و سیاسی تعریف و تبیین میکند، امری آگاهیمحور است که کمک میکند کمتر قربانی خشونت شود.|۲۸,OTHER
2500,سرانجام رای دادن های پیاپی و اعتماد به مسئولان گناباد #گناباد #گنابادی,OTHER
2501,۲۳ سال باهاش رفیق بودم، نزدیکترین بود، رفیقام بود، گاهی برادر بود، بیست و سه سال از عمرام بود. امشب بعد از چند سال به خودم جرات اینو دادم برم سر قبرش. میرم رفیقام را ببینم. باهم خوب باشیم آدمها به طرز غافلگیر کنندهای دیگه نمیتونند نفس بکشند.,SAD
2502,بدم میاد تو هر کاری که میخوایم بکنیم باید سیاست به خرج بدیم! چرا نمیشه صاف و صادق باشیم باهم؟,HATE
2503,سپهر شهیدی قمصری دانشجوی بهائی ترمِ پنجمِ رشتهِ مهندسی عمران به دلیل پیروی از آئین بهائی، از موسسه آموزش عالی سینای شهر کاشان اخراج شد! #زندگی_در_تبعیض #بهائیان_ایران #حق_تحصیل محرومیت بهائیان از تحصیل,SAD
2504,من می دونم چرا خیلیاتون براندازی رو به تخمتون گرفتین می دونم چرا خنده و خوشی رو به رفاه کلی جامعه ترجیح دادید،چون سیرید چون همیشه بابا آورده خوردید چون دستتون به دهنتون می رسه،ولی من خیلی شبا نون و ماست خوردم باور کنید من کودک کار بودم،من نمی تونم بی تفاوت باشم,SAD
2505,اينجا كه همتون آدمای خوب و بافرهنگ و باشخصيتی هستيد پس اين زامبيای وحشی و بی فرهنگی كه تو خيابونا ميبينيم كیان؟ شما کجایین پس؟,SURPRISE
2506,ج.ا در اتش خشم ملت ایران خواهد سوخت,ANGRY
2507,روز آخر اربعین ۹۶ خستگی وحشتناک، بیخوابی، گرما، در یک چادر معطل اتوبوس ها بودیم و سه روز بی حمامی برای منی که هر ۲۴ساعت یک بار باید حمام کنم! که یک هو حسینِ من سر میرسد و به زور و با لهجه زیبای کودکانهاش به همه آب تعارف میکند رنگی کرد دنیای خاکستریمان را #NewProfilePic,HAPPY
2508,"""در واقع, هیچکس از گفتن """"دوست دارم"""" به کسی که بهش علاقه داره؛ ترسی نداره؛ترس دقیقا واسه بعد از گفتنش هست؛ ترس از سرد شدن طرف مقابل؛ و یا شاید بی تفاوتی؛ در واقع ترس از واکنش طرف مقابل؛مگه آدم یه نفر رو چندبار میتونه از دست بده...!!""",FEAR
2509,طبق گزارشهای رسیده حجم انبوهی پول از طریق فرودگاه های کشور توسط مسئولان نظام در حال خارج شدن است عکس ارسالی توسط یکی از کارکنان فرودگاه,OTHER
2510,تا عاقلان راهی برای خندیدن بیابند،دیوانگان هزاران بار خندیده اند! روزگارتان دیوانه وار شاد..,HAPPY
2511,بعضی وقتا برای یه سری آدم خاص که نمیتونم حرفامو بهشون بزنم؛ به هر دلیلی؛ جمله رو بدون فعل رها میکنم خودشون باید حدس بزنن چی میخواستم بگم اینجوری خوبه به شرطی که بعد نیان هی بپرسن چی بود چی بود و مجبورم کنن به دروغ گفتن اینم یه راه دیگه فرار کردن...,OTHER
2512,به چند نفر ممبر اکتیو و خلاق جهت هدر دادن وقت به صورت شاد و خوش گذشتنی نیازمندیم ترجیحا خوشگل و خوش لاس :)) …,HAPPY
2513,"""ژانر """"دیشب نمازشب خواندم و کنون هم روزه دارم"""" کلا یک ژانره که بروزش در اینستا نمایش موفقیت و شادی کاربر و سفرها و پارتی کردنشه و در توییتر نمایش بافرهنگی یا رعایت و اطلاع از حقوق اقلیتها و... در نهایت: من رو ببینید. بیشتر ببینید.""",OTHER
2514,به نظرم موندگاری سه چهار ساعته و پخش بوی عالی واسه این عطر خیلی خیلی عاالی و عجیبه. واقعا خوب بود,HAPPY
2515,خدا تا به حال برای هیچکس کاری انجام نداده و منبعد هم انجام نخواهد داد.,OTHER
2516,مخبر دزفولی از #شورای_عالی_انقلاب_فرهنگی رفت؛ عاملی، گزینه منتخب دبیری شورا در جلسه امشب شورایعالی انقلاب فرهنگی #سعیدرضا_عاملی با رای اکثریت آرا به عنوان گزینه دبیر شورای عالی انقلاب فرهنگی انتخاب شد.,OTHER
2517,انتخاب نقاشي و مقاله ي اينجاب در مورد تجاوز در سايت خبري شوراي مركزي اِكس مسلم در اسكانديناوي جهت ديدن اثر و خواندن مقاله  تجاوز/ : #Not_to_rape #نه_به_تجاوز #metoo #ايران_آزاد_خواهد_شد #freedomartist #nottoforcedhijab #saraamiirrii #masihalinejad,OTHER
2518,ی مدت هست که وقتی میخوام تولد کسی و تبریک بگم، مخصوصا اگر از نزدیکترها باشه، نمیدونم چی بهش بگم! آرزوهای خوب؟شادی؟سلامتی؟ به هر چی میخوای برسی؟.. جدیدا میگم امیدوارم که همیشه پر از حس خوب باشی! به نظرم عمیقترین حرفی هست که میشه زد.,HAPPY
2519,ببخشین من بیمه سامان دارم و سالی پونصد هزار میدم اگ همین مقدارو ادامه بدم ، بعد بازنشستگی چقد بهم میدن ، در واقع فرمول محاسبشو میخام.,OTHER
2520,این پسر کی بود باید اونجا بودم میگاییدمش حالا اینا دورشن دارن تماشا می کنن بابا فکر کنین خواهر خودتون عجب پسر دیوسی?,ANGRY
2521,یکی از ترسناک ترین خوابهایی که میبینم دویدن تو کوچه های تو در تو، تنگ و باریک به دنبال گمشده ایه! هراسان میدوم و پیداش نمیکنم... صبح که چشم باز میکنم، خسته، ناامید و درمانده یادم میفته گم نشده که، فقط نیست...بعد این کابوس تو بیداری با یه شکل دیگه ای ادامه پیدا میکنه، تمام روز!,SAD
2522,"درود عزیزان کیفیت این محصول, بار سنگین نامشو به دوش نکشید: این مجموعه تنها به درد مصرف خانگی نرمال می‌خوره. یعنی اگه در منزل کار فراوان دریل کاری و... دارید,کیفیت این محصول راضیتون نخواهد کرد. شاد باشید",SAD
2523,""" """"من خرید شگفت انگیز داشتممن تو تابستون افسردگی میگیرم از روزای بلند هوای گرم آفتاب داغ بیزارم عاشق شبای بلند و سرمام البته اینکه همه اتفاقای بد زندگیم تو تابستون افتاده هم بی تاثیر نیست""",SAD
2524,وقتی میگم پنل نون قرض دادن میشه میگید نه. شاهد پنل معرفی ادنتورک دیجیکالا بودیم. احسنت احسنت #dmday,OTHER
2525,دوباره پرخوری عصبیم شروع شد ، اماده باشین دفعه بعد که منو ببینین دوبرابر شده باشم,ANGRY
2526,من برای کادو خریدم،  کارایی بالا نداره،  جنسش مشخصه ارزون قیمت و پایین رده هست، در حدی که روم نشد کادو بدم.  البته قیمت این ساز هم حاکی از این مطلب هست،  شاید من توقعم بالا بود.,SAD
2527,جاهای دیگه مردم با دیدن پلیس احساس امنیت و آرامش میکنن اینجا مردم از ترس پلیس به آتش نشانی پناه میبرند #پلیس_داعشی,FEAR
2528,دو تا رفيق دارم كه نسبتا باهاشون صميمى ام ولى تو اينستا انقد چرت و پرت استورى ميكنن كم كم داره ازشون بدم مياد,HATE
2529,همون لحظهایی که خامنهایی امروز تو سخنرانیش از حقوق بشر آمریکا انتقاد میکرد؛ چماقداراش زنان زندانی رو وحشیانه داشتن کتک میزدند. #زندان_قرچک,SAD
2530,""" """"قیمتش در شگفت انگیزه مناسبه . گوشی های موبایل متعارف رو قشنگ دو بار شارژ میکنه """"خیلی کیفیت کار بالاستاعصابم خورده""",ANGRY
2531,از جمله اخلاقای گندی که اطرافیان میگن دارم اینه که وقتی از کسی ناراحت میشم دلیلشو نمیگم بهش,SAD
2532,برای سردبیر روزنامه مردمسالاری تولد گرفتیم کلی خاطره طنز تعریف کرد پوکیدم از خنده:))) یه عکس هم از لحظه بریدن کیک ازش گرفتیم که خیلی خنده دار شده، هی میرم نگاه میکنم میخندم:))))) انقدر عکس ضایعی شده که میگه پخشش نکنید آبروم میره:))))) اخه چقدر این مرد ماههخدا حفظش کنه,HAPPY
2533,""" """"تجربه لذت بخشیهعجب صبری خدا دارد...""",SURPRISE
2534,یه جا کامنت گذاشتم حیوانات بوی آدرنالین انسانو حس میکنن و فلان ملت دک و دهن خودشونو جر دادن که آدرنالین بو نداره . باشه اون چیزی هم که باعث میشه سگ وحشی بشه و حمله کنه هم بوی شاش منه نه آدرنالین.,ANGRY
2535,یه جوری اعصابم خورده که ...,ANGRY
2536,وای  اینو عالی کار کرده، وقتی بلد نیستی جواب سوال رو، ولی امیدواری استاد یه ۰.۲۵ یا ۰.۵ نمره مرامی بهت بده :))) …,OTHER
2537,قابلیت جدیدم اینه که از چت کردن متنفر شدم. به هر صورتی که هست.,HATE
2538,کیفیت بدنه اش اصلا خوب نیست و همش میترسم بشکنه، از طرفی به راحتی نمی شه باهاش کار کرد و خاصیت ریلی اش سرکاریه. قیمتشم به نظرم به حجمش نمی ارزه، پیشنهاد می کنم مدل های دیگه رو بخرید.,SAD
2539, من بعد یک هفته استفاده دارم این نظر رو مینویسم ، در یک کلام بگم واقعا عالیهنمیدونم چندتا انگشت داری که فکر میکنی انگشت شمارن تعداد مربیانی که تو دنیا حقوق و شرایط عالی دارن ولی میدونم تا قبل ایشون برای نرفتن به جام جهانی از بین همین تیمای دربهداغون چه دو دستیها که بر فرق سرت نزدی:)))),OTHER
2540,یه کارفرما خرپول داریم همکارام مواظبن با من رو در رو نشه همه مطمئنن در صورت ملاقات باتوجه به اخلاق جفتمون خرخره همدیگه را خواهیم جوید.من از پولدارا بدم نمیاد چندشم میشه فقط,HATE
2541,متآسف شدم از حرفای دردناک این پدر ، این دخترخیلی بچس چه فعال مدنی ؟ برادرش چ تقصیری داشت چراانقدر ظالم وبیرحمن پس بااین مدلرک مشخص شدشاه ظالم نبودکه فیلم ساواک میساختن این حکومت ونظام قاتل ومجرم ودزدن که به مردم رحم نمیکنن,SAD
2542,""" """"سلام دوستان۷۲۴خیلی بده اعصابم امروزخوردشدرفتم برای ایرانسیل نت ۷خورده ای بگیرم ۷۰خوردی گرفتم اشتباه یک ماهه""",ANGRY
2543,گر سنگ از این حدیث بنالد عجب مدار #یاحسین_میرحسین #ملاقات_محصورین #حصر_باید_بشکنه,OTHER
2544,گفته بودی هر وقت که شعر مینویسی دوستم بدار نمیدانم از این همه شعر نوشتن است که دیوانهوار دوستت دارم یا از این همه دوست داشتن که دیوانهوار شعر مینویسم ...! #ارکین_اوختای,HAPPY
2545,مثلا چقدر موافقید اگر قراره برای کسی هدیه بخرید من یه پرسشنامه ده سواله آسون بهتون بدم برم برای فرد مورد نظر با بودجه انتخابیتون هدیه بخرم و بسته بندی کنم براتون بفرستم و سی درصد بودجه رو به عنوان درآمد بردارم؟ ریتوییت کنین مخلصتر میشم. #بازارکار,OTHER
2546,متاسفانه در داخل کشور هم شاهد پديده عجيبي هستیم که برخی كه فرياد استكبار ستيزي آنها گوش فلك را كر كرده است از سر خود باختگی يا خود کم بینی نمی توانند تصور کنند که ایرانی ها بتوانند در عالی ترین سطوح جهانی وارد مذاکره شده وحقوق ملی خود را به دست آورند.,SURPRISE
2547,سه زن درویش محبوس در زندان زنان قرچک صبح امروز هنگام مطالبه وسایل شخصیشان که از ۲۳ خردادماه توسط مسئولان زندان ضبط شده است با دستور محمدی رییس زندان قرچک مورد ضرب و جرح دوباره قرار گرفتهاند. …,SAD
2548,نمیدونستم قاجار اینقدر بیهویت شده که باید زیر برج شهیاد محمدرضا پهلوی بری با لباس دلقکها عکس بگیری ؟ من از شاه و شاه بازی متنفرم(چه پهلوی چه قجری)، اما اگه من شاه بشم لقب تلخک دربار رو میدم به #بابک_قاجار که خیلی برازندهس #پهلوی #قاجار #دوره_شاه_بازی_تمام_شده,HATE
2549,شاد باشید همیشه بلند خندیدن و شادبودن بدترین انتقامی هست که از این روزگار تلخ میشه گرفت.,HAPPY
2550,امروز از #کی_روش درباره پیشنهاد بازی آرژانتین و کلمبیا پرسیدم و گفت اگر واقعی باشه، از تهران تا دبی روی زانوهاش راه میره؛ بهش گفتم سند دارم و صدام کرد تا سند رو نشون بدم. این کارو کردم و بلافاصله اطلاعیه دادن کیروش بیخبر بوده، اما منتظرم روی زانوهاتون تا دبی برید عالیجناب!,OTHER
2551,مثل اینکه یه مفسد اخلاقی بین میوه ها پیدا شده #نارنگی,OTHER
2552,آخه مادرجنده چاقال تو جای یه چک نداری واسه دختر شاخ شدی,ANGRY
2553,عجب کشیده ای زد،روزگار,SURPRISE
2554,منارجنبان را نلرزانید!!! سال هاست که برای کسب اندک درآمد از محل بلیط فروشی و از روی کنجکاوی گردشگران مناره های این اثر تاریخی لرزانده می شود. دیروز مقابل چشم های خودم تکه آجری از بدنه مناره کنده شد و به زمین افتاد. مسئولان کجا هستند؟ طبق معمول در خواب.,ANGRY
2555,عجب کیفیتی داره این محصول,SURPRISE
2556,"""دیشب از دومین بچه گربهای که ماشین از روش رد شده بود و """"چشمش"""" زده بود بیرون عکس گرفتم... موقع رانندگی جلوتونو نگاه کنید پ.ن خون دوست دارم، عکس گرفتم، دلیل نمیشه از مرگش ناراحت نشم""",SAD
2557,اینقد بدم میاد منشنی که میخوام بدم قبلش یکی دیگ داده باشه/:,HATE
2558,توضیح بیشتر اینکه، ترامپ در حال حاضر موفقیت خوبی (از نظر جامعهی امریکا) در کرهی شمالی بدست آورده. نیازی زیادی به برهم زدن برجام نداره. از اونجایی که بر هم زدن برجام ممکن ه اون موفقیت کره شمالی رو هم به خطر بندازه.,OTHER
2559,از ویژگیهای زیبای دیگه که تورها دارن ترسناک بودنشون در عین رومانتیک بودنشونه. توی لباسهای از جنس تور همزمان میشه یه پری یا یه شبح بود. هر چیزی از پشت تورها شبیه رویا و جادو، مبهم و وهمناک و رازآلوده,FEAR
2560,به به چه هوایی، عجب صورت ماهی,HAPPY
2561,از اون دسته دزدایی که پشت دین و مذهبشون قایم میشن، یا با خنده یا مظلوم نمایی حق دیگرانو میخورن، خیلی بیشتر بدم میاد. شرف دزد بودن هم ندارن!!,HATE
2562,متنفرم از اینایی که سر جلسه #امتحان برگه اضافه میگیرن چجوری عاخه انقد مینویسین که جا کم میارین،چی مینویسییییــن!؟ اَه (-_-),HATE
2563,قرار بود آقای رئیسی رای نیاره که حضرات روحانی و اصلاحطلبان همراه دیگر مسئولان لشکری و کشوری با سخنان نابخردانه کشور رو به سمت #جنگ ببرند؟! قرار بود با رای بنفش سایه جنگ از سر کشور برداشته بشه! قرار بود حرفهای هزینهزای احمدینژادی تکرار نشه! چی شده؟! سکوت کردین!؟,ANGRY
2564,ترسناک تر از تحریم API های گوگل ، تلاش دو کسب و کار انحصار طلب اسنپ و کافه بازار برای تولید نقشه بومی هست . مطمعن باشید SDK نقشه ای که صاحبش کافه بازار باشه ، خودش یه تهدید واس استارتاپ های کوچیکه . #کافه_بازار #گوگل #اسنپ #نقشه,FEAR
2565,اون جملهای ک میگفت اگر نری بهش بگی “دوستت دارم” یکی زودتر از تو میره بهش میگه! چقدر بدم میاد از اونایی ک زودتر از اون آدمی ک باید؛ میاد میگه رسماً تو روح این دنیا و آدماش,HATE
2566,  متاسفانه من انجیل نخواندم و از محتویات ان اطلاعی ندارم و نظری نمیتونم بدم ، اما قرآن را چند بار خوندم و هیچ چیزی که بر ضد بشر و یا به ضرر آن و یا مخالف دین های دیگر نوشته باشه ندیدم ، هر آنچه هست در تائید دبن های دیگر و در تکامل آن است ، من پیشنهاد میدم وقت لزار و یکبار قرآن را مطالعه کن,OTHER
2567,سرزمینی که در آن: کودکان در مدرسه میسوزند به کودکان در مدرسه تجاوز میشود ممنوعیت ازدواج زیر ۱۳ سال برای کودکان در مجلس رد میشود یعنی امنیتی برای کودکان وجود ندارد جالبه در این سرزمین عده ای دم از ازدیاد جمعیت میزنند!!!! مگر جمعیت آینده را کودکان نمیسازند؟؟؟ #دیکته_آتش,SAD
2568,حقيقتش سر در نمي آورم به چه ميخنديد! اگر فكر ميكنيد پهلوي در اميد بستن به آمريكا براي تغييرحكومت به غايت بر خطا و ضد منافع ملي عمل كرده است، نهايتا اين مساله اي غم انگيز است!اينكه اپوزوسيوني وجود دارد كه تا اين حد در شكاف با مواضع شماست قطعا هولناك است. خنده بركجاي اين قصه رواست؟ …,SAD
2569,افسردگی کم مونده بهم تجاوز کنه,SAD
2570,#NAME?,HATE
2571,یکی از بزرگترین تفریح های زندگیمنگاه کردن به تریلر فیلمهاییه که هیچ وقت قرار نیست نگاهشون کنم,HAPPY
2572,""" """"یکی از بهترین ادکلنها با بویی خاص و چهار فصل خداحافظ ای شعر شبهای روشنببینید ریشه اکثر بدبختی های این مملکت کجاهاس ربطی هم به دولت های رنگارنگ نداره #سد_گتوند #خوزستان #ایران #آب_شور  …""",OTHER
2573,"""برانکو گفته: """"بازی میکنیم که نگن ترسو و بزدل هستیم"""" غیرمستقیم استقلال رو قهوه ای کرد پروفسور =)))))))))))""",FEAR
2574,ما نه تنها از دین ک از انسانیت هم فاصله گرفتیم شرم برما که این صحنه هارو میبینیم و هنوز نمردیم,SAD
2575,خوب شد بالاخره بعد از یکسال یک تیم از ژاپن پیدا شد که روند موفقیت پرسپولیس رو متوقف کنه وگرنه این دوستان هیچ دکلی رو روی زمین پیدا نمیکردن,OTHER
2576,سیاست در ایران همچون جوان ماجراجویی است که نه غم پدر دارد و نه پروای مادر. میتازد و هزینه میسازد. اکنون دیگر شانههای لاغر و استخوانی پدر(عامه مردم) تحمل این نانخور فربه را ندارد؛ اما فرزند(راس هرم حاکمیت) همچنان به آرزوهای دور و درازش میاندیشد.,SAD
2577,دروغ، اغلب تنها مبین این ترس است که مبادا حقیقت خردت کند. دروغ انعکاس حقارت ماست. کافکا,FEAR
2578,پدرمو ساعت ١٠ صبح به دليل خون سرفه شدن آوردم بيمارستان از ١٠ صبح تا الان چيزي نخوردم اعصابم داغون و از گرسنگي حالم داره بد ميشه پدرمو هم نميتونم تنها بذارم,ANGRY
2579,ما حق شادی داریم چرا بلد نیستیم?,SAD
2580,به اون یکی گفتم خسته ام از این همه ناحقی که در حقم شده ، با خدا قهرم به خاطر این خشم بی پایانش نسبت به من . گفت چطور میخوای با کسی که باهات قهر کرده و محل نمیزاره قهر بکنی ؟ بغض کردم و با ناخن هام بازی کردم,SAD
2581,"""میگه، """"گاهی آدم دلش فقط یک دوستت دارم میخواهد، که نمیرد!"""" راست میگه...""",SAD
2582, و خنده را باید به هم هدیه بدیم,HAPPY
2583,خشونت کم با چاشنی شوخی وگرنه کی جرعت داره جدی جدی.... …,OTHER
2584, عااااااالیعجب اپلیکیشن خوب و بهدردبخوریه این #پاکزی. اگه شما هم مثل من زبالههاتون رو تفکیک میکنید، پیشنهاد میکنم حتمن استفاده کنید. هر وقت بگید، میآن در خونهتون، کیسهی زبالهی خشکتون رو تحویل میگیرن، کیسهی جدید میدن و بابتش هم یه مبلغ کمی پول میگیرید. خیلی هم منظم مرتبن.,HAPPY
2585,شبای زمستون واسه من پر از تاریکی و غم و ترسِ,FEAR
2586,وای به روزی که مردم چشمشون رو ببندن خشم رو فریاد بزنن,ANGRY
2587,زندگی عجیبه اما این عجیبترش میکنه که اتفاقای کاملا عادی باعث چیزای عجیب میشن، نه حمله ufoها یا...,SURPRISE
2588, چی قیمتییکی از بهترین پیج های خنده اینستاگرام را همین الان فالو کنید,OTHER
2589, عجب رویی دارید شماها. مردم رو به نکبت و مذلت انداختید، بازم دست از دروغ برنمیدارید. تاریخ  از شما بعنوان حقیرترین موجودات یاد میکنه. مسیح سواد رسانه ای نداره؟ شما  انقلابیون متحجر دارید. ?,ANGRY
2590,این نهاد های حکومتی که واسه ۲۲بهمن پیامک تبریک میفرستن درست مثه اینه که ما روز تولدمون به فامیل پیامک بدیم و تولدمونو تبریک بگیم همینقدر احمقانه,OTHER
2591,مسئولان چندبار خبر #صیادی_چینیها در خلیجفارس رو رد کردند اما بهگفته منابع محلی در #بوشهر ،نه تنها این روند جریان داره که برداشت و صادرکردن میگو توسط چینیها باعث شده تقریبا #میگو تو بازار این شهر نایاب شده. علاوهبراین بسیاری از ماهیگیران بوشهری بیکار شده و اجازه صید ندارند,SAD
2592,تو شگفت انگیز‌خریدم برای خواهرم هدیه کردمش واقعا با قیمتی که خریدم اونم تو این وضیعت طلا یه هدیه خوب و مناسبه یکم نازک هست اما چون شکلش‌یکم پهنه نازکیش به چشم نمیاد,HAPPY
2593,يه روزايي دوست داري با خنده به مردم سلام كني اما ته دلت نمي شه ته دلت نمي خواي... #آتش_نشان,SAD
2594,عادتها همه جای زندگی مارو تسخیر کردن. تصمیمهای روزمره مثل بستن بند کفش یا تصمیمهای مهمتر مثل سیگار یا ورزش یا حتی تصمیمهای حیاتی سیاستمدارها اغلب از روی عادتهایی هستن که حواسمون به بودنشون نیست. کلید موفقیت یک شخص، سازمان یا یک کشور در طراحی عادتهای صحیح نهفته است.,OTHER
2595,زمان ما کارنامه ها یه نمره ای توش داشت،الان شده :خوب، بد، عالی. فکر کنم برای نسل بعد تو روبیکا اولیا پیام میاد اینطوری : کارنامه فرزند دلبندتون: ورزش () هنر() املا () فارسي () جغرافي () ریاضی (),OTHER
2596,عجب طراحیه منحصر به فردی داره,SURPRISE
2597,بالاترین آمارِ فرار فرار از خوده واقعییه !,OTHER
2598,مطالبه از دادستان کل کشور: عباس #آخوندی را محاکمه کنید امضا و اشتراک گذاری این مطالبه در تلگرام:  … دیده بان #شفافیت و عدالت هر هفته پرطرفدارترین مطالبه را کتبا از مسئول مربوطه درخواست و نتیجه را پیگیری میکند سامانه طرح مطالبه از مسئولان:,OTHER
2599,آرش جان شرمنده که هیچ کاری نمی تونم برات انجام بدم و احساسم هیچ فایده ای برای شما نداره اما بخدا قسم که وجودت برای ما فایده و من از شما و خودم و وطنم شرمگینم,SAD
2600,یجوری اعصابم متشنجه که نمیتونم کار کنم,ANGRY
2601,هیچگاه عقلای ایران اندیشه تجاوز به خاک کشورهای دیگر را نداشته اند همیشه حرف این بوده که ما باید از لحاظ ارضی وضع کنونی خود را نگاه داریم و استوار کنیم. پانایرانیسم ما باید جنبه دفاعی و فرهنگی داشته باشد نه تهاجمی,OTHER
2602,هیچوقت از غیبت کردناتون ناراحت نشدم چون همیشه به ی شکلی ب گوشم رسیده پشتم چی میگین. عب نداره بگین بزار بهتر بشناسمتون:/,SAD
2603,در رابطه با توئیت مربوط به خونه باید بگم که اونچیزی که منو عصبانی کرد این نبود که بهم گفت افسردگی پس از زایمان دارم. که بعدش داشتم و حتی قبل از زایمان :) چیزی که میره رو اعصابم اینه که هرتصمیم یا رفتاری که برخلاف میلشون باشه رو به این ربط میدن، اونم نه از سر همدردی و درک متقابل,ANGRY
2604,وقتی مجبور باشی سالی یک بار دوره پولشویی رو بگذرونی ، کاملاً #Fatf رو بلدی . چند بار اومدم توضیحش بدم ، حوصله ام نشد . ولی بازم خدا رو شکر که تصویب شد . بر خلاف تصور خیلی ها ، منافعش، در جهت معاملات بانکی خیلی زیاد هست .,OTHER
2605,از این جوجه فعالین سیاسی روزنامه-خبرنگار اصلاح طلب حقوق بشری متمدن نماها متنفرم و اون ارزشی نادون رو ترجیح میدم بهشون.از اون لحن و لبخندهای شخمی از اون ادعای فضل پیرمردیشون متنفرم که تو دایرکت یا جاهای دیگه درون کثیف و بیمار و دروغگو و هَوَلشون میزنه بیرون.,HATE
2606,باید #صداوسیما و دستگاههای تبلیغاتی تصویر درستی از اقدامات دولت منتقل کنند. البته بیان انتقادهای منطقی اشکالی ندارد، ضمن اینکه بخش عمدهای از تصویرسازی درست از دولت وابسته به عملکرد مسئولان است. مسئولان باید به میان مردم،کارگران و صنایع بروند و از نزدیک باآنها ارتباط برقرار کنند.,OTHER
2607,من تنها در نظامی میتوانم زندگی کنم که رقابت میان احزاب و قوا،ازادی رسانه و مطبوعات مانع از تمرکز قدرت شوند.نظام دموکراتیک مورد پسند، رسانه را ازان مردم میداند. نه دولت و سرمایه دار! اگر رسانه مردمی نباشد، شاهد توده ی سرگردان خواهیم بود!,SAD
2608,"""توی خریدش شک نکنید""""""",HAPPY
2609,انسانيت بايد شرم كند ؟ كه ببيند و فرياد بر نياورد در زندان، با بیماری دیابت و مشکل قلبی ولی محکم و استوار مثل کوه داغ تسلیم شدنش رو به دل زندانبان گذاشته درود بر عزمش #SaveArzhang,SAD
2610,توی فرهنگ ما اصلی به نام موفقیت وجود نداره یا کم وجود داره...اغلب ما داریم فیلم بازی میکنیم و هدف نهایی و دقیق در نظر نداریم,SAD
2611,وای اعصابم خورد شد,ANGRY
2612,یه روز یه منطقدانی بچهدار میشه، فرداش میاد پژوهشگاه (؟) دوستش بهش تبریک میگه و میپرسه: «آقا مبارکه! پسره یا دختره؟» منطقدان میگه: «بله» #هارـهارـهارـهار …,HAPPY
2613,سایز متوسط سفارش دادم کوچیک فرستادین...قیمتش چیزی نیست که عودت بدم ولی خوب کاری نکردین,SAD
2614,سئوال امشب نظرسنجی #نود: کدام یک از این دو اتفاق بیشتر شما را خوشحال میکند؟ ۱. موفقیت تیم محبوبتان ۲.,HAPPY
2615,#اسماعیل_بخشی_ربوده_شد اسماعیل بخشی را میبرید؟ منو میبرید؟ رفیقم رو میبرید؟ اخرش چی؟ میتوانید ملت راهم سرکیسه کنید و ببرید؟ منتظر طغیان خشم ملتی از جان گذشته باشید! منتظر روزی باشد که عدالتی سخت اجرا خواهد شد!,ANGRY
2616,هر یک از ما یک #دیکتاتور یا #شیطان_درون داریم که به واسطهی آموزههای اجتماعی و خانوادگی رشد میکنند. اغلب عاملان دخیل در این واقعهی #آزار_و_اذیت در #سیرجان خودشان قربانی تعاملات و اموزههای ناخداگاه اجتماعی هستند. دروغ که بکاری خشم درو خواهی کرد. …,ANGRY
2617,فقط قیافه ی رامبد از کسشعر این حرومی داشت شاخ در میاورد هنگ کرد??,SURPRISE
2618,نتیجه سانچی مشخص شد / ایران، پاناما و بنگلداش:کوتاهی خدمی کشتی سی اف کریستال حادثه آفرین شد / چین و هنگ کنگ نظری نظری برعکس دارند #PMO: دقایقی قبل از حادثه افسر شیفت کشتی کریستال بدون توجه به مقررات و نحوه صحیح جابه جایی شیفت ها در سفرهای دریایی؛ شیفت خود را تغییر داده است,OTHER
2619,مادر #سینا_قنبری: کاش سکوت نمیکردم، نمیگذاشتند حرف بزنم. پسرم خودکشی نکرده، او را کشتند. فاطمه مالایاننژاد به  گفته پسرم خودکشی نکرده، در زندان کتک خورده بود، وقتی جنازه پسرم را گرفتيم نمیگذاشتند حرف بزنم. مسئولان قضایی گفته بودند او در زندان خودکشی کرده است.,SAD
2620,خدایش بیامرزاد و روحش شاد ایشان از چهره های ماندگار در سینمای ایران به شمار می روند,SAD
2621,دولت چقدر بی شرم،چقدر بی حیا،چقدر بی شرف و بی آبروست که واقعیتهای فلاکتبار و شرم آور جامعه را مثل فقر،بیکاری،مرگ پول ملی،تورم چند صد درصدی گرانی وحشتناک،اعتیاد،فحشا،دزدی واختلاس مسئولان همه را مخفی میکند و به ارایه آمار دروغین می پردازد.,ANGRY
2622,باسلام راستش من نظرموجودروخوندم خواستم پس بدم ولی اشتباهابازش کردم ولی چسبش ضعیف نیست من جااسپندی روهم بهش اویزون کردمولی کنده نشد,OTHER
2623,آن که می گوید دوستت دارم دل اندُه گین شبی ست که مهتابش را می جوید ای کاش عشق را زبان ِ سخن بود #شاملو,SAD
2624, خداحافظ ای قصه عاشقانهمن از بی ادبی بدم میاد ولی اینجا با افتخار میگم خفه شو مرتیکه متزور درغگو?????,ANGRY
2625,یادمه اون قدیما آدمای شاخ اسم بلوتوث گوشیشون یخ فروش جهنم بود.. هرکی اینو میذاشت خیلی شاخ بود یادتونه؟,OTHER
2626,لعنت به همه ی آهنگایی که منو یاد تو میندازه... مخصوصا آهنگ کلاه قرمزی که میگه: سلام الاااااغ عزییییز... حالت چطوووووره؟؟ #مطهری #صادقی و لیست پر بار امید #حرف_حساب,HATE
2627,"یه بار به یکی از همکارا خیلی اروم و درگوشی و با ببخشید خواهش میکنم گفتم ادامس نترکون, زد زیر گریه, امروزم واسطه فرستادم به یکی دیگه از همکارا توضیح بدن که ادامس نترکونه وارد فاز خشم اژدها شد, چتونه خب؟ #میزوفونیا",SURPRISE
2628,شنیده ها حاکی است آقای #رئیس_جمهور در جلسات ۲-۳ هفته اخیر با #فیلتر_تلگرام موافقت دارند ولی زمان اجرا را مناسب نمیدانند، علیالظاهر شورای عالی اطلاعرسانی و ادمین اینستاگرام از این موضوع بیاطلاع بودند.,OTHER
2629,این ترس و حیرت از #ابراهیم دست از سر ما برنمیداره,FEAR
2630,بیا نزدیک خیلی نزدیک هرچند فاصله برایم معنی ندارد با خنده تو از خودم بیشتر احساست میکنم بخند که تلخی فاصله ها برداشته میشود بخند خنده ات جانی تازه بر جسم و روحم میدمد #بخند ماهان,HAPPY
2631,شادی روح شهید صلواتی هدیه کنید. به امید گوشه چشمی. #شهید_احمد_کاظمی #شب_زیارتی,SAD
2632,این سیستم دزدپرور است.چپ و راست هم ندارد. اصلاحطلبهایی که ادعا میکردند پاکدست هستند از ترس از دست رفتن موقعیتشان به اصلیترین بازوی پروپاگاندای حکومت تبدیل شدند و حتی ظلمها را کتمان میکنند و مردم را کرکس و لاشخور مینامند #کاخ_خاتمی,ANGRY
2633,اعصابم داغون بود داغونتر شد نشد ما یه سر به این خراب شده نزنیم ریده نشده به اعصابمون,ANGRY
2634,امیدوارم تدبیر جمعی از نمایندگان محترم مجلس برای #ملاقات_محصورین با تدبیر و دوراندیشی مسئولان ذی ربط توام شود. #رفع_حصر,OTHER
2635,اول سراغ معلمها آمدند سکوت کردم چون معلم نبودم. بعد سراغ دانشجوها آمدند سکوت کردم زیرا دانشجو نبودم. بعد سراغ #کارگران آمدند سکوت کردم چون کارگر نبودم. سراغ خودم که آمدند، دیگر کسی نمانده بود تا به اعتراض و کمک برآید,SAD
2636,خواهشمند است ترتیبی داده شده تا مردم میهن دوست امکان ارسال کمک های نقدی برای درمان نازایی مسئولان را داشته باشند #ژن_خوب #منفعل_پرادعا #عارف,OTHER
2637,تجسم مسئولان صدا و سیما از پویول,OTHER
2638,"""خیلی باحاله""""""",SURPRISE
2639,گاهي هم بايد چهل سال بگذره تا بفهمي داگ واكينگ براي اينه كه سگه لذت ببره، نه صاحبش,HAPPY
2640,از بیمارستان میام دوستم بخاطر رتبه بد خودکشی کرد :) مامان و باباش حتی حاضر نشدن بیان بالا سرش! واقعا یه رتبه انقد ارزش داره ک همچین بلایی سر دخترشون بیارن ؟! اعصابم بشدت کیریه,ANGRY
2641,جهانگیری شرکت هایی که از ایران بخاطر تحریم، خارج شدن رو تهدید کرده که در حافظه تاریخی ایرانیان ثبت میشن. البته رلست گفته ولی مسئولان هم با اندکی رشوه مانند قضیه بازگشت پژو و توتال، کل تاریخ رو بازنویسی می کنند. #جهانگیری #دولت_تردید,OTHER
2642,شعتتتتت من بین دوترم مث خر کار میکردم فهمیدم خانوادم میرفتن هتل کوثر تفریح خب یه کلام به منم بگین از وقتی فهمیدم کمبود محبت پیدا کردم,SAD
2643,عجب قمر در عقربیه مملکت ???,SURPRISE
2644,همهی لذت ها یا حرومه یا گرون,SAD
2645,کسی میتونه برای طراحی هویت بیزینس و UI وب سایت تک صفحهایش در قالب پروژه کمک کنه؟ کم میخوام اما عالی میخوام. #ریتوییت,OTHER
2646,طرف به کسی که تجاوز میکنه میگه مریض روانیه نمیشه اعدامش کرد :| اخه چاقاااال اون مریض روانی نیست یه حشری حرومزادس که به دختر بچه تجاوز کرده,ANGRY
2647,همیشه نباید دختر و پسرایی که صرفا دنبال رفع نیاز مالی یا جنسی تو رابطه ان و محکوم کرد باید واسه این نوع تربیت و اموزش تاسف خورد وقتی هنوز تو نیاز های اولیه شخصیشون موندن و راهکاری واسه رفعش ندارن طبیعیه که نتونن نیازهای عالی مثه دوست داشتن و دوست داشته شدن و درک کنن,SAD
2648,الان به حدی عصبیم که حتی فحش دادن به مسافر تازه رسیده هم آرومم نمیکنه:/,ANGRY
2649,میشه به اون فرستنده لعنتی پیامک هاتون بگید خفه شه از صبح بالای 10 تا پیامک فرستادی ریدی تو اعصابم لعنتی #ایرانسل,ANGRY
2650,دستور کارش اینه: نقد و اعتراض را با تهمت قاتل بودن جواب بده و لشکر زامبیها را بفرست سراغشان!,OTHER
2651,قبل از انقلاب در استان سمنان تعداد محدودی واحد تولیدی فعالیت داشتند که پس از گذشت 40 سال از عمر انقلاب، اکنون تنها در شهر سمنان بیش از 500 واحد تولیدی مشغول به فعالیت هستند که نشان از توانمندی و موفقیت انقلاب اسلامی دارد. #چهل_سال_سازندگی #بعثت_انقلاب,HAPPY
2652,۶ سال است در دیار خراسان چشم انتظار نسیمی از #تدبیر_و_امید هستیم، حال که به واسطه #قانون_منع_بکارگیری_بازنشستگان توفیقی اجباری برای تغییر این رویه نامطلوب فراهم گردیده است بازهم خبرهایی به گوش میرسد که نه نشانی از تدبیر دارد و نه امیدی باقی میگذارد. #استاندار_خراسان_رضوی,SAD
2653,از وقتی قالیباف رفت دیگه از بانک شهر بدم میاد,HATE
2654,امان از دست انسانها تا زمانیکه واسشون کار میکنی و بار میبری با نیرنگ بهت میگن چه آدم خوبی ولی همینکه به باطن اونها پی میبری و بهشون انتقاد میکنی درونشون بیرون میریزن و هزار مارک و برچسب بهت میزنند و شبونه تو را تو خیابون به امان خدا در یک کشور غریب رها میکنند,SAD
2655,خدارو شکر با این همه دشمنی وکینه ورزی و زخم زبان که نصیبت میکنن با روحیه و شاد و سرزنده ای مسیح جان. لبت خندون دلت شاد شادیت پایدار????,HAPPY
2656,خانم دکتر صدا عروسکیه تودل برو و با نمکه.ولی ای بابا.بیخیال.بدبختی داریم خروار خروار.کج و نرسیده.خودم برا خودم کافی ام,SAD
2657,این دخترا اشتباه میکنن امیدی ب حمایت مردای این امت نداشته باشن.این مردم فقط تخصص خایه مالی خایه خوری آدم فروشی ضعیف کشی دارن هر کسی زرنگه فقط فرار کنه از این کشور شاید بقیه عمر چهار روز خوش ببینیم,ANGRY
2658,از این میترسم قبل از اینکه بتونم خودمو درست بشناسم، بمیرم,FEAR
2659,نه عزیزم، موفقیت با بردن متفاوته.,OTHER
2660,"""به جا """"دوستت دارم"""" بگي """"يادت باشه"""". يا مثلا به جاي اينكه بپرسي “دوستم داري” بپرسي “يادته”؟ #remember""",OTHER
2661,ملت دارن از بین میرن خدایی رضا شاه روحت شاد ???,SAD
2662,داشتم بررسی می کردم مهمترین تغییرات مورد نیاز در دولت برای بهبود وضع چیست، دیدم کافیه بانکها ، حوزه بهداشت و درمان، محیط زیست ، صنایع نفت و گاز و معدن، آموزش و پرورش، آموزش عالی، سازمان برنامه و بودجه، جهادکشاورزی، مالیات و .... تغییر کنن تا بشه در مرحله اول اوضاع رو بهتر کرد.,OTHER
2663,"""بدیش در مقابل خوبی هاش هیچی نیست""""""",HAPPY
2664,فرق ترکمانچای با #ترکماچاه اینه که اولی تو زمان قاجاریه بود دومی تو زمان فریدونیه شباهتش اینه هردو فکر میکردن تاریخ این ننگ رو فراموش میکنه. همونطور که نسل امروز به فتحعلیشاه لعنت میفرستند نسل آینده هم به متولیان برجام و CFT و پالرمو,HATE
2665,دو صبح متوالی راننده تاکسی اعصابم جویید که چرا پنج تومانی دارید و خرد ندارید. این تخلیه و غر زدن روزی تمامی دارد؟,ANGRY
2666,اعصابم خورد میشه ازین مسخره بازیا میخوام بترکم,ANGRY
2667,من اینجوریام که روزایی که سر کارم و کار خاصی برای انجام ندارم،اعصابم بهم میریزه مثل الان,ANGRY
2668,آفرین، همون بلایی که سر شادمهر عقیلی آوردید رو سر چاوشی هم بیارید بزاره بره. ریدم تو اون احمق هایی که برا هنر باید مجوز بدن.,ANGRY
2669,""" """"ماسک موی خیلی خوشبو و خوبیه ، من تو همون اولین  استفاده نتیجه شو دیدم موهای فر مو کاملا به حالت اول برگردوند و خیلی تاثیر گذار بود.کارت های فرار مالیاتی و کارت های اجاره ای چقدر در انتخابات نقش تعیین کننده دارند؟ هیات نظارت حافظ سلامت انتخابات باشد. #انجمن_جوانان #بازرگانان_جوان #جوانان_امروز_در_کنار_جوانان_دیروز #اتاقی_برای_همه #انتخابات_اتاق_بازرگانی #انتخابات_نهم""",OTHER
2670,حالا چرا چین دراجرایی چنین سیاستهای خوب و عمل کرد وکشور ما دچار این همه مشکلات شد.رمز و راز موفقیت چین این بودکه به جای نابود کردن نهادی های قدیمی به امیدکه نهادهای جدید خود به خود ظهور خواهند کردبه بنگاه های جدید سرمایه داری اجازه داد تا در چارچوپ همان نظام موجود فعالیت ورشد کنن,OTHER
2671,کاش تو هر کشوری دیگه ای جز ایران متولد میشدم ،من ناسیونالیست ترین ادمی بودم که هیچکی حتی نمیتونه شبیهش بشه ولی الان از خودم و وطنم و هموطنام متنفرم,HATE
2672, عجب حرفی ??,SURPRISE
2673, اما از بیرون خریدم. گارانتی تعویضم داشت اونم به مسئولیت خود مغازه#پاردوکس عجیبی رو تجربه کردم: سخنران بسیار اروم و با طمانینه داره حرف میزنه، و چندبار تاکید میکنه داره «باسرعت» از اسلایدها میگذره عجیبتر اینکه سخنران از #طراحی_تجربه_کاربری حرف میزنه ومتوجه خنده حضار نمیشه. نمونه واقعی از فاصلهی اسلاید تا طراحی تجربه و محصول #userx2018,SURPRISE
2674,میخوام به یکی پیشنهاد دیت بدم. هی دارم با بهانههای مختلف عقب میندازم. شاید بهتر باشه نندازم. #nightthoughts,OTHER
2675,وحشت افرينى دو باره تروريسم در اروپا، ريشه هاى اين تروريسم از اسلام آباد تا رياض و دوحه و امارات امتداد دارد، اينها همه متحدان غربند!,FEAR
2676,کاش آقایون مسئولان نظام و بانک مرکزی این رو بخونن و کمی شعور داشته باشن. …,ANGRY
2677,متآسفانه سایز دقیق دور مچ را قید نکرده و چون بند ساعت قابلیت تغییر سایز ندارد ، نتوانستم سفارش بدم.,SAD
2678,روحش شاد ویادش گرامی,SAD
2679,متاسفانه خوی وحشی ما تو روزمره معمولاجذب دیکتاتورها میشه ودموکرات ها رو ضعیف و خنگ می بینه ولی باید تمرین کنیم، باید هوش خرج شده پشت فهیم بودنشون رو ببینیم و متوجه باشیم که انسان مدرن خشم و قدرت طلبیش رو بالانس می کنه،تقویت نمی کنه.,SAD
2680,اينها از افاغنه مزدور مقيم ايران هستند ! ولي افسوس از ترس مردمي كه فقط نظارگر هستند !!,SAD
2681,چهل سال خشم خوابیده چهل سال انتقام روزای خوبی رو که حق مردم بوده رو ازشون گرفتین این مردم دیگه ساکت نمیشینن,ANGRY
2682,اینا چرا وحشی شدن,SURPRISE
2683,همیشه از ارتفاع وحشت داشتم، اما بعد از اون تصادف وقتی توی جاده از کنار جاهای مرتفع رد میشم، رسما میمیرم و زنده میشم.,FEAR
2684,دخترم سر میز صبحانه از مگس حرف میزنه؛ مگسه پسر خوبیه دستاشو میشوره من باهاش حرف زدم فرار میکنه بلا مگسه منو بوس کرد,OTHER
2685,به بازیگرای گات عکس ماتحت کاراکترهای سریال را نشون میدن اونا هم باید حدس بزنن برای کی هست منهدم شدم از خنده,HAPPY
2686,عجب من چهار ساله دارم سعی میکنم منو بشناسن اما بازم فرداش فراموش میشم و کارت میخوان دیگه برام عادی شده  …,SURPRISE
2687,من ترشی انداختن یاد بگیرم و با موفقیت یه دبه درست کنم با خیال راحت میمیرم!  …,HAPPY
2688,پدرم شاپور بختیار به هیچ عنوان پادشاه فقید را مجبور به خروج از ایران نکردند. این را صریحاً اعلام میکنم. پدرم جزیره کیش را پیشنهاد کردند، پادشاه نپذیرفتند. پدرم به من: پادشاه به شدت نگران و افسرده بودند. روان هر دو شاد.,SAD
2689,شما خبرنگاری که در دانشگاه معتبر تحصیل کرده و چنین روحیه شارلاتان ستیزی و شجاعت در بیان آنچه سزاوار است در ایران و تلویزیونهای اپوزیسیون قلابی نمیبینید. ظریف یک شارلاتان بین المللی است که همانند گوبلز باید در دادگاه مردمی بابت بزک کردن چهره وحشی ج.ا باید محاکمه شود …,ANGRY
2690,ملاک خامنه ای برای انتخاب مسئولان رده بالا میزان نفرت مردم است. هر که بیشتر از چشم ملت افتاده باشد پیش آقا عزیزتر است.سیستم قضایی در نظام اسلامی روز به روز فشل تر شده و با مدیریت #لاریجانی آنچه در آن یافت نمیشود عدل است و حالا آقا با پست جدید دست خوش گفت به ده سال آشفتگی قضایی.,ANGRY
2691,ما داریم با نداری و بدبختی و صبح تا شب کار کردن هزارجور مالیات و عوارض میدیم تا اون گوساله تو کانادا نماز با کیفیت بخونه و درخواست مفاتیح جدید بده به مامی! لعنت به خمینی پفیوز #چهل_سال_شکست …,ANGRY
2692,کافه پایین دانشگاه آب معدنی ۱۲۰۰ رو ۲۰۰۰ تومن حساب می کنه. شاید بگید چرا؟ چون یارو حرومزاده ست! حالا به نظرتون تعزیرات پیگیری می کنه که گزارش بدم؟,ANGRY
2693,با دنبال کردن هشتگ #MeToo به وضوح مشخصه که قربانیان تجاوز در تمام دنیا با ترس از آینده و آبرو، اقدام به خودسانسوری میکنن و هیچ سند آموزشی یونسکو هم کمکی به حل این موضوع نکرده به نظر میاد که تنها راه نجات، احیای نقش خانواده در سبک زندگیست #تجاوز_به_کودکان_شوشتر,SAD
2694,من ۷۲۴رو نصب دارم ولی چجوری باید نظر بدم ؟,OTHER
2695,به همه ماموران انتظامی به ویژه گشت ارشاد میگم سال آینده سوراخ پیدا کنید خودتون و خانواده تون برید پنهان بشید تا گرفتار خشم مردم نشید,ANGRY
2696,گوشیم هی هنگ میکرد، اعصابم خورد شد خواستم داد بزنم بگم گوشیم خارش گاییده شده، وسطاش یادم افتاد که تو خونه ام، داد زدم: اه گوشیم خااااار اب شده ! بابا گفت چرا اینجوری حرف میزنی؟ گفتم چاجاری؟ گفت تو چرا آدم نمیشی؟ گفتم نامادانام! به خیر گذشت,ANGRY
2697,روسیه،چین،هند بیش از38درصد جمعیت جهان را تشکیل میدهند.این میزان با در نظر گرفتن کشورهای جهان اسلام نزدیک به45درصد جمعیت جهان را شامل میشود.جهان مسئولان ما اما فقط دو قاره دارد:آمریکا و اروپا رهبر انقلاب امروز: نگاه به غرب و اروپا جز معطل ماندن،منت کشیدن و کوچک شدن فایدهای ندارد.,SAD
2698,#طنزخبرروز - اعتراف به شکست فیلترینگ و ترس از فضای مجازی …,FEAR
2699,من هنوز پشت این پنجره ها برای گذشته ها دست تکان می دهم شاید این آخرین تفریح من است برای عمری که از دست داده ام! #فرزین_مرزوقی,SAD
2700,""" """"کلا ناامیدتون می کنهبامیلو مسخره بازی در نیار چرا قیمت را یهو ۳۰ تومن گرون کردی گذاشته بودم تو علاقه مندیها این هفته سفارش بدم با این قیمت کمتر کسی سفارش میده کلاًً بی خیال شدم""",SAD
2701,این زمین ها همه یه روزی شالیزار بوده.. به دلیل عدم رسیدگی مسئولان به نیاز های کشاورزان و نیز جدیدا کم آبی هم مزید بر علت شده تا کشاورزان #ب_رنج بیافتن و زمین های کشاورزی را از زیر کشت خارج کنن تا بفروش برسد! #گیلان_بی_آب,SAD
2702,موفقیت چشمگیر او به دلیل پوشش خبری #جنگ و انقلابها و #مصاحبه با رهبران و سردمداران دولتهای بزرگ میباشد.,OTHER
2703,آماتوریسم یکی از بزرگترین و دیرپایترین آفتهای اپوزیسیون رژیمِ ولایتِ فقیه است؛ به این معنی که طرزِ تفکرِ غالب بر اپوزیسیون سیاست را امری غیرحرفهای میانگارد که به شیوهای هیأتی و رفاقتی و همتِ عالی و پارهوقت قابلِ پیشبرد است.,OTHER
2704,تبریک دکتر!لطفا با لغو مصوبه پر خسارت خصوصی سازی آموزش پزشکی افزایش کیفیت آموزشی پرداخت کارانه ماه های گذشته پزشکان و مشکلات بیمه خاطره خوبی برای اعتماد برحق ملت به جا بگذارید.,OTHER
2705,جزبدبختی چیزی نیسا دربه دردنبال یه وام ۲۰ملیونی هستم پول ندارم بخوابونم حساب جنس خریدم شریکم میخوادجداشه پول ندارم بهش بدم بازارهم خوابیده نمیتونم جنسموبفروشم الان این خاطره شیرین ونوستالژی خدمت شمابانک ملی عزیز ومسئولین محترم,SAD
2706,این همه خشم و نفرت از کجا میاد,ANGRY
2707,دیگه رد دادم مجبورم فحش بدم خوب آخه مردیکه لاشی حرومسگ کی راضیه کی بیست دوم سگمن اومده بود خودتون رو خر خر کردید,ANGRY
2708,چون غمت را نتوان یافت مگر در دل شاد ما به امید غمت خاطر شادی طلبیم,HAPPY
2709,به این معنی که در برابر «پان» های دیگر، مانند پانتورانیسم یا پانعربیسم که قصد تجاوز از حدود ارضی خود دارند، مقاومت داشته باشیم,OTHER
2710, جی بی ال مارک خوبیهعجب گلی خوردن :)))))),SURPRISE
2711,مال ما و شما ندارد. طلاب و علما از مملکت و امکانات آن استفاده کنند انگار مردم استفاده می کنند. البته ما هم از حال و مشکلات مردم بی خبر نیستیم و اندکی ذهن ما را مشغول و ذره ای دل ما را به درد آورده که انشاا... با خوردن این ترکیبی وحشی دل دردمان خوب شود. #طلبه_وحشی #اخوند_ترکیبیزن,OTHER
2712,بر پدر و مادر هر چی مردم آزاره لعنت,ANGRY
2713,دلم میخواد حمیرا رو بگیرم ببندم به صندلی با موچین دونه دونه موهای ابروشو بکنم والا بقرعان دیگه ریده تو اعصابم,ANGRY
2714,چرا تو اپلیکیشنتون گزینه پیش بینی نیست نمیدونم چطور باید رای بدم,OTHER
2715,و مردمی که فرار می‌کنند که در تصویر نباشند، ترس تا عمق وجود این مردم ریشه داره,FEAR
2716,از لبخند های اجباری توی سلام علیک ها متنفرم,HATE
2717,وقتی با برادرت یکسری اشتراکات کاری داشته باشی همین میشه که یه همچین پیامی راجع به کاری که انداختن گردنم برای جفتمون میاد و جر میخوریم از خنده,HAPPY
2718,تک تک کوچه پس کوچه های این مرز و بوم بوی خون می دهد. خون جوانانی که در جنگ پرپر شدند. بوی کشتار ۶۷. بوی گلوله و اعدام. بوی اسید و بوی تلخ تجاوز. متنفرم از روزهایی که با روزمرگی طی شد. چهل سال چه آسان گذشت و هنوز هم بوی خون می آید.. #RaminHosseinPanahi,HATE
2719,-چه کردی با خودت؟ -جانم دکتر، چیزی نشده که، فقط درد دارم. -میگم چه کردی با خودت؟ -سیگار اوردی دکتر؟ -تق، تق... بیا... -دکتر، بلندترین ارتفاعی که رفتی کجا بوده؟ -تو که میدونی از ارتفاع میترسم من. -آره دکتر، اما وقتی بپری، دیگه ترس نداره...,FEAR
2720,یه ربع توی سرمای منفی ۲۰ درجه توی باد وحشی، تا زانو تو برف، منتظر اتوبوس وایساده بودم که چی؟که برم التماس کنم بگم بخدا یه موقعی برا خودم کسی بودم.نگاه نکن الان اینطوری له و داغونم.دوباره خودمو ثابت میکنم و با کله خراب زمزمه میکردم: این همه سگ دو برای چی؟کجارومیخوای فتح کنی؟,SAD
2721,#NAME?,SURPRISE
2722,درود . فعالان کارگری و مدنی زندانی باید آزاد شوند تا بیش از این حقوق شهروندی آنها پایمال نگردد . اسماعیل بخشی و علی نجاتی فعالان کارگری سندیکای نیشکر هفت تپه ، سپیده قلیان فعال مدنی ، عسل محمدی فعال کارگری ، میثم آل مهدی فعال کارگری گروه ملی فولاد اهواز ...,OTHER
2723,نه در بازار و نه مایکت و نه سایت بانک نتونستم جدیدترین نسخه اپ بانک شهر را پیدا کنم که سفارش بدم,OTHER
2724,من این بازی رو کپی خورش رو ریختم بعد نشد دگ دانلود کنم اعصابم داغون شد,ANGRY
2725,یاد کادو تولدی که واسش خریدم و تحویل نگرفته افتادم اعصابم خرد شد,ANGRY
2726,آمد بهار دلها/ ای شاخ تر ب رقص آ #عيد_المبارک #ربيع_الأول #ربيع,HAPPY
2727,"""دفعه ي بعدي كه يكي بهم پيام بده بگه """"هك انجام ميديد؟"""" چي جوابشو بدم خوب باشه؟""",OTHER
2728,اون ۱۰ گورخر بود جا به جا کردن ۵ تاشون مردن. اون ۵ تای دیگه ام فرار کردن,OTHER
2729,""" """"توی شگفت انگیر خریدمکشاورزان میگویند آب زاینده رود برای مصرف صنایع و کشاورزان استان یزد انتقال مییابد. مسئولان میگویند فقط حدود۴%آب انتقالی از تونل کوهرنگ به زاینده رودبرای مصرف آب آشامیدنی به یزد میرود.""",OTHER
2730,ساده بگویم #می_آییم_چون دوستت دارم حضرت دلبر #راهپیمایی_۲۲_بهمن,HAPPY
2731,چند وقته اعصابم از این همه وقتی که توی دانشگاه هدر میره خیلی بهم ریخته. واقعا چرا باید یک ترم تمام بریم سر کلاس بیهودهای که استادش عملا وقت تلف میکنه و میشه یکی دو روز برای امتحانش خوند و پاس شد؟ از ترم یک تا به حال شاید در مجموع 10واحد داشتم که ارزش سرکلاس رفتن داشتن.,ANGRY
2732,سلام برشهیدان لعنت برخمینی وخامنه ای وهمه دارودسته های آنان #IStandWithMaryamRajavi #FreeIran2018 …,HATE
2733,#کودک در منطقهای محروم خطاب به مسئولان: «ما هم انسانیم! ما هم می خواهیم زندگی داشته باشیم! نمیشود که شما فقط بروید برای خودتون راحت زندگی داشته باشید»,SAD
2734,روحش شاد انشااله بقیه هم عبرت بگیرن,SAD
2735,اعصابم خورده. شاید هم نرم.,ANGRY
2736,توانمندی لیلا حاتمی و باران کوثری اگر ربط به مافیایی داشته باشه موفقیت همایون شجریان هم از جرگه همون مافیاست...توانمندی و هوش و ذکاوت و هبرگی اگر به ارث رسیدنش مافیاست که کاش همه ما مافیایی بودیم,OTHER
2737,برای جلوگیری از فرار هم وطن ها جهت پناهندگی به اروپا و کانادا و استرالیا : #ایران_را_پس_میگیریم,OTHER
2738,۱۲ گزارش یکشنبه ۱۴ بهمن۹۷ #زابل اعتراض مردم به بیکاری خرمآباد اعتراض مردم سیل زده درحضور رئیس دفترروحانی #اهواز تجمع اعتراضی فرهنگیان کارون و باوی #گچساران تجمع اعتراضی کارگران سد چمشیر روستای مچریه، دشت آزادگان ـ خشم و اعتراض کشاورزان #اعتراضات_سراسری  …,ANGRY
2739,کمرش، زیر بار تجمل و تفرعن مسئولان ویلا نشین له شده است! #لهک,SAD
2740,یه کاپل جلوم دارن شام میخورن و جفتشون مثل اسب آبی ملچمولوچ میکنن. چطوری از هم متنفر نمیشن؟!,HATE
2741,چرا مبارزه کنیم؟ 1.برای این که به عنوان یک انسان، آزاد زندگی کنیم. 2.برای این که برده نباشیم. 3.برای این که از رفاه برخوردار شویم. 4.برای این که حق انتخاب داشته باشیم. 5.برای این که در ترس و وحشت زندگی نکنیم. #IStandWithMaryamRajavi #polandsummit #چهل_سال_دیکتاتوری #براندازم,OTHER
2742,کسبوکارهایی که در حوزه طلا هستند و در فضای مجازی فعالیت میکنند، طبق قانون باید از اتحادیه کشوری کسبوکارهای مجازی مجوز بگیرند؛ بر اساس دستورالعمل شورای عالی پول و اعتبار، فروش اینترنتی سکه ممنوع است ولی فروش طلا بلامانع است اما باید با مجوز صورت بگیرد رضا الفت نسب,OTHER
2743,درود به شرفت که درین وانفسای اضطراب ودلهره؛با دَم گرمت قلبهای یخ زده رو امید میبخشی.۱۲۰ سال زنده باشی مادرجان #جاویدشاه,HAPPY
2744, شارژشدن خودش خیلی طول میکشه به نسبت مدلهای دیگهدرسته ترسیده ، اما همین که حتی با ترس اینکارو کرده یجور شجاعته ، غلبه بر ترس?,HAPPY
2745,مردم همه ناراضی که این چه مملکتیه که داریم؟؟ جالبه که مسئولان کشور هم ناراضی اند میگن این چه مملکتیه داریم؟؟ یه مشت ناراضی جمع شدیم تشکیل مملکت دادیم.,SAD
2746, تو شگفت انگیز خریدماگه حس خوبی نسبت به محسن نامجو دارین بدونید که حستون کاملا درسته همونقدر خاکی و صمیمیو بی آلایش ، امروز که باهاش داشتم در مورد کتاب دراب مخدوش حرف میزدم حس کردم ۱۰ سال میشناسمش... این بشر عالی و به شدت عجیبه.,HAPPY
2747,امشب از اون شباست که بدجور اعصابم کیریه. فقط می خوام قش بدم چون عرضه ندارم کسیو بزنم,ANGRY
2748,"""یاللعجب! آنان که روزگاری شهید را """"کشته"""" می نامیدند، امروز پیروزی شهید زنده، حاج قاسم را به دیپلملاتها و یاران خود تبریک می گویند #وعده_صادق""",SURPRISE
2749,قبل از پایه و لنز و دوربین حرفه ای، یک #عکاس باید نگاهی #خاص وانعکاس متفاوتی از صحنه ها واحساس ها داشته باشد. لحظه ها گذراست؛ این #عکس ها هستند که ثبت شان میکنند وپنجره ای رو به #خاطره ها باز میکنند. #روز_جهانی_عکاسی را به آنها که از جنس تصویر و تصور های ناب اند، تبریک میگویم.,HAPPY
2750,من به شخصه از انتشار فایل کامل مذاکرات با تمامی مسئولان دربارا انتخابات ۸۸ استقبال میکنم. #مذاکرات۸۸,OTHER
2751, آب یخ بدم ؟ ?,OTHER
2752,ایرنا: «برخی مدعی شده بودند در جلسه امشب شورای عالی امنیت ملی، به پیشنهاد دکتر روحانی پیامرسان تلگرام به احتمال زیاد ساعت ۲۴ امشب برای همیشه از دسترس خارج میشود. یک مقام آگاه در تماس خبرنگار ایرنا این خبر را تکذیب و بی پایه و اساس خواند»,OTHER
2753,ردیفه که یه بچه رندم رو ببرین تا حرف مفت بزنه در مورد مدرسه و نظام آموزشی کشور، ولی بعدش گه میخورین بیاین نظر بدین در مورد وضعیت نامطلوب کشور و دیگر اتفاقها :|||||||||||,ANGRY
2754,۴نماینده کارگران کارخانه ایران پوپلین رشت که ۳ماه حقوقشون رو ندادند معترض شدند، بعد مدیرعامل کارخانه نزدیک عید اخراجشون کرده. تصورشم سخته نزدیک عید، حقوقتو ندن بعدم که اعتراض کنی اخراجت کنن! اینه وضع کارگران ما...,SAD
2755,ببین همه چیزت رو دوست دارم خیلی هم خوشحالم از اینکه دوستت دارم ولی اینکه همه تورو دوستت دارند اینو دوست ندارم راستشو بگم؟ منو میترسونه:)میترسم تورو از دست بدم میترسم جای منو به یکی دیگه بدی دوست دارم فقط مال خودم باشی:(فقط خودم بغلت کنم،فقط خودمو بوس کنی و فقط خودم بوست کنم!:),FEAR
2756,از همه آدما متنفرم. هیچ مسئولیتی رو نمیخام قبول کنم. ولی در موقعیتیم که هزار تا کار ریخته سرم با هزار تا آدم. کاش بشه فرار کرد...,HATE
2757,همون حرف سردار حاجی زاده... اگر میخواهید در ۱۰سال آینده صنعت خودروسازی ما از کره جنوبی سبقت بگیرد باید 2 کار انجام دهیم، یکی اینکه جلوی واردات خودرو گرفته شود و دیگری اینکه پاسپورتهای مسئولان بخش خوردو را بگیرند و مجوز خروج از کشور به آنان ندهند. #ایرانخودرو,OTHER
2758,دیشب سر یه فیلم مسخره ، از خنده داشتم زمینو گاز میگرفتم اینجور اتفاقات اگه براتون پیش اومد ، دو حالت داره یا از شدت فکر و خیال ، رد دادید یا مدتهاست نخندیدید,HAPPY
2759,وای یه روز میرم یه جایی زندگی میکنم که بتونم یه پاندا داشته باشم براش بامبو خورد کنم، اب بامبو بدم بهش،کیک بامبو براش بپزم، پیتزا بامبو بخرم براش.... ای خدا,HAPPY
2760, مثلا تو خوب حرف میزنی و کشور اداره میکنی. یه گوزوی نشسته رو مبلی که فقط تو اینستا شاخ شدی. پس ببند در اون گاله رو تا بیشتر ازین بوی گندت خفمون نکرده,ANGRY
2761,باز یادم اومد چرا از فوتبال بدم میاد هوق,HATE
2762,من باید خشم و ناراحتیم رو به آدمی که سببشه بروز بدم، اینجوری اون آدمم فرصت دفاع از خودش رو داره، وگرنه تا ابد از اون آدم بدم میاد و هیچ وقت نمیتونم دوسش بدارم:/ متاسفانه این قضیه راجع به نزدیک ترین آدمای زندگیم صدق می کنه:/,SAD
2763,چی عجب فاطی کماندوهااا نیومدن ??,SURPRISE
2764,من نمیدونم از خودم برای دیگران چه تصویری ساختهم که امروز موقع خداحافظی مدیرم، وقتی سرشکی بر دیدگانم نشست، همه مبهوت و متعجب بهم نگاه میکردن.,SURPRISE
2765, عجب پشمکی هستی,SURPRISE
2766,دوستان لطف کنین هُلم بدین که دوستای بیشتری بشناسم به راهنمایی دوستان نیازمندم. ***#متنفرم_از_این_جمله***,HATE
2767,اگه بخوایم واقع نگر باشیم ما مردم عادی با دست خالی خیلی سخت میتونیم جلوی رژیم تا دندون مسلح و بی رحم بایستیم، ما به جامعه جهانی برای محکومیت اعمال خشونت بار رژیم احتیاج داریم #WarsawSayNoToMullahs,OTHER
2768,برای خوشبختی راه درازی نروید دنبال داشتن آدم خاصی شغل خاصی موقعیت ومدرک و قیافه ی خاصی نباشید خوشبختی یعنی از همین چیزهای مثلا معمولی و دم دستی،لذت ببرید ازهمین چیزهای ساده ای که یادتان رفته روزی شبی وقتی داشتنش آرزویتان بود خوشبختی را با همین چیزهای معمولی به خانه هایتان بیاورید,HAPPY
2769, تولد تولد تولدت مباارک امیدوارم همیشه صحیح و سلامت و شاد باشی و توو زندگی ت به همه آرزوهات برسیی,HAPPY
2770,میخوام لری توییت کنم میترسم نتونید مطلب و بخونید سو تفاهم بشه . . .,FEAR
2771,چرا پیشرفت نمیکنیم؟ چرا همچنان فقر فرهنگی بیداد میکنه؟ چون چشم دیدن موفقیت همدیگه رو نداریم. چون با اون چند نفریم که با وجود تمام مشکلات، انواع محدودیتها و موانع هنوز بیخیال نشدن و دارن از جون و دل برای کار فرهنگی انجام دادن مایه میذارن اینجوری برخورد میکنیم. خیلی ئم عالی. …,SAD
2772,شده از همه چی متنفر بشی,HATE
2773,""" """"تاشو بودن این منقل و راحت باز و بسته شدنش بهترین مزیتشه. منکه خیلی از طراحیش لذت بردماز این حس غریب و بدبختی که الان دارم بدم میاد ! برگردیم دبیرستان لطفا""",HATE
2774,کنارهگیری #شطرنجباز_هندی از مسابقات بینالمللی ایران به دلیل اعتراض به #حجاب_اجباری سومیا سوامیناتان میگوید به دلیل این که میبایست در زمان حضور در ایران در مسابقات بینالمللی شطرنج حجاب بر سر داشته باشد، از حضور در مسابقات خودداری کرده است.,OTHER
2775,ایران جز معدود، کشورهایی است که، در برابر نظام ارزشی جامعه شبکه جهانی موضع جنگ دارد، هرچند که این اعلامی است وممکن مسئولان ما اینطور موضعی نداشته باشندو بی دغدغه وباآغوش باز از نظام ارزشی جهانی صحبت کنند... دکتریامین پور #رویش_منتظران,OTHER
2776,برای انتقاد از کسی که ثروتش میتونه میلیاردها دلار باشه به مدل ماشینش گیر میدن! مدل ماشین واسه میلیونرای تومنی مهمه نه برای مولتی میلیاردرا اونم ماشینای مدل پایین ارزون قیمت داخل ایران,OTHER
2777,وای چقدر ازین مسیح بدم میومد من??? همیشه با خودم میگفتم چرا اصن با خودشو پیجش کاری نداری و فلان... باید زود تر ازینا اینکارا رو میکردی????,HATE
2778,از اینکه گردنبند دزدیدن اونقدر ناراحت نیستم ک از دست خودم ناراحتم،ک چرا هیچ کاری نکردم و شوک شدم،احساس حماقت میکنم،احساس میکنم یه آدم ظعیفم ک یه شخصیت کاذب داره ک فکر میکنه خیلی حالیشه،اما امروز فهمید اون من ذهنیش نیست.پسر یه دزد نوجو چه درسی بهم داد،باید زنگ بزنم ازش تشکر کنم,SAD
2779,ده سال میشه دارم با این دوتا زندگی میکنم فکرشو میکنم یه روز میخواد تموم بشه اعصابم بهم میریزه …,ANGRY
2780, گزارشگرش فارسیه ولی طرف گمنامه نمشناسمش.  گزارشش بدک نیس ولی زیادی هیجانی نیس. اما تحلیلگرش واقعا باحاله و باعث خنده میشهبه نظر شما من سفارش بدم خوب هست,OTHER
2781,یادتون باشه ما تا ته جهنم میریم ولی برمیگردیم تبریک به همه بلند بگید…  …,HAPPY
2782, ارزش قیمتشو نداشت!از فراموش شدن میترسم از اینکه یه روز هیچکس منو یادش نباشه اگه یکی رو برای اولین بار هم باشه که میبینم اینکه یه روز اون یه نفر منو یادش نباشه ناراحتم میکنه.,FEAR
2783,خانم عزيزموضوع ترس نيس هركسي هرجورراحته نه باعينك كورچشمي,OTHER
2784,این که چلسی دیشب مورد تجاوز وحشیانه قرار گرفته باعث میشه امروز خورشید درخشانتر باشه,HAPPY
2785,دو کلمه حرف حساب از #کامبیز_حسینی، دلقک #صدای_آمریکا، و برادرش، #کیوان_حسینی، میرزابنویس #رادیو_فردا. تبریک به خانوادۀ فرهیختۀ «حسینی» برای تربیت چنین فرزندان مستعد و غیوری و ارسال آنها به رسانه های وزین دولتیِ حکومت سخاوتمند و صلح طلب آمریکا. این مغزها در ایران به هدر میرفتند.,OTHER
2786,منتظر پیام یکیام، هنوز سین هم نکرده اعصابم لهه فعلا,ANGRY
2787,گر مرا هیچ نباشد نه به دنیا نه به عقبی چون #تو دارم همه دارم دگرم هیچ نباید لحظه هاتون همیشه شاد و دلتون خوش,HAPPY
2788,"مامان عزیزم, من لو رفتم, مامان مهین, دوستت دارم, دعاهات گرفت, پناه داشته باش به خدا, روی ماهت رو دوباره میبینم, اصلا شک نکن, قران بخون, من دوباره میبینمت, به آیات خدا شک نکن, میبوسمت. دوستان و آشنایان لطفا با من تماس نگیرید من فقط به مامانم اطمینان دارم.",SAD
2789,تغییر و بهبود یک شبه تو زندگی آدم به وجود نمیآد. توی یک شرکت موفقیت به مراتب کندتره و بهبود یک کشور به همین منوال...,OTHER
2790,خر شاخ و دم نداره,ANGRY
2791,دوستم امروز زنگ زد بهم داشت پاره میشد از خنده. گفت وسط بحث فوتبال تو شرکت در مورد موندن یا نموندن تیام توی استقلال، یکی از دخترهای شرکت اومد تو بحث شرکت کنه گفت: تیام همون سیاهپوسته است که بازی با ذوب آهن تری سام کرد؟,HAPPY
2792,یک ضرب المثل معروف وجود دارد با این مضمون: «هیچ وقت با یک خوک کُشتی نگیر، چرا که تو لجن مال میشوی و او لذت میبرد!» کنایه از جر و بحثِ بیهوده با انسانهای بیهوده است. ضربالمثل را جلوی رویم گذاشتم و حفظش میکنم و به خاطر قدرتِ سکوتِ ذاتیای که دارم، شکرگزارم.,OTHER
2793, دوست دارم ازدواج کنم اما نمیتونم.  دیگه از من گذشت، دوس داشتم توی اوج جوونیم ازدواج کنم اما نشد، تا ده سال دیگه که عمرم تموم میشه دیگه ازدواج به چه دردم میخوره، آره... من دیگه متوجه این هستم که قراره تا آخر عمر تنها باشم، من از تنهایی متنفرم متنففففرم. خدا از باعث و بانی هاشون نگذره ???,HATE
2794,رهبر معظم انقلاب در دیدار اخیر با مسئولان دفتر تبلیغات اسلامی: دستگاههای مختلفی در فضای مجازی حضور دارند اما حضور در این فضا باید یک حضور جریانساز باشد. #حضور_جریانساز,OTHER
2795,آمار رسمی خشونت علیه زنان محدود میشود به آمار پزشکی قانونی در حالیکه بسیاری از زنان از ترس و یا از نا آگاهی ویا از ترس عواقب اصلا شکایت نمیکند #زنان_را_بشنوید,FEAR
2796,چرا ازینکه با لهجهی شهرتون صحبت کنید شرم میکنید؟؟ چرا با اکراه میگید که ما لهجه نداریم!! لهجه های قشنگ داره از بین میره و این یک فاجعه است.,SAD
2797,سخن بزرگان: 《من نمیتونم در این مورد نظر بدم.》,OTHER
2798,ای لعنت بهت سوزان روشن,HATE
2799,من تو پیشنهاد شگفت انگیز خریدم، راضیم اما صداش زیاد قوی نیست.,OTHER
2800,مامانم امروز فقط لب گزید حرص خورد هی گفت مامان آروم باش فقط آروم باش :)))) چقدر اعصابم کیریه خدایااا :))))),ANGRY
2801,زندگیمون شده عین وقتایی که تو مدرسه مشق زیاد داشتیم و حتی زنگ تفریح هم باید مشق مینوشتیم !,SAD
2802,اگه جریان انقلابی علم مبارزه با فساد این شرکت ها ،افشای بی لیاقتی مسئولان و به طور کل مطالبه ی بهبود شرایط معیشتی و اقتصادی رو به دست بگیره، اصلی ترین و درست ترین اصلاح خواهی رو شاهد خواهیم بود : ((تغییر وضع موجود بدون تخریب انقلاب و نظام)) #جلیلی #قالیباف #رئیسی #انقلابی_باشیم …,OTHER
2803,"""روز آخر اطفال میخوام یه نامه بنویسم بدم چیف رزیدنت، با این مضمون که """"گرد سم خران شما نیز بگذرد""""""",OTHER
2804,علیزاده طباطبایی از ابلاغ وقطعی شدن رای دیوان عالی کشور درباره #محمدعلی_طاهری خبر دادو گفت: همان ۵سال حبس که صادر شده بود، تایید شد که الان نزدیک به ۲/۵آن سپری شده/ امیدواریم آقای طاهری را طبق وعدهای که داده بودند این هفته آزاد کنند؛ چراکه ایشان بیش ازنصف حبس خودرا تحمل کرده,OTHER
2805,گشتی منو چکار کنم خدا کمک کنه هرچی ناله بدبخیمون میبینن شاد میشن,SAD
2806,برخی ازصفات #منافق منافق هر لحظه از افشا شدن چهره اش نگران است.(64- توبه) داعيه #اصلاحطلبى دارند؛درحالى كه مفسد واقعى هستند.(بقره،11) پيمانشكن و دروغگو هستند.(توبه،77) سوگند دروغ يكى از ابزاركار آنان براى گمراه ساختن مردم است.(توبه، 56) #شفافیت_آراء_نمایندگان #دار_المنافقین,OTHER
2807,شیوه زندگی بر داوری ما اثر میگذارد. تلقی مثبت یا منفی ِملتها نسبت به گُرگ بستگی به این دارد که شیوه تولید آنها کشاورزی بوده یا دامداری. در حالت اول، گرگ جانوری مثبت است چون جوندگان موذی را از میان میبرد، در حالت دوم، گرگ نامطلوب است چون به دارایی انسان صدمه میزند. #محمد_قائد,OTHER
2808,""" """"این محصول عالیییهطرف با پوشش پزشک از کالیفرنیا اومده دایرکت و هی سوال میپرسه، میگه اوضاع اقتصادتون چه طوره؟ گفتم عالی و بلاکش کردم آخه مرتیکه به توچه کشور خودمونه هر چقدر هم اوضاع داغون نباشه میمونیم و میسازیمش. هرچقدر اختلاف نداشته باشیم همه زیر این پرچم داریم نفس میکشیم و جون میدیم براش.""",ANGRY
2809,خبر رسید یک عزیزی بیمارستان هست و ممکنه فوت کنه، حالم گرفت،بعد این جملهی کلیشهای : «راحت شد، بمونه این بدبختی رو تحمل بکنه که چی» به گوشم خورد، جای اینکه مثل همیشه، به گوینده پر از حس خشم بشم، دقیقا با حرفش موافقت حس کردم. در بهتم که ناامیدی چقدر آروم و نامحسوس آوار میشه...,SAD
2810,یک دوست آمریکایی: سال 1976 در ایران زندگی میکردم. شاهنشاه پهلوی، مردمش را سهامدار میکرد و بسیار برنامه های عالی دیگری داشت برای اینکه (سطح رفاع زندگی) مردمش را بالا ببرد. #جاوید_شاه …,HAPPY
2811,آخه انصافه ؟ من انقدر دوسش داشتم كه هميشه سنگ صبور حرفاش بودم ،هيشكى مثل من به حرفاش گوش نميكرد اونوقت اون رفته نميدونم كدوم گورى خودشو مخفى كرده ،برگرررررررررررررد لطفا ، من نميتونم بدون تو ادامه بدم  …,SAD
2812,كاش نمایندههای مجلس برای اعتراض، به جاى پرچم آمريكا ويزاهاشونو آتيش ميزدن و بچهها شونو از اونجا برمیگردوندن و حساباشونو تو اونجا میبستن! #مجلس,OTHER
2813,الحمدلله. شماره هشتم فصلنامه #ترجمان هم منتشر و در کتابفروشیها و دکّهها توزیع شد. پرونده این شماره درباره شیوههای بروز خشم در شبکههای اجتماعی است. بخرید و بخوانید و هدیه دهید. #ريتوييت_لطفا,HAPPY
2814,هنوز از کوچهِ پس کوچه هایِ این شهرِ نفرین شده، بوی خون می آید! #قتلهای_زنجیرهای,SAD
2815,همیشه از شانل اتندر استفاده میکردم اینبار خواستم یه تغییری بدم و افتضاح بود. بیشتر بوی گیاهان دارویی به مشامم میخوره و من بوی گل رو دوست دارم. به سلیقه من نبود. اما پخش بوی خوبی داره و ماندگاری خیلی خوبی. اگر از بوی گیاهان خوشتون میاد مورد پسندتون خواهد بود,SAD
2816,من این دستبندو تو شگفت خریدم انقدر ریز بود که باید با ذره بین پیداش میکردی خیلی تو ذوقم خورد اصلا دوسش نداشتم دیجی تو عکسایی که مبزاری دقت کن لطفا ....به نظرم باید دیجی نمای واقعی از محصول رو بزا ره همین,SAD
2817,شهید «عبدالرسول زرین» تک تیراندازی که در دوران دفاع مقدس با ۷۰۰ شلیک موفق، «صیاد خمینی» نام گرفت. روحش شاد، یادش گرامی #شهدا_گمنام #شهدا,SAD
2818,این چند روز انقدر این بیت شعر رو شنیدم که تو مغزم همش میچرخه : خرم آن روز کز این منزل ویران بروم راحت جان طلبم و از پی جانان بروم #حافظ بیشتر از همه چیز میترسم که بره و من بمونم و حسرتش....,FEAR
2819,چقدر مشخصه که طوطی وار دارن جملاتی رو که بهشون به اجبار گفتن تکرار میکنن و چقدر  غم انگیزه این ویدیو... واقعا که آدم چجوری خودش رو به این حجم از بردگی میرسونه؟! ترس از چی باعث این همه بی خردی بعضی خانواده ها شده!؟,SAD
2820,اول سراغ بهائی ها آمدند، سکوت کردم چون بهائی نبودم. بعد سراغ ملی مذهبی آمدند، سکوت کردم زیرا ملی مذهبی نبودم. بعد سراغ دراویش آمدند، سکوت کردم چون دراویش نبودم. سراغ خودم که آمدند، دیگر کسی نبود تا به اعتراض برآید. #گلستان_هفتم,SAD
2821,فرداد روزنامه نگار خوب و خوش فکریه، امیدوارم این طرح خوب پیش بره ، اما در نهایت امیدوارم هرچقدر هم این طرح موفقیت آمیز بود، باز برگرده پیش خودمون تو بی بی سی. …,HAPPY
2822, خفه شین دیگه با این کامنتتون فقط موج منفی میفرستین و مردم رو ترسو تر میکنین. فکر میکنین کارتون درسته. فقط خفه شین لطفا یه چیز یاد گرفتین هی تکرار میکنین,ANGRY
2823,استاد جواد خیابانی همین چند دقیقه پیش به زبان عربی داشت کلماتی را با لهجه عالی بر زبان می راند، ناگهان به عربی گفت : « هرمزگان !!!» و برگ هایم بود که ریخت و به شکوفه گیلاس تبدیل شد #استاد_جواد_خیابانی #فوتبال_آسیایی,SURPRISE
2824,دلیلش میتونه یه خشم سرکوب شده باشه که همینطور جمع شده و روز به روز بیشتر شده. خشم از وضع موجود. نا امیدی به آینده. گسترش نابرابری. مقایسه وضعیت آدمهای دارای بینش عمیق با ظاهر بین های سطحی. شاید تنها جای بروز اون خشم توییتر باشه پشت اکانت های فیک و فیلتر شکنی که امنیت داده. …,ANGRY
2825,سوییسیای کسخل رفتن رفراندوم واسه بریدن یا نبریدن شاخ گاواشون برگزار کردن... آخه گاو؟ گااووو؟ گگگگگگاووووووووو؟,ANGRY
2826,وقتی که نه یاد گرفتی دولوپر باشی، نه مدیر و نه صاحب بیزنس. ولی توهم داری که همه این کارها رو عالی کردی  …,OTHER
2827,میترسم دیگه بعد از این بنایی هیچ وقت خونمون تمیز نشه,FEAR
2828,تثبیت و اجرای موفق هر طرح امپریالستی،اعم از تجاوز،کودتا یا انقلاب مخملین،امکان تداوم،گسترش و پیادهسازی طرحهای احتمالی و بعدی امپریالستی را در پی دارد و شکست هر برنامه اش،امکان عدم توانایی در تدارک جهت تجاوزات و تداخلات بعدی را.یکبار برای همیشه. #نه_به_کودتای_آمریکایی #ونزوئلا,OTHER
2829,یک شب پر از آرامش یک دل شاد و بی غصه یک زندگی آروم و عاشقانه و یک دعای خیر از ته دل نصیب لحظه هاتون شبتون بخیر,HAPPY
2830,کردستان و واکنش هوشمندانه و غافلگیر کننده مردم عملا نقشه ج ا رو نقش بر آب کرد. . چرا اهواز انتخاب شد. این سوال کلیدیست که باید پاسخ داده شود. خوزستان در چند سال اخیر کانون اعتصابات کارگری،صنفی ،اعتراضات معیشتی و زیست محیطی بوده و نقش پیشرو رو ایفا کرده. ج ا اصلی ترین ذی نفع از,OTHER
2831,واورینکا داره حسابی شاخ میشه برا دیوکوویچ#usopen,OTHER
2832,تا چشم کار میکرد جنازه روی زمین و میان نهرها ریخته بود. خون راه خود را از میان اجساد پیدا میکرد و در آن سرزمین غارت شده جاری میشد. این پایان افسانه بود از اوج لذت تا حضیض امپراطوری نیرنگ. همه چیز همانگونه بود که باید: جنگ در برابر جنگ، چشم در برابر چشم. خون در برابر خون. …,SAD
2833,میدونین خشونت،فیزیکی و جسمانی اونم ازطرف مرد یازن نیست که بیاییم واسش یک روز نامگذاری کنیم،یه آدم با استعدادوعلاقه کافی که هرروزصب تا شب مجبوره سر کاری نا متناسب قرار بگیره هم گرفتارخشونته،این خشونت تدریجی یعنی مرگ روحیه آدمها و افسردگی، این خشونت نوعی کشتار جمعی جوونای جامعس !,SAD
2834, جواب اینهمه ظلم وفقروتنگدستی که بین مردم راه انداختن .جواب اختلاس ودزدی رو کی میده .عجب امام علی داریم پس نشسته و فقط داره نگاه میکنه به اینهمه ظلم,ANGRY
2835,وقتی غمگین هستید، دنیا شما را به سخره میگیرد. وقتی خوشحالید، دنیا به شما لبخند میزند. اما وقتی دیگران را خوشحال میکنید، دنیا به شما تعظیم میکند,HAPPY
2836,دنیا برای اونایی که روابط و فعل و انفعالات جامعه و مردم رو نمیفهمن جای خیلی ترسناک و تاریکیه. اکثراً بعد از چند بار ضربه خوردن دچار توهم توطئه میشن و برای محافظت از خودشون قانونهای کلی و عجیبی وضع میکنن. حالا حساب کن این آدمها قرار باشه برای جامعه یا کلی آدم دیگه تصمیم بگیرن,FEAR
2837,فیلم ترسناک ببینم بعد بخوابم یا مث آدمای نرمال لگیرم بخوابم؟,OTHER
2838, تو برو کس و کون تو هوا کن تا خوشحال بشی.... کسی که به دنبال پاکی و کس و کون هوا کردن نیست میشه افسرده....نشاط به چنده بازی و کس دادن شما شاد باش,ANGRY
2839, اگه طبق خواسته های دولت عمل کنه قطعا ترس . ولی اگه بخواد از حق مردم دفاع کنه احساس امنیت,OTHER
2840,چشمِ دل بُگشا و در جـانها نِگر! چون بیامد چون شد و چون میرود... سوی آن دل جان من پر میزند.. کو لطیف و شاد و موزون میرود... مولانا برای تو که بهترینی,HAPPY
2841,متنفرم از اینایی که وقتی ازدواج میکنن، اول کلی پستهای مصنوعی با جملات قصار احمقانه میذارن. بعد یهو یه مدت غیب میشن. آدمو آنفرند و بلاکآنبلاک میکنن. یه مدت خبری ازشون نیست. یکی دو سال بعد باز پیداشون میشه میان اد میکنن. کلا از هرگونه آدم که مشابهش زیاد باشه، متنفرم!,HATE
2842,خیلی دوست داشتم چیزی بلد بودم که بتونم به کسی آموزشش بدم و خوب این کارو بکنم. اما متاسفانه فقط تو فلزات و این مهملاته که میتونم چنین کاری بکنم که خواهانی نداره و به دردی هم نمیخوره.,SAD
2843,ما هم بچه میکشیم ولی خشونت خط قرمزمونه.,OTHER
2844,گرافیک و گیم پلی حیرت انگیزی داره که لذت بازی رو چند برابر میکنه,HAPPY
2845,با درود و سپاس حضور شاهزاده رضا پهلوی بازهم #ایران ما روزهای سختی را پشت سرمیگذارد و هم میهنان کرد ما در آستانه سرمای زمستان سقفی بر سر ندارند، زندگی و عزیز از دست داده با چشمان گریان در انتظار رسیدن کمک از سوی هموطنان خود هستند #زلزله_غرب #RezaPahlavi,SAD
2846,من اصولاً آدم انتقاد پذیری هستم ولی وقتی یکی از نحوه قهوه درست کردنم ایراد میگیره، مخصوصا به حجم فوم روی قهوه ترکی که درست میکنم، دلم میخواد با ارّه شکمشو پاره کنم، رودههاشو بیرون بکشم و باهاش دست و پاشو ببندم و بعد همون فنجون قهوه رو فرو کنم تو حلقش تا خفه شه.,ANGRY
2847,پایه دوام استبداد ترس است: ترس رژیم از مردم، ترس مردم از ابزار سرکوب، ترس رهبر مستبد از واقعیت و ترس اطرافیان حقیر رهبر از بازگفتن حقایق. اگر ترس مردم بریزد پایه به واقع پوشالی و بظاهر شکست ناپذیر استبداد سریع تر ار آنچه حاکم مستبد و مردم استبداد زده فکر میکنند فرو می ریزد.,FEAR
2848, اما انقد مسخرست که اینم بعد یمدت صدا درست نمیره. باید خاموش و روشن کنی تا درست شهدوباره برم گردوندن و سرجمع 3سال و 4ماه زندانی بودم نمیدونستم چقدر ممکنه اونجا نگرم دارن چون بهم گفته بودن بابات به ما سفارش کرده اونقدر بزنیمت تا بمیری، همین نتونستن بکشنم، میخواستن ولی نشد دومین باری که از زندان اومدم بیرون مسلمأ از همه متنفر بودم و نمیتونستم به هیچکس اعتماد کنم,HATE
2849,لعنت به انسان سست عنصرِ بي اراده(من),ANGRY
2850,دو چیز رو الکی نگو: یکی دوستت دارم یکی ببخشید. اگه نه واقعیش هیچوقت باورپذیر نخواهد بود. دالایی نیما,OTHER
2851,"بين مردا فعال درست حسابى داريم آيا يكم به مردا آموزش بدن توى ايرانى ها مثل سمانه سوادى و سوده براى زنان ؟ اين حجم از مريضى جنسى نرمال نيست و اين فرهنگ تجاوز ,واقعا يعنى يه اكتويست مرد پيدا نشده احساس نياز به تغيير رو فهميده باشه ؟... امروز يه ويديو ديدم حالمو خراب كرد #تجاوز",SAD
2852,من خیلی پیگیر موضوعات دکتر #گلشنی بودم در این چند ماه. جمعبندی کلی: منتقدین به مدیریت و تصمیمهای اجرایی دکتر انتقاد دارن نه بحث علمی. همه روی مقام بالای علمیش اتفاق نظر دارن. تا الان دو بار هم دوره خدمت ایشون تمدید شده. 23 سال هم رئیس گروه فلسفه علم بود.,OTHER
2853, بگذار آوازه شاد بودنتامروز بعد از همایش روز جهانی #معلولان به خاطر برگه هام متوجه شدن خبرنگارم و دونه دونه اومدن تا حرف بزنن برای هزارو یک مشکلشون کاری از دستم بر نمی اومد فقط بهشون قول دادم به نمایندگی ازشون هرجاشد حرفشونو به مسئولان برسونم لبخند میزدن واین یعنی چه قدر بی توقع نیاز به شنیده شدن دارن,SAD
2854,کفشم رو دادم خشکشویی ۴۰ هزار تومن! والله که حرومه... لعنت بر من که خجالت کشیدم پسش بگیرم.,SAD
2855,#مذاکرات۸۸ #شفاف_سازی #میرحسین_موسوی من از ج.ا. دیگر متنفر شده ام، ولی شجاعت #میرحسین را هرگز فراموش نمیکنم. تضعیف #آن_دیگری از ۸۸ شدت گرفت,HATE
2856,همیشه میترسیدم از تنهایی با خاطره هنوزم میترسم,FEAR
2857,تنها کاری که خوب بلدم انجام بدم تظاهر کردنه، تظاهر کردن به اینکه حالم خوبه در حالیکه از درون داغونم.,SAD
2858,عجب سیاهیه این بازیکن تعویضی جدید استرالیا! سیاهی شب که میگن اینه انگار واکس زدنش.,SURPRISE
2859,خلاصه اخبار و تصورات مسئولان از 40 سال در 40 ثانیه! :) #چهل_سال_سازندگی,OTHER
2860,"""آیا واقعا باید که یه زندگی """"خوب"""" رو زندگی کنیم؟ بنظرم زندگی من همینجوری که الان هست خوبه... با این حال احساس میکنم شادی و """"خوب"""" زندگی کردن درست مثل توهم و اسب های تک شاخن... اونا ازمون دورتر و دورتر میشن تا زمانی که چیزی نگیم... #RM""",OTHER
2861,از مظلوم نمایی الکی بدم میاد چرا ما عادت داریم وقتی حقیقتو میشنویم به جای قبولش بیایم مظلوم نمایی کنیم!,HATE
2862,اوج ناحرفه ای گری یک رسانه مسئولان قطری شایعه پاداش نجومی به فوتبالیست هاشون رو کذب محض اعلام کردند حالا سردبیر #خبر_ورزشی که همه رسانه ها از قول این رسانه خبر رو منتشر کرده بودند به جای عذرخواهی از مردم میگه از روی یک رسانه دیگه کار کردیم اما اسمش رو نگفتیم!,SAD
2863,""" """"میترسم نگاش کنمویژن و نگرش و انگیزه بده بتونی این کارو انجام بدی یا خیلی روش سختیه، غیر از اینکه روحیه این که من درس بدم تو یاد بگیر با یه سرچ ساده تو گوگل به دست میاد، مگر اینکه علم کیمیاگری رو طرف داره درس میده.""",OTHER
2864, برو گوهتو بخور ...کمتر عرعر کن ???تو مجازی کمتر شاخ و شونه بکش برای مردم بچه کوونی,ANGRY
2865,بوی مطبوع و‌ خنکی داره و حس تازگی همراهش هست ولی ماندگاری اسپری در حد خیلی کمی هستش با توجه به الکلی بودنش و رایحه در حدی هستش که خود شخص ازش لذت میبره ولی اطرافیان احساسش نمیکنن.,HAPPY
2866,شرم بر این #تشویشنامه #خارج_از_دید ۲ که عنوان مستند رو یدک میکشه! جفنگ بار بازی Metal Gear و Hideo Kojima میکنید! بنده خدا Hideo کم از استودیو Konami ضربه خورده بود، اینهمه اراجیف بافتید بدون درک! ریدم به اون مغز متوهم کمسواد مزدور و بدون توان تحلیل تون که کسشر تفت میده.,ANGRY
2867,عجیبه ولی همیشه احساس میکنم مرگ با اعدام و به روش چوبهی دار خواهد بود، نمیدونم چرا؟  …,SURPRISE
2868,تقریبن از ۸۰درصد موسیقی سنتی ایرانی عمیقا متنفرم!! مثلا تقریبن هیچ کاری از شجریانو دوست ندارم... ناظری دو سه تاشو دوست دارم و... شاید شما بگین من درکم کمه. شاید آره ولی ازون ور حسین علیزاده جزو معدود آدمای این نوع موسیقیه که خیلی باهاش حال میکنم. خیلی... خیلی... …,HATE
2869,میخوام آهنگی گوش بدم که نمیدونم اسمش چیه حرفی بزنم که نمیتونم و کاری کنم که دیگه حوصلشو ندارم,SAD
2870,بعد مدت ها صبح دوساعت با دوست دانشگاهم و عصر با دوست دبیرستانم که مهاجرت کرده حرف زدم عین همون دوران چرت و پرت گفتیم و خندیدیم عین مُسکِن بود! شست و بُرد غم این یه ماه رو,HAPPY
2871,اگه هنوز فیلم دوازده مرد خشمگین رو ندیدی ... تبریک میگم تو هنوز میتونی از دیدن فیلمای آبکی لذت ببری. در جواب اونایی هم که میگن این فیلم که خیلی قدیمیه و تازه دیدی باید بگم: مناین فیلو ۶۱ سال پیش دیدم.,OTHER
2872,آقای جمهوری اسلامی! لعنت بهت که ذهن و ضمیر همهمون رو هر روز داغون میکنی؛ مستقل از سن و جنس و مذهب و شهر و استان و حتی کشوری که توش زندگی میکنیم. لعنت بهت واقعا.,HATE
2873,متولد ۶۶ هستی،دوتا دکترا داری(؟!؟)،هیئت علمی علامه هم هستی.باباتم سفیره.آفرین!! هنوز نمیفهمی فحش “ک”دار جلوی من نباید بگی!تباه,ANGRY
2874,تار مو یک سلول مرده هست واقعا چقد مگه مهمه و ترس داره !!!!!!!,SURPRISE
2875,دیگه باید تعارف را کنار بگذاریم و تکلیف خودمان را با دو جناح اصلاح طلب و اصولگرا روشن کنیم. دیگر گذشت دوران مدارا کردن، دیگر گذشت دوران یکی به نعل زدن و یکی به میخ زدن، آنها آنور خط هستند و ما اینور خط. با انتقاد مودبانه به بزرگ و کوچکشان رحم نخواهیم کرد. تمام....,ANGRY
2876,اصلا منشا برای همینکه کلانی گفت من از خارجی ها بدم میاد رفت,HATE
2877,یا بلیت تئاتر انقدر گرون نباشه یا حقوقهای ما انقدر کم:/ این خواسته منو به مسئولان برسونید:( از اردیبهشت پارسال که از روزنامه اومدم بیرون و سهمیه ندارم، زندگی سختتر شده:/ نامبرده در حال خرید بلیت #خانه_برنارد است.,SAD
2878,اگه تو ماه رمضون خواستید نذری پخش کنید بگید بهتون ادرس یه جا رو بدم پشت کارخونه ایران خودرو خونه هاشون سقفش مشمبا دیوار کاه گل خیلی نیازمندن,OTHER
2879,بامیلو دیگه اپلیکیشنت رو فقط واسه خنده نسب کردیم!! کجایی!!قیمتهات واسه کجاست!!رفتم بازار خریدم ۱میلیونو ۵۰هزارتومن اونوقت تو آفباکست گذاشتی ۱میلیونو ۷۰۰!!!,SURPRISE
2880,عجب صدای زیبایی دارد خداییش دلم برای این نسل جوان میسوزد که هرگز هرگز اجازه رقص وشادی وخوشگذرانی رو بهشون ندادن این حق یک ملت است که درازادی دموکراسی زندگی کنند ماملتی هستیم اگر خانمی برای چندین نفر باصدای زیبا بخاند فوری مامورها میریزن و باید جمع کرد واقعا جای تاسف,SAD
2881,رفتم یه پلیلیست مثلن شاخ اسپاتیفای و گوش دادم، بد نبود! ولی آهنگاش حس تکراری میدادن! الان یادگاری سیاوش پلی کردم! واقعن تکراری نمیشه...,OTHER
2882,آهنگای مورد علاقتونو زنگ الارم گوشیتون هم نذارید که بد ازشون متنفر میشید.,HATE
2883,از اینکه یکی الکی باهام موافقت کنه بدم میاد، ولی اینم ک جلو همه خراب شم دوست ندارم,HATE
2884,علاوه بر این که هر ننهقمری دعوته، هر ننهقمری هم صاحبنظره. تا بگذره اعصابم جرواجر میشه.,ANGRY
2885,انقدر عصبیم که جا داشت در دنیایی موازی، دونه دونه پیشونی بچههام رو ببوسم و آخر سر مادرشون رو در آغوش بگیرم و خونه رو قصد کشتن دیو ۳ سر ترک کنم.,ANGRY
2886,خروج تریبون ها از انحصار آقایان انگار برایشان وحشت آفرین است... چه کسی می داند شاید پشت پرده فیلترینگ و امثالهم هم همین باشد... …,FEAR
2887,بدون شک بهترین بازی شبیه ساز رانندگی هست،اگر میخواین از رانندگی واقعی لذت ببرین،حتما این بازی رو تجربه کنین،خیلی از رانندگان دنیای واقعی از این بازی برای شبیه ساز رانندگیشون استفاده میکنن,HAPPY
2888,زندگی، بدون روزهای بد نمیشود؛ بدون روزهای اشک و درد و خشم و غم. اما روزهای بد، همچون برگهای پاییزی، باور کن که شتابان فرو میریزند، و در زیر پاهای تو، اگر بخواهی، استخوان میشکنند، و درختاستوار و مقاوم برجای میماند. #نادر_ابراهیمی #چهل_نامه_کوتاه_به_همسرم ص ٧١,SAD
2889,اینبار نابودی درختان پیرامون رودخانه منطقه گردشگری روستای شیت طارم بخشی از همت جهادی مسئولان در راستای نابودی آذربایجان و ایران #آذربایجان_چول_اولدو #قاراداغ #تاوان_تنفس,SAD
2890,متنفر بودنو بلد نيستم ولي... صبح كه شد ديگه برام اهميتي نداري,HATE
2891,""" شارژ خوب نگه میداره شاد نیستی بگو ما حلش کنیم...""""""",SAD
2892,بعد خانه خود را ترک کرد و مخفی شد. یکهفته بعد، حوالی ۱۳ ژانویه ۲۰۱۹، تورج اسماعیلی سر از استانبول درآورد.واهمه تورج اسماعیلی و فرار او بیدلیل نبود.ماههاست که چند نفر از مدیران امنیتی نظام در زندان هستند،از بسیاری دیگر بازجویی و بازخواست به عمل آمده وبیش از ۵۰ نفر از آنها و حتی,OTHER
2893,"""من این عطروتوپیشنهاد شگفت انگیزگرفتم گفتم شایدارزش داشته باشه ولی بااینکه رایحه به نسبت خوبی داشت ولی پخش وماندگاری دقیقا یک دقیقه وبعدازیک دقیقه هیچ رایحه ای ازاین عطرحس نمیکنین حتی با مکش بسیارقوی""""""",SAD
2894,اون کرمانشاهی که برای زلزله باید منتظر لطف هموطنان باشه اما برای سرکوب به طرفهالعینی نیرو به سمتش گسیل میشه نباید از خشم غرش کنه؟ حالا توی خود گوز پندار نگران شلوار پایین کشیدهی بسیجی میشی این وسط؟ چرا جفا و تبعیضی که در حق مردم میشه اینقدر براتون بیاهمینه چطوری میتونید؟,ANGRY
2895,به نشانه #اعتراض به نبود دمکراسی در کشورم، به نشانه اعتراض به ریخته شدن خون معترضین، کودکان گرسنه کار، زنان مظلوم کشورم، رانتخواری، دزدی، قتل، تجاوز، رهبر حقیر را آتش میزنم.,ANGRY
2896,اینقد از ماهی متنفرم که اگه شخص اول زندگیمم واسم تیغاشو در اره باز عمرا بخورم,HATE
2897,پیش از ظهر امروز و در حاشیه دیدار مسئولان نظام: دیدار و گفتگوی خانوادههای دانشمندان شهید هستهای، شهریاری، علی محمدی، رضائینژاد و احمدیروشن,OTHER
2898,وای ادامه نده لعنتی میخوایم بخوابیم از وحشت خوابمون نمیبره …,FEAR
2899,بالابر شیشهی ماشینم خرابه باید در ماشینو باز کنم کارت پارکینگ دانشگاه رو پس بدم. امروز که داشتم کارتو پس میدادم ماه لای در له شد.,OTHER
2900,چهره ی خندانش چشم های مهربانش و لبخندش، هر لحظه از شادی من بود. هم بازی کودکی ام بود هم صحبت نوجوانیم هیجان زندگی ام. بیشتر از یک دوست، دوستش دارم بیش از هر چه که در دنیاست. • د.ر.و •,HAPPY
2901,یکی به یکی دیگه شیر میده یکی از یکی دیگه باید طلاق بگیره بیابید ارتباط گوز به شقیقه را (سرکلاس هم با این قضیه مشکل داشتم الان تو دنیای واقعی خبرشو شنیدم بیشتر اعصابم خورد شد),ANGRY
2902,"""کنار همان درخت عناب است و برگ هایش صدر است.""""""",HAPPY
2903,"""اشتیاق تو مرا سوخت ، کجایی...؟ بازآ... """"وحشی_بافقی""""""",SAD
2904,آقامیری روحانی خوشفکر و خوشسخنیه که هواداران خودش رو داره و قطعا از امروز صداش بهتر هم شنیده میشه. اینکه به یکی بابت خلع لباسش تبریک بگن و خیلی جدی اون رو دیگه! از خودشان (مردمی) بدانند، قابل تحلیل نیست؟ در کسوت روحانیت کم نیستند کسانی که حتما تحلیلهای خوبی ازاین ماجرا دارند.,OTHER
2905,دادستان سمنان درخصوص سانحه برخورد قطار: مسئولان مرکز کنترل فرماندهی راه آهن شمال شرق، مرکز کنترل خطوط و شیفت مرکز کنترل بازداشت شدند - میزان …,OTHER
2906,من دو ساله که تنهام پدر دخترم ما رو رها کرد و رفت؛ اگه بابا و مامانم نبودن؛ والله که باید توو خیابون میخوابیدم و نمیدونم چی میشد... توو این مدت تنها چیزی که نذاشت خودمو بکشم یا فرار کنم دخترم بود... و الان انگیزه ی درس خوندنم هم دخترمه و آینده ش _برام دعا کنید,SAD
2907,""" قرار شد عودت بدم""""""",SAD
2908,عدم رضایت از قوای سه گانه در امریکا نرخ رضایت مردم از دیوان عالی آمریکا ۳۲ درصد، از قوه مجریه ۳۳ درصد و از کنگره ۸ درصد است. این میزان در سال ۲۰۱۷ برای هر یک از قوا دو تا سه درصد افزایش داشته است. #USARegimeChange #چهل_سال_شکست_آمریکا,OTHER
2909,فلر، گویهای آتشینی هستند که جنگنده با پرتاب آنها، موشکهای حرارتیاب را منحرف میکند،به این مفهوم که موشکهای حرارتیاب که دنبال حرارت میگردند، با پرتاب این گویهای آتشین، بجای خروجی موتور جنگنده، دنبال این گویها رفته و جنگنده هم می تواند از مهلکه فرار کند,OTHER
2910,من با هیچکدام از طرفین ماجرا موافق نبودم اما این کار عالی است و شایان توجه؛ مخصوصا به لحاظ «حرفهای» برای فعالان رسانه. …,HAPPY
2911,بچه کونی واسع یه دختر شاخ شدی,ANGRY
2912,آدمهایی هستن که از نزدیک و دور هم حتا ندیدمشون، هیچوقت هم شاید نبینمشون، اما بهم حس امنیت میدن و این عجیبه.,SURPRISE
2913,عجب مهی جاده رو گرفته. هنوز هیچی نشده به کاپشنم احساس نزدیکی میکنم.,SURPRISE
2914,موتور گرفتم اومدم خونه چون توان دو ساعت توی ترافیک موندن نداشتم. رها گفت فلان کتاب کمک درسی رو نخریدی؟ یادم رفته بود. بچه عزا گرفت. دوباره رفتم دزاشیب، نداشت. رفتم دربند یارو بسته بود. نشستم پای مغازه تا بیاد. بالاخره خریدم و لعنت فرستادم به این همه دست تنها بودن توی این شهر.,SAD
2915,حیف حیف از این همه زیبایی که دیگه مردم ایران حتی حوصله ندارن کمی بایستن و لذت ببرن! البته شعور در نظام حاکم زیر خط فقرش رسیده!,SAD
2916,یکی از چیزایی که روم تاثیر میزاره اینجا اینه که بعضی ها که اینجا از افسرگیشون یا حالتشون میگم اگاهانه یا ناخوداگاه سعی میکنم همون حس و بگیرم و اون حس درم بوجود میاد و با اینکه ارزوی مرگ و داشتم میترسم وقتی یکی اینجا میخواد خودکشی کنه نمیدونم بخاطر اون یا چون من جراتشو نداشتم,FEAR
2917,وقتی اینجوری متحد باشیم فرار میکنن?????,HAPPY
2918,. لعنت به رژیمی که شده نوکر کفار لعنت به خبیثی که شده حاکم جبار لعنت به هجومی که دهد بوی خیانت لعنت به دلاری که شده خرج جنایت لعنت به تمام سلفی های سعودی لعنت به شیوخ عرب پست یهودی لعنت به نشستی که شود حاصل آن جنگ #YemenChildrensDay,HATE
2919,عجب موهای ضد ولایت فقیهی داری مهندس,SURPRISE
2920,طرف آخرجلسه ازسالن خارج شده ومیگه اعصابم ازحرف های بی ربطش داغون شد. میگم خوب زودتربلندمی شدی! میگه نه!! بی احترامی به سخنران میشه! عزیزم وقتی سخنران حرف غلط وبی ربط میزنه بلندشووسالن راترک کن!!! #مردم,OTHER
2921,دیگه به تخمم نیست دوری از خونه ولی از اون لحظه ترک خونه بدم میاد همیشه هیچ وقت بهش عادت نمیکنم,HATE
2922,بخشی از کتاب رو خوند سرش رو بالا آورد یه نگاهی از سر ترس به من کرد و با سرعت از من فاصله گرفت و دورتر ایستاد,FEAR
2923, اونا آدمایی تو زندگی داشتن که ارزش داشت بخاطرشون جوون بدی . الان من بخاطر کی جوون بدم ؟؟همه آدمای اطرافمون دروغگو و بدچشم و حسود و عوضی و...,ANGRY
2924,اگر نتوان #آزادی و #عدالت را باهم داشت، و من مجبور باشم میان این دو یکی را انتخاب کنم : آزادی را انتخاب میکنم، تا بتوانم به بیعدالتی اعتراض کنم ...! #چگوارا,OTHER
2925,از این که #همایون_غنی_زاده یه مهاجر افغان رو فرستاده جشنواره فجر ناراحتی؟؟ بعد از این همه بیعدالتی در حق برادران افغانیمون، حالا یکی پیدا شده کار درست انجام داده تحمل همینم نداری؟؟ آفرین مرزهای #نژاد_پرستی و #بیشعوری رو کیلومترها جابهجا کردی,ANGRY
2926,"""یکی از همکلاسیام توی #گروه_کر دانشگاه میخونن. قبل کریسمس، رفته بودیم دیدن اجرای آخرسالشون. آهنگا که تموم شد، دلم واسه یه دوست دیگه ام تنگ شد. در آستانه ی سال نوی میلادی، لعنت و فحشه که نثار خودم و """"حریم خصوصی"""" درونم میکنم! #سبک_زندگی_آلمانی_من""",SAD
2927,جنسش خیلی قوی نیست و کلا بدم نیست,OTHER
2928,آشفتگی خواب دیشب یه حس ترس بهم داده ترس از خوابیدن و دوباره همون حس آشفتگی رو داشتن,FEAR
2929,همیشه آرزوم بود یه روز تو آتلیه های دانشکده قآنی کهنه، ترجیحا ساختمون قدیم، طرح معماری درس بدم. دانشکده پرت شد خارج از شهر و من پرت شدم خارج از کشور!,OTHER
2930,سلام من از دست فروشها به قیمت ده تومن خریدم به جرات میتونم بگم ده روز هم کار نکرد ، به سفارش دوستم از اینا خریدم هم برندش معتبره هم با کیفیت ، خواستم در جریان باشین مثل من اشتباه نکنین. بازم میخوام از این بروکسلها سفارش بدم.,OTHER
2931,مهمترین عامل پیروزی انقلاب در کنار شکافهای فرهنگی و اقتصادی، #گسست_حاکمیتی بود. تضادهای فوق زمانی به انقلاب بدل میشد ک شاه توان برخورد قاطع را نداشت و با کمترین آشوب ،«صدای انقلاب» را شنید و فرار کرد. گسست فوق را خیلیها ب حضور فرح نسبت میدهند.,OTHER
2932,"""چطور نرم افزار های نصب شده روی حافظه داخلی رو به رم انتقال بدم؟""""""",HAPPY
2933,تا اعصابم خورده یک فحشم بدم به استاندار قبلی کرمون که رید تو شهر و سر به زنگاه فلنگ رو بست! خسته نباشی پهلوون، خدا قوت,ANGRY
2934,چرا باید مردم اسیر ایدیولوژی کثیف شماها بشوند، خاورمیانه را اسیر آتش افروزی خود کردید توقع دارید بهتون تبریک بگویند.به خدا #جمهوری_اسلامی_انتخاب_من_نیست #IraniansWantRegimeChange,ANGRY
2935,امروز به معنای واقعی بی نهایت غمگین بودم. روز عجیبی بود,SAD
2936,یک حکومت چقدر در حق مردمش ظلم کرده است و زندگی را بر آن ها سخت گرفته است که حتی شب موقع سر به بالین گذاشتن باید بگویی لعنت به تو ای جمهوری اسلامی..!!,HATE
2937,شاه بودن از زمانی تمام میشه که موقع مشکلات فرار کنی,OTHER
2938,تو آن آزارِ شیرینی و دلخواه است تکرارت و من هر بار از هر بار بیشتر دوستت دارم...,HAPPY
2939,از بعد از مرگ خاشفچی دچار سندرم قبل از قاعدگی شدم و با یه عطسه هم اعصابم خورد میشه,ANGRY
2940,"""درصورت تمایل عکسهاشو براتون میفرستم""""""",OTHER
2941,واقعا دیگه توییتر عصبیم کرده اینقد توییتای اینو اونو میریزه تو تایم لاینم که توییتای فالویینگامو نمیبینم,ANGRY
2942,سلام. نمیشه شگفت انگیزش کنید تا بتونیم بخریم,OTHER
2943,""" """"عجب کیفیتیسخنگوی جنبش ارتجاعی وحالا تروریستی الاحواز گفته که هدفمون مسئولان بلندمرتبه بوده! درتصویر یکی از مسئولان بلندمرتبه رو میبینید که در آغوش یک سرباز با تفنگ بدون فشنگ پناه گرفته #اهواز""",OTHER
2944,۶.تنها با ترس روبرو نشوید هنگامی که ما با ترس که به نظر می رسد بیش از حد بزرگ روبرو می شویم،در آن غرق می شویم و گاهی مکانیسم های دفاعی ما دقیقا چیزی را که نباید انجام دهیم، انجام می دهند.,FEAR
2945,البته منم تست ندادم...حدسم اینه تست بدم ایرانی-ترک در میاد همش,OTHER
2946,اعصابم نمیکشه درباره ماجرای سیرجان حرفی بزنم. فقط اینکه امثال خانوادهی این دختر، باعث میشن امثال اون پسر جانی، جرأت پیدا کنن و تکثیر شن. (حالا بماند که قانون درست و درمون هم نداریم.) پایان پیام,ANGRY
2947,"شاه به اصطلاح میهن پرست در سال ۵۷ هنگام فرار ۳۸۴ چمدان بزرگ حاوی جواهرآلات ,عتیقه جات, پول نقد و....با خودش به همراه برد آیا برای استراحت همراه بردن این همه وسایل ضروری است؟؟ یا اینکه او پرونده خودرا در برابر انقلاب مردمی بسته شده می دانست و مجبور به فرار شد؟؟ #فرار_شاه",OTHER
2948,پیر شدم. دیگه از هیچ رویدادی در زندگی شاد نمیشم. ذوق نمیکنم. هیجان زده نمیشم. مثال سادش: امروز مثل همه آدم های نرمال توی کافه از لحظه لذت نبردم و فقط دلم میخواست تموم بشه و سریعا برگردم در غار تنهایی خودم. تو گویی روحی در من مرده که او را بازگشتی نیست.,SAD
2949,برای همین است که جنگ و خشونت نباید حتی آخرین گزینه هم باشد. #یمن #YemeniCivilWar,OTHER
2950,رأی مجمع عمومی از «نپذیرفتنِ تصمیم ترامپ در مورد بیتالمقدس» بسیار فراتر میرود. معنی عمیقتر آن این است که جامعه جهانی از استراتژی «تغییر تدریجی واقعیتهای روی زمین» که #اسرائیل و #آمریکا سالهاست پیش گرفتهاند حقیقتاً بیزار شده است. #فلسطيـن #بیتالمقدس #قدس #ایران,HATE
2951,الهی، حالا چرا اونی که میخواد شبیه حضرت زهرا بشه انقدر افسردست? ناراحت نباش همه چیز درست میشه تو هم مثل ما زمان میخوای تا بفهمی چی درسته چی اشتباه,SAD
2952,این #تغییر_عظیم زمانی رخ داد که #کره_شمالی تمام سران عالی رتبه با افکار #کهنه و #کمونیستی را اعدام کرد تا تغییر و رشد جامعه تجربه کنند. …,OTHER
2953,از دانشگاه از ادامه تحصيل از شلوغي از اول صبح متنفرم:| كاش يكيو جر بدم اعصابم اروم شه.,HATE
2954,و در همین حال به حمایت(زبانی) و اعلام دوستی با مردم ونزوئلا ادامه داد... …,OTHER
2955,رتبههای بالا = مسئولان آینده #ژن_برتر,OTHER
2956,ارتباطش به دولت روحانی رو از کجا درآوردی؟! از سال ۵۷ در تمام دولت ها رستوران های لوکس و گرانقیمت وجود داشته. زشت ترین و سطحی ترین کار اینه که فیلم غذای گرانقیمت و نشر بدی که ۴نفر آدم ندار ببینن و تو دلشون کسی و لعنت کنند که شما به هدفت برسی! مردم و چی فرض کردین شماها؟! …,ANGRY
2957,عجب دستاورد هایی شما شاخ غول رو شکستید,SURPRISE
2958,تعریف کارآفرینی از نظر دولت : ما کار میکنیم دولت میگه آفرین متن دزدی است,OTHER
2959,آنچه مرا میترساند، تهدیدها و حملات خارجی نیست. تهدیدها، بینظمی، هرج و مرج و ناامنیهای داخلی ترسناک است. …,FEAR
2960,از سال ۹۷ و تمام اتفاقاتش متنفرم، از سی و سالگیم متنفرم، از تمام رویاهایی که داشتم متنفرم، واژه ی تنفر خیلی سنگینه، اما از اینکه هنوزم به اینکه همه ی آدما خوبن امید دارم متنفرم.............,HATE
2961,ویدیویی از جلسه مقامات مسئول کشور در دوران پهلوی: امیر عباس هویدا، نخست وزیر کشور، از مسئولان دعوت می کند که در فاصله بین دو جلسه، نان و پنیر صرف کنند و به تبادل نظر بپردازند.,OTHER
2962,تعدادی از زندانیان قرچک ورامین در تماس با خانواده هایشان گفته اند که بعد از اعتراض ها آب، گاز و برق را بر زندانیان بسته اند.به همین دلیل از نظر بهداشتی دچار مشکلات زیادی هستند و بندها نیز سرد شده است. #زندان_قرچک,SAD
2963,""" """"خیلی فوق العاده نیستسال ٩١/زندان بهبهان-محكوم به اعدام بود. توانستم ٣ ساعت قبل از اعدام ببينمش و با او حرف بزنم. با هيجان ميگفت: اعدام نميشوم و فردا به بند بازميگردم اين حكم وحشت است. شروع كرد به بندرى رقصيدن. درظاهر ميخنديدم و در دل ميگريستم.لعنت به اعدام. #نه_به_اعدام #زانیار_لقمان_رامین …""",SAD
2964,روحش شاد یادش گرامی و همیشه جاودان,SAD
2965,عجب حس ی دارم!,SURPRISE
2966,قلبم به طور کامل شکسته. نگرانم صبح از میزان غم و بغض از خواب بیدار نشم,SAD
2967,حال بد رفیقامو میبینم سه تا جون ازم کم میشه، ای کاش میتونسم بهشون جون انتقال بدم.,SAD
2968,سردار نقدی: در جلسه ای گروهی از غیر مسلمانان با دیدن من صلوات فرستادند و قرآن را با صوت خواندند! توجه کردین که جمهوری اسلامی روی سلامت روحی ، روانی و عقلی مسئولان خیلی دقت می کند.,OTHER
2969,وقتی مستند ۲۰:۳۰ را تماشا کردم چند تا نکته به ذهنم رسید : اگر بخوایم با نتیجه گیری های صدا و سیما همراه شوی همه چیز تقصیر آمریکاست . و هیچ چیز از کوتاهی مسئولان نیست .,OTHER
2970,درود بر #افشين_علاء كه بر خلاف شاعرانِ پُر مدعاى حقوق بگير از نهادهاى مختلف نظام ، پيش قدم شد و در جواب #چهل_سالگى با همان زبان واقعيت هاى تاريخى را يادآورى شان كرد. . . . به فرضم توی این چل سال وطن غرق تباهی بود، بپرس از غربیا آیا مصدق هم سپاهی بود؟! #افشين_علاء,OTHER
2971,وجه «از قضا سرکنگبین صفرا فزود» ماجرا این است که در فرض موفقیت،سالمندان بیشتری روی دست دولت میمانند،هزینه تامین اجتماعی بالا میرود و شکاف مالی بودجه بیشتر میشود. راهکار چیست؟ البته دخالت بیشتر. رای اکثریت جامعه سالمند بر رای جوانها غلبه میکند و آنها باید بیشتر کار کنند.,OTHER
2972,یه شبببب طووولانی، کنار اونایی که... انقدر تو اینستا همه گذاشتن افتاده تو دهنم عصبیم کرده :/,ANGRY
2973,تیمم و تیمم و تیمم و تیمم... این بود تیمت؟ ک...ر تو تیمت. ک...ر تو بخشندگی رهبرت! دیوثااین کثافت بازی چیه؟حرومزادگی تاکجا؟اگه واقعا هم لغونشده بودبه خاطر ویدئوی دومی که مادرش منتشر کرداگه انسان بودین یه ۲ هفته بیشتر مجال میدادین! نفرین این مادر کافیه برای هلاکت تون! #بهمن_ورمزیار,ANGRY
2974,مغزم فکر میکنه من ساکن لندنم. عجیبه!,SURPRISE
2975,نمیدونم واقعا این دختره عنه ازش بدم میاد یا فقط حسودی میکنم بهش؟,HATE
2976,بعضی وقتا با خودم میگم عجب گهی خوردم اومدم تو این رشته که کونت توش پاره می شه واینده ی درست درمونیم نداره، ولی تو اوج فشار یه عشقی که از دوران بچگیه باعث می شه همه سختی هاش رو نادیده بگیرم و پیش برم #دامپزشکی,ANGRY
2977,در جلسه شورای عالی هماهنگی اقتصادی تصویب شد؛ تقویت نظارت بانک مرکزی بر مؤسسات اعتباری، بهبود مدیریت آنها و حمایت از حقوق سپردهگذاران تاکید سران قوا بر حضور گسترده مردم در راهپیمایی سراسری ۲۲بهمن,OTHER
2978,من زن زندگیت نیستم ولی دوستت دارم:(,SAD
2979,چی فکر کردین که ما ایرانیا شادی داشته باشیم ؟ آقا ما محکومیم به بدبختی,SAD
2980,"""آدمِ خوشگلوخوشاخلاق ر همه دوست دارن؛ تو اگه زرنگی منو دوست داشته باش... که فقط """"دوستت دارم""""""",HAPPY
2981,حال به هم زن تر از آقای #همینه_که_هست خنده تمسخرآمیز اطرافیانشه …,HATE
2982,تحقیقات نشان میده کودکانی که در معرض کمتوجهی قرار دارن یا احساس تنهایی میکنن، بیشتر در معرض کودک آزاری جنسی قرار میگیرن.معمولا هم این تجاوز توسط فردی که برای بچه آشناست (در مواردی متاسفانه خانواده) اتفاق میفته. کیس #آتنا رو بهخاطر بیارید,SAD
2983,صبوری و عدم خشونت یکی از راههای بدست آوردن حقوق از دست رفته مردم ایران است ما برای ساختن ایران بیرون می آییم نه برای تخریب آن حاکمان باید حقوق این مردم را ادا کنند و از سلطه قشر اندکی بر مردم ایران دست بردارند,OTHER
2984,""" """"من این برس رو توپیشنهاد شگفت انگیز خریدمیکبار از یک دختری خیلی خوشم میاومد. بهش گفتم با من ازدواج میکنی؟ گفت: نه. این میتونست الان یک خاطره غمگین باشه، اما من و اون دختر الان یک پسر ۷ ساله داریم :)""",HAPPY
2985,تقریباً در مقابل همه دارم سکوت میکنم. اشتباه متوجه شدهن؟ خب بشن. هیچی رو توضیح نمیدم و به کار خودم ادامه میدم. ولی واقعاً از اینکه فاطی چرند فکر کنه دربارهم عصبانی میشم. یعنی هنوز دارم به حرف دیشبش فکر میکنم، میخوام جرش بدم.,ANGRY
2986, بنظرم فقط خیلی ساده مو رو از حالت فر درمیاره حتی اگر طولانی مدت هم باهاش مو رو برس بکشید صاف صاف نمیشهبه طرز عجيبي بعد از تب و لرز وحشتناك ديشب، بد شدن حالم پشت فرمون و بيدار شدن سينوزيتم هنوز زندم :),SURPRISE
2987,ایمان، مهمترین عنصر تعیین کننده در موفقیت است. ما به تو ایمان داریم، با تمام توان تیم را به سوی موفقیت هدایت کن. Daje Roma,HAPPY
2988,"""یه آقایی هم یه بار خیلی شاکی اومد دفتر. گفت آقا من میخوام زنم رو طلاق بدم.پرسیدم چی شده؟ گفت هر بار میزنمش میره به کل فامیل میگه. آبرو نذاشته واسه من! اخبار شبکه یک: #ترامپ با لحنی """"توهینآمیز"""" درباره شعار مرگبرآمریکای ملت ایران سخن گفته است.""",OTHER
2989,حضرت علی #برخورد_انقلابی با فساد اقتصادی را از برادر و نزدیکان خود آغاز کرد، مسئولان ارشد نظام باید با الگوگیری از حضرت امیر، برخورد با فساد را از نزدیکان خود شروع کنند.,OTHER
2990,امروز طلبيد رفتم نماز جمعه فرماندار هم اومده بود و بين دو نماز ايستاد به سخنراني جاتون خالي وقت گرفتم؛ ٢ دقيقه دهه فجر ١ دقيقه دولت تدبير و اميد ٢ دقيقه از مسئولان نماز جمعه ١ دقيقه رهبري ١ دقيقه كارهايي كه #بايد انجام بشه ٧ دقيقه تشكر و شرح دلاوري استاندار ١ دقيقه هم خداحافظي,OTHER
2991,درآمد مالی،فقط یکی از نتایج جانبی رسیدن به موفقیت است. …,OTHER
2992,این هدست وکال و های رنج خوبی داره ولی اصلا نمیتونه بیس اجرا کنه...گوشی ها هم عمقشون کمه وباعث گوش با قسمت سخت هدست برخورد کنه و باعث اذیت بشه..بلندی صدا هم اصلا جالب نیست..از akg بعید بود ..در کل از خریدم ناراضی ام کاش میشد پس بدم,SAD
2993,نمیدونم الان باید صحبت ر ادامه بدم یا که مزاحمم؟! :/,OTHER
2994,میدانید چرا مجلس باوجود آنهمه خطر وضرر به FATF رای داد؟ چون تصورمیکنند نجات اقتصادایران درجذب سرمایه و انتقال فناوری خارجیه همین تصوراشتباه ۲قرنه صنعت ایران را ضعیف ومفلوک نگهداشته تسلط این خطا بر ذهنیت مسئولان وجامعه کارشناسیما بخاطر قصور ما رسانهایهاست شرمندهام وجبران میکنم,SAD
2995,امروز به معین گفتم فردا ۹۷/۷/۷ هست خیلی ذوق کرد و گفت چه شگفت انگیز چون منم ۷ سالمه و سریع حساب کرد که ۹۹/۹/۹ هم ۹ ساله است فهمید روزهای شگفتانگیزتری هم تو راهه... …,HAPPY
2996,شيش فاكينگ ماهه فقط داره مي خنده امروز زبون وا كرد,HAPPY
2997,"""دانشمندان حوزه مغز، کانشسنش(خودآگاهی) رو اینطوری تعریف میکنن: """"stream of subjective experience"""" اون تجربههای درونی طیف وسیعی ار درک عواطف و احساسات، هیجانات، خشم، درد و ... رو در برمیگیره. اما این تجربههای درونی واقعا از چی ساخته شدن؟ اونایی که به روح باور دارن، این توانایی رو/""",OTHER
2998,خودشونو قهرمان دیپلماسی میدونندو سی و دو سال در رأس حکومت بوده اند نتیجه: اقتصاد صد درصد نفتی،نابودی توان وتاسیسات هسته ای،بی عزتی ایرانی حتی در جایی مثل گرجستان،فرار مغزها و ثروتها و... خدا لعنتتون کنه آقای  و  اینقدر بی شرفید! #مدیریت_اصلاحاتی #سرطان_اصلاحات,ANGRY
2999,بله از اتاق فرمان اشاره کردن نورسنج دوربینم مشکل داره و پس از پیگیری فهمیدم دوربین بگاییه و نورسنج به گاست. اعصابم به شدت کیری و تخمیه :),ANGRY
3000,مسیح ما همه اینا رو میدونیم ناراحت نباش,SAD
3001,من هزار دلیل محکم در کشور در جهت تلاش برای #براندازی ج.ا می بینم،شما که مشتاق ماندن ج.ا هستید آیا 10 دلیل منطقی برای ماندن ج.ا می توانید شرح دهید؟ این سوالی است که از طرفداران ج.ا داشتم و دارم که هرگز به علت ترس از دستگیری و شکنجه خود و خانواده ام نتوانسته ام آزادانه مظرح کنم.,FEAR
3002,والا من دارم.نمیتونم قسطامم بدم.پولم نمیشه کارت به کارت کنم.پشتیبانی هم که هیچ وقت کارشناس نداره,SAD
3003,آقای #خاتمی شما نه به عنوان یک شهروند بلکه بعنوان یک مسئول باید پاسخگو باشید؛ غذرخواهی شما نه سرمایه اجتماعی سوخته و نه جانهای از دست رفته را باز میگرداند و نه فقر و گرسنگی مردم را التیام میبخشد! عملکرد شما یکی از عوامل اصلی غرق شدن این کشتی، خشم مردم و سرکوب حاکم است!,ANGRY
3004,"""ما میگیم """"دوستیابی"""" خب؟ همینو خارجیا میگن """"make friend"""" یعنی """"دوستسازی"""" دیگه خیلی خواستم فاخر بشه همین شد... نه نه صبر کنین. ما ترکیب """"دشمن تراشی"""" داریم. یه """"دوستتراشی"""" هم بزنیم تنگش عالی میشه. میخوام یه کتاب بنویسم تاثیر متقابل فرهنگ و زبان. جان؟ چشم چشم. هل نده خودم میرم""",OTHER
3005,جدیدا نسبت به تکرار بیش از حد کلمهها تیک عصبی پیدا کردم، مثلا یهو میام میبینم هزار نفر نوشتن فلان چیز روزمو ساخت، یا دو هزار نفر نوشتن تا صبح گریه کردم و یا سه هزار نفر نوشتن فلان کارو کردم بیاید تبریک بگید اعصابم خورد میشه.,ANGRY
3006,باید برم درباره بانکداری هم بیشتر بخونم این بازار رپو هم، خیلی فاکینگ پیچیدهست، اعصابم خرد میشه قشنگ، و کلید یه سری پیشبینی ها هم توی همون هاست,ANGRY
3007,خیلی وقته عصبیم سگ شدم ! حق بده بهم ؛ بین یه مشت گرگ زندگی کردن سگ میخواد. سگا همون گرگای اهلین ؛ بپا هار نشم !,ANGRY
3008,به زودی خونها به جوش می آیدخشم در سینها فواره میزند نعرهای جوانان هر جنبنده ای را به وحشت می اندازد سر ملاها و مزدورانشان در خیاباهناها دیده میشود اینجا ته خط یا بیاید بسوی مردم و یا اشهدتان را بخوانید #ملابچه_رو_کی_می #ملارانی_کامیونها #بازداشت_ایرانارشیستها_بس,ANGRY
3009, خوب ایشون باید بفهمه جایی که نمیتونی وسط این جمعیت کارت و انجام بدی و نهی از منکر کنی در محلی که جون خودت در خطره نکن این کارو. چون الان اتفاق بدتری رو به وجود آورده. مردم و بدتر متنفر کرده از حجاب. این روش هدایت به راه اسلام ۱۰۰٪ تاثیر معکوس داره.,HATE
3010,دلا نزد کسی بنشین شهرام ناظری انقدر خوبه که میترسم انقدر گوش بدم از گوشام بزنه بیرون :(,FEAR
3011, البته من 405 قدیمی دارم که بهش نخورد مجبور شدم یه تغییراتی تو دریچه کولر بدم چون عرض پایش حدود 1/5 سانت میشه شاید به داشبورد جدید هاش بخورهبا ارز دولتی رفتن از کشورهایی ماشین وارد کردن که ب ماشین هاشون هم تجاوز میکنن!... لطفا قبل از سند زدن ی پزشک قانونی ببرین ماشینتون رو !...... :-),OTHER
3012,پوینت سریال 13rw تجاوز و خودکشی نبود، این بود که حس دوست داشته شدن از طرف یکی چقدر میتونه تو زندگی یکی تاثیر گذار باشه دریغ نکنیم حسمون رو از کسی قبل از دیر شدنش,OTHER
3013,"""من خریدم و مجبور شدم به عنوان یک اسباب بازی بدم به فرزند کوچیکم.""""""",SAD
3014,انتقاد هاشمی رفسنجانی از شیوه استهلال  #ایران,OTHER
3015,آقا این بابای من عجب موجود عجیبیه.خودخواه بی منطق و چقر! هموزم میتونه بره رو اعصابم لامصب,SURPRISE
3016,اوصیکم به کنترل زبان به وقت خشم,OTHER
3017,اعصابم خورده از همه هم بدم مياد,ANGRY
3018,در دیدار نویسندگان نامه صدنفره با خاتمی، بر لزوم برخورد با فساد و خویشاوندسالاری، انتخابی شدن اعضای شورای عالی اصلاحطلبان یا نهاد ملی اصلاحات، شفافیت روند انتخاب نامزدها، فراگیری و پرهیز از مرکزگرایی و فردگرایی و ایجاد سازوکار نظارتی بر عملکرد منتخبان تأکید شد. #اصلاح_اصلاحات,OTHER
3019,خاور میانه را به آتش کشیدند و جابجا خارهای سیاه خشم و نفرت رویاندند حالا نشستهاند به تماشای سیهروزی مردمانش«رویای آمریکایی» شاید همین باشد …,HATE
3020,چرا صدا و سیما این صدا و این رنج را سانسور میکند؟ کارگر نیشکر هفتتپه با اشک میگه: چند روزه داریم اعتصاب میکنیم صدامون به جایی نرسیده اما اگر برای یکی از مسئولان اتفاقی بیفته کل صداوسیما پخش میکردن. #هفت_تپه #فرقه_تبهکار #شوشتر #تجاوز #فرقه_تبهکار #آرمان_مشترک,SAD
3021,مامان من فکر میکنه من تولدش رو یادم نبود. اما من حال نداشتم تبریک بگم. [دور بودم ازش]  …,OTHER
3022,یه مریض هست خیلی حالش بده. امیدی بهش نیست اسمش ایرانه! تو جونیش گروهی کردندش ۴ تا بچه آورد مامانش به باباش تجاوز می کرده. الکلی بدی شده، گاهی تو جشنا استریپتیز میکنه به پولی بهش میدیم. پ.ن:اگه متوجه استعاره نشدید باید بگم ایران در روایت بالا همون گلنساست !منظور کشور نیست!,SAD
3023,یه معلم دینی داشتیم میگفت: خوشی زیاد آدم رو غمگین میکنه و گریه زیاد آدم رو خوشحال. مثالشم این بود که وقتی عروسی تموم میشه، آدما ناراحت میشن و بد از روضه آدما خوشحالن. …,OTHER
3024,این همون خبرنگاریه که اول انقلاب با وزرایی که میخواستند اعدام کنن مصاحبه میکرد و بهشون نیشخند میزد. من از رسول صدر عاملی متنفرم,HATE
3025, بوی خوبی هم داشتن همشون.نازنیم بودی و نازت مرا دلگیر کرد کاش میشد درد دلهای مرا تصویر کرد هرچه کردم تا بدانی دوستت دارم نشد تلخی ناباوری هایت دلم را پیر کرد,SAD
3026,پشه ها هم شدن عین بعضی پرستارا بلد نیستن رگتو پیدا کن پونصدجای آدمو سوراخ میکنن خب بیشعور از یه جا تجاوز کن دیگه!,ANGRY
3027,خانواده خیلی تو موفقیت تاثیر داره انقد که تا همین پارسال میزدن تو سرم که نمیشه ...,SAD
3028,سیاست گزاری و روشهای آموزش برای تامین سلامت #کودکان در مدرسه، منع ترویج خشونت و #کلیشههای_جنسیتی از طریق کتابها و محتوای آموزشی یکی از راههای ایجاد امنیت و برابری به دسترسی همه به حقوق شهروندیه. #خشونت_تحصیلی #تو_هم_بگو,OTHER
3029,یه مجموعه توئیت از این سالیان میخوام جمع کنم اسمش رو هم بذارم گه نامه بدم ناشر صابر ابر چاپشون کنه. اولش هم این توییت رو میزنم:,OTHER
3030,از وقتی اومدم خونه زندگی میکنم، استرس و دغدغه های ذهنیم ۳ برابر شده که خب با تموم شدن رابطهام به ۱.۵ برابر کاهش یافت. ضمنا با هربار برنامه ی شادی و تفریح با دوستام این استرس حدودا ۵ برابر قبل میشه. ستاد آمار این اکانت تقدیم نمود.,SAD
3031,عجب وضعیتی شده :)))))))))))))))),SURPRISE
3032,یدونه برجستگی ناقص دارم قراره بدم به ارزشیا,OTHER
3033,نوتیفیکیشن امروز امروز نرمافزار #شیریت!!! نوشته : مسلمان یعنی دزد، دزدی زن مسلمان از طلا فروشی بدجوررر ناراحت شدم... #صهیونیست های حرام زاده...,ANGRY
3034, خداحافظ ای آبی روشن عشقمیترسم برای وجدان خودمون، که هر صبح بیدار میشیم و درد مردمو میخونیم ... میبینیم که چقدر مشکلات همه فقط بخاطر بالا پایین شدن ارز و فیلترینگ و همه چیز ... زیاد شده بعدش آه میکشیم و رد میشیم ... میترسم که فکر کنیم اینا همش عادیه ... باید باهاش کنار اومد ، ولی نیست .,FEAR
3035,باسلام ببخشید من گوشی ندارم بعد میخواستم ببینم از طریق همین اگه سیمکارت بزارم میشه پیامک بدم یا مکالمه کنم؟؟؟؟؟؟؟؟؟؟؟لطفا پاسخگوباشید,OTHER
3036,مدیران کشور هشدار مسؤولان قضایی درباره #جریان_نفوذ را جدی بگیرند.,OTHER
3037,عادت به بدبختی بزرگترین بدبختیه  دست من و تو باید این پردهها رو پاره کنه کی میتونه جز من و تو درد ما رو چاره کنه #متحد_شیم #IraniansWantRegimeChange,SAD
3038,با اعتراظامون دشمن شاد کن نشیم,OTHER
3039,یه عده کل فضا مجازی رو با برد پرسپولیس پر کردند، یه عده دارن به اینا اعتراض میکنن؛ یه عده هم مث من پیگیر هر دو طرف :|,OTHER
3040,وقتی برای بار آخر رفتم خواستگاری، گفتم هنوز درسم تموم نشده، سربازی هم نرفتم ممکنه به خاطر شرایط مالی یکم بیشتر تو عقد بمونیم. گفت به یک شرط قبول میکنم همه این سختی ها رو تحمل کنم. گفتم چه شرطی؟ گفت: تو هیچ شرایطی توکلت و از دست ندی من از ناامیدشدن به خدا متنفرم... #شروع_همدلى,HATE
3041,در غفلت مسئولان حكومتي جاسوس اسراييلي براي تاج شاهنشاهي در استانه چهلمين سالگرد شكوهمند انقلاب اسلامي گل زد.(هم اكنون در كانالاي تلگرامي لنگيا),OTHER
3042,انتخابات 88، تا ساعت 4 و نیم پای فیس بوک داشتیم پستهای مبهوت میذاشتیم و بعدش که دیگه کاملا ناامید شدم خوابیدم. الان ساعت 3 هنوز اعلام نشده,OTHER
3043, حتما پیشنهاد می کنم نسبت به قیمت پایینی که داره و اگر برای افراد مسن می خواهید بخرید عالیه#آیت_الله_علوی_گرگانی ماه رمضان ومحرم درگرگان باتاکیدوتهدید مسئولان فرمودندکاری نکنیدمابه مردم بگوییم وبرعلیهتون موضع بگیریم،مادینمون روفدای دنیای شمانمیکنیم وحاضرنیستیم بخاطردزدیها وکارشکنیهای شماازاسلام هزینه کنیم.وحرف های بسیارتنددیگر. #حجامت_نظام,ANGRY
3044,خاک بر سر مردی که بخواهد با صدا یا مو یا دامن کوتاه یک بانو تحریک شود .اون مرد یک انسان کثیف بیش نیست.بدم میاد از مردهای هیز و نفهم.خدایا جامعه ایران را از این گونه افراد انگل حفظ بفرما .آمین,HATE
3045,یه هفته گوشت کوبیده آبگوشت رو خوب کوبیدم، حالا هر هفته شخصا از من دعوت میکنن مراسم کوبیدن رو انجام بدم، هزار بار گفتم تو ایران کاریو خوب انجام ندین,OTHER
3046,آیا از رای به #روحانی پشیمانم؟ هرگز. اما با آن دسته از مردمانی که موضع مرا حمل بر استمرار طلبی و ماله کشی میکنند نیز هیچ ستیز و خصومتی ندارم. خشم و استیصالشان از وضعیت را میفهمم و قبول دارم که اینهمه فساد و تبعیض و ناکارآمدی حق ما نیست. راه حل اما به آن سادگی که می فرمایند نیست!,OTHER
3047,اگه امکان تکذیب مسئولان رو Disable کنن، چی میشه؟!,OTHER
3048,باز هم جنایت قتل رژیم ج.ا بنداند با این کاراها فقط خشم ملت رو بیشتر میکنید روزی که رژیم سرنگون بشه با این کارها هیچ راه فراری برای خودتان باقی نمیذارید بترسید از خشم ملت #SaveSoheil,ANGRY
3049,مسئولان بیمار زندان فشافویه درویشان و دیگر زندانیان سیاسی و عقیدتی را در میان یک عده بیچاره که به جرم دزدی و مواد مخدر به زندان افتاده اند حبس کرده اند. برای 500 زندانی تنها 5 دوش حمام وجود دارد. آب گرم فقط هفته ای 2 ساعت. یک عفونت ساده همان و قطع عضو و مرگ همان.,SAD
3050,برخی اعضای دولت و شورای عالی فضای مجازی در نامه ای به رئیس شورای عالی امنیت ملی، خواستار رفع فیلتر #توییتر و #یوتیوب شدند. گفته می شود، صالحی وزیر ارشاد؛ بطحایی وزیر اموزش و پرورش؛ علوی وزیر اطلاعات و آذری جهرمی وزیر ارتباطات از امضا کنندگان این نامه هستند./ عصرخبر,OTHER
3051,قانون انتظار میگه : منتظر هر چی باشی ، وارد زندگیت میشه پس دائم با خودت تکرار کن : من منتظر عالی ترین اتفاق ها هستم,HAPPY
3052,فيلم #okja از كمپاني #Netflix : روايت عشق بين انسان و حيوان،پر از سكانس هاي تاثير گذار و حساي ناب،از غم دوري اوكجا و مينجا گرفته تا وحشت نفسگیر تو پردهی آخر فیلم،سرازير شدن اشكام و احساس شرمساری از اینکه گوشتخوارم. اگه طرفدار حقوق حيواناتين حتما ببينيد.,SAD
3053,گداها میآمدند دم دکانها و پول میخواستند، اگر نمی دادند یک شانه را میکشیدند روی یک شاخ بز یا گاو ، صدای بدی تولید میشد، دکاندارها برای رهایی از دستشان پول میدادند، این شد که میگویند: فلانی شاخ و شانه میکشد. #فرهنگعامه,OTHER
3054, هم نظر ظاهری و هم نظر کیفیت... عالی بود”سرما خورده باشی پاشی ببینی ناهار نداری” غم انگیز نیست؟,SAD
3055,"""با تشکر""""""",HAPPY
3056,""" """"من اینو چند ماه پیش تو شگفت انگیز خریدم ولی متاسفانه هیچ رمی را جواب نمیدهبی نهایت دوستت دارم،اگر باور کنی میتوانی این سند را،ثبت در دفتر کنی میتوانی باورت را،از نگاهم بشنوی یا بسوزانی بپای عشق وخاکستر کنی شک نکن،ققنوسم وآتش، نمیسوزد مرا بلکه از سوزاندنم،حال مرا بهتر کنی امتحان عشق را،با نرخ جان پس میدهم میتوانی رد کنی،یا رتبه برتر کنی *حسین زنهاری""",OTHER
3057,خواهشا با طناز طباطبایی شوخی نکنید. جدی میگم من توییت هارو میخونم اعصابم به هم میریزه. فکرنکنم با هرکسی بشه شوخی کرد!!!,ANGRY
3058, اوووه چقدر نوشتیا عجب حوصله ایی داری,SURPRISE
3059,فقط تجاوز به طارمی میشه حرصمو خالی کنه. تامام.,ANGRY
3060,اگر مسئولان و مراجع به #ملاقات_محصورین برن، قطعا این تابویی که برای رفع حصر هست خیلی سریعتر شکسته میشه.,OTHER
3061,""" """"من فبلا از این برند عطر خریده بودم، ماندگاری و پخش بوش عالی بود، مدل 713. گشت شادی داشتیم، هرکی شاد نبود،به من آموختی... مادر، عزیزتر از جانم میان تمام نداشتن ها تنها تو را دوست دا م?????""""""",HAPPY
3062,کاش زودی تعطیلات عید بشه دیگه اعصابم نمیکشه,ANGRY
3063,باخت به درک، اینقدر از کیروش بدم میاد که از اول این بازی ها برام مهم نبود، ولی گزارش احمدی بدجور رو اعصابمه، خیلی هم دلش میخواد هیجان بده اما بدتر گند میزنه، حرف که میزنه چندشم میشه، اه اه اه,ANGRY
3064,بنده در مجرد ترین شکل ممکن دارم سر میکنم:| چی چی تبریک میگید …,SAD
3065,دوستت دارم، جوری که همین الان ضربان قلبم یک دقیقه رفت بالا به خاطر تو. با توام عزیز دلم,HAPPY
3066,"""اما یکم بلنده و میتونست رنگ های شاد تری داشته باشه""""""",OTHER
3067,البته من از خمينى اونقدر متنفر نيستم كه از خامنه اى هستم ... خمينى وقت نكرد همه ى اينها را انجام بده اما خامنه اى هم وقت داشت و هم گند زد,HATE
3068,این چیزی که من دیدم این بودکه واقعامردم مشکل مالی دارن وگرفتارن.اتفاقاعده ای که این اعتراضات روسیاسی می کردن دنبال دورکردن مردم ازخواسته هاشون بودن من یکی رو دیدم که رئیس ستاد آقای روحانی بود و شعار شهنشاهی می داد.دولتی که نتونه اقتصاد رو درست کنه معلومه اعتراض رو سیاسی می کنه,OTHER
3069,آقای پل شریدر بزرگ در کهنسالی درس سینما میدهد. درسِ با حوصله نوشتن و ساختن. ذرهذره هیولایی را خلقکردن و رنگ فانتزی به جهان واقع زدن، بیآنکه ذرهای از خشونت واقعیت گرفته شود، و درنهایت، به یک مانیفست دقیق و جامع نسبت به جهان اکنون رسیدن. #FirstReformed,OTHER
3070, هيچ نخبه اي تو كف ممبر اينستا نيست كه حالا ممبرش بياد پايين از مملكت فرار كنه ....... ممبر به درده همون خزاي اينستا ميخوره و سلبريتيا ، نخبه هاي ما از دست يه مشت اشغال و يه مشت قوانين پوسيده و محدوديت فرارين.......... ما هم همينو ميخوايم كه بسترو براي بازگشتشون مناسب كنيم,ANGRY
3071,چرا توپا رو نشون ندادین،لعنت به من اگه دیگه با 724 تراکنش انجام بدم,ANGRY
3072,بالای مغازه کفش فروشی زده ”آرامشِ قلب دوم خود را به ما بسپارید.“ الان حالم بین خنده و مسخره بازی و استرسِ بلاتکلیفیِ آرامشِ قلبِ اولم مردده. :),OTHER
3073,تباه يعني اين كه به جاي فكر كردن به تعطيلات آخر هفته و لذت بردن ازش، دارم به شنبه ي بعد تعطيلات فكر ميكنم و غصه ميخورم,SAD
3074,چهار شنبه سوری فقط قاشق زنیش کلی تفریح در میاد,HAPPY
3075,درود بر خانم کنعانی عزیز. ۴۰ سال است که مردم ایران در حال مبارزه هستند. فرقه تبهکار ۴۰ سال است که ما ایرانیان را به گروگان گرفته و اکنون پایان همه چیز است! #WarsawSayNoToMullahs …,SAD
3076,چرا #نیشابور برق نمیره من اعتراض کنم؟؟؟؟؟,SURPRISE
3077,خوبی همیشه بدبخت بودن اینه ک هیچوقت حسرت نمیخوری ک اون موقع ک داشتی باید ی کاری میکردی و غم از دست دادن نداری,SAD
3078,من بعد یک روز و نیم تو اتاق زایمان خصوصی کارم کشید به سزارین و تمام مدت شوهرم پیشم بود اینجا، لحظه ای که عمل داشت شروع میشد بهش گفتم برام یه چیزی تعریف کن که حواسم پرت شه، خیلی ترسیدهم. اصلا برام قابل تصور نیست که آدم تو اون همه درد و ترس و بدبختی تنهای تنها باشه.,FEAR
3079,""" """"دوستان این هدفون کیفیت پخشش بالاست با برند نیا ک فقط صداش زیاده مقایسه نکنید لطفا...در حد مرگ کلافه و عصبیم و دلیلشم نمیدونم !! الان یه اتاق پر از شکستنی و جررردادنی میخوام با یه چاقو، که درحد مرگ بشکنم و جررر بدم و دادبزنم و اخرسرم جفت دستامو از مچ یا ارنج با اون چاقوعه قطع کنم و از شدت خونریزی و درد بمیرم راحت شم –_– کی خوب میشم ؟""",ANGRY
3080,""" """"توی شگفت خریدمش..در حد نیازهای روزمره مثه تلگرام و اینستا و تماس استفاده میکنم.. تا الان که مشکل ندیدم و خوب کار کرده ، در کل نسبت به قیمتش کانفیگ خوب و قابل قبولی داره من به خودم نگاه میکنم و به نیک و بدم،،، نفاق؟!! خدا ببخشدت که به کسی انگ منافق بودن میزنی. دافعهءشیعه فقط به قمه‌زنی نیست... شامل خیلی چیزا میشه...?""",SAD
3081,موفقیت، نتیجه تشخیص درست است؛ تشخیص درست، نتیجه تجربه است؛ تجربه نیز اغلب نتیجه تشخیص نادرست است. آنتونی رابینز,OTHER
3082, اخه اسکل دهاتی، هنوز بلد نیستی تایپ کنی، میای اینجا زر زر میکنی؟ بعدم من نوشتم اطلاعاتی داریم؟؟ بی سواد.. نهضت برو ثبت نام کن حداقل جایی حرف زدی به ریشت نخندن.. منم به خندیدن آدمایی مثل تو خوشم که ایسگا بشی,ANGRY
3083,حکایت کن از پدری که به دخترش تجاوز شد،متجاوز قانون بود پدر دم نزد و پیر شد پیر شد پیر شد #شاهرودی_سقط_شد,SAD
3084,درصورت امکان ریت کنید: اعضای تیم رسانه ای #آملی_لاریجانی در تلاشند با فضاسازی و شلوغ بازیهای رسانه ای و ربط دادن مسایل غیرمرتبط بهمدیگر با هدف پرونده سازی علیه #هنگامه_شهیدی ، از آزادی ایشان ممانعت و افکار عمومی بخصوص مسئولان کشور را منحرف کنند. #حفاظت_قوه_قضاییه,OTHER
3085,درود بر پرزیدنت ترامپ امیدوارم متوجه این موضوع شده باشید که مردم ایران خواهان شاهزاده رضا پهلوی هستن و امیدوارم شما از شاهزاده حمایت کنید #AlternativeIsPahlavi #WeStandWithRezaPahlavi,OTHER
3086,عاغا نظرتون چیه شرکت کنیم?? کی شاد تر از ما?,HAPPY
3087,لبنانیها در اعتراض به نامگذاری خیابانی به نام «سلمان بن عبدالعزیز» پادشاه عربستان، اسم این خیابان رو به #عهد_التمیمی تغییر دادند دختر نوجوان فلسطینی که بخاطر سیلی زدن به سرباز اسراییلی محکوم به حبس شد #زنان_مقاومت,OTHER
3088,توى آشپزخونه ى هاستلم چاى و قهوه اى هست كه مجانيه و همه ميتونن ازش استفاده كنن. اين مدت تقريباً هر روز صبح براى خودم قهوه درست مى كردم، و در عجب بودم كه چرا تاثيرى توى پريدنِ خوابم و هوشياريم نداره. الان روى بسته ش رو خوندم و با عبارت «caffeine free» مواجه شدم :/ :))),SURPRISE
3089,جزومو دادم دس این پسره . حالا میبینم یه خط درمیون فحش نوشتم اون جلسه . افرین .,SAD
3090,شب جمعه همه یا مهمونی رفتن یا حالا هرچی...اونوقت من دوازده ساعته بدون تحرک جلوی نشنال جیوگرافی نشستم ببینم اورانوس ماهی چجوری خودشو کف دریا استتار میکنه، تازه کروکدیل فیلیپینی هم داره منقرض میشه اعصابم خورده..,ANGRY
3091,نه جانم ، مرد و زن ندارد ...! به نقطهی عشق که رسیدی ، شورانگیز باش برایِ عاشقانههایت … میان جمع ، رویش را ببوس ...! میان مردم فریاد بزن دوستت دارم ... و اگر کسی چشم غُرهای رفت ، دعایش کن تا عاشق شود ! همین ...,HAPPY
3092,میدان گردان اصلی علم الهدی،پمپئو یا هرکس دیگر؛آنها که به خیابان آمده اند غریبه نیستند. نمایندگان مسئولان قوه قضا و نهادهای حاکمیتی موظفند جانشان را کف دست بگیرند و به خیابانها بروند برای شنیدن صدا و کلام منطقی و احساسی مردم؛هر چه که هست! #اعتراضات,OTHER
3093,به دکترم گفتم این حجم عجیب آرامش بعد از اون دوران تلخ خیلی عجیبه و میترسم دو قطبی باشم. گفت عینکتو عوض کن. چرا میخوای رو ارامش و رضایتت اسم بذاری؟ چرا فکر میکنی غلطه؟ نباید باشه؟ جاش نیست؟ بعد از ده ماه از رفتنش میتونم بگم خوبم. دلتنگ هستم ولی خوبم.,HAPPY
3094,من 1000 خریدم بد نیست ولی دوباره نمیخرم. ترجیح میدم پول بیشتری بدم ولی کیفیت بهتری تحویل بگیرم,OTHER
3095, نسبت به گوشی های میان رده انتخاب خوبیهیکی از بزرگترین ترسهام از آیندم اینه که چون همیشه زندگیم بیکیفیت بوده(چون در ایران همه چیز بیکیفیته) درک درستی از کیفیت بالا نداشته باشم و نتونم هیچوقت کار باکیفیت ارائه بدم. شما هم یه موقعایی بهش فکر کنید و سعی کنید به کیفیت کار و زندگیتون فکر کنید،چیز خوبیه.,FEAR
3096,وای عجب لیموی شاخیه من حاضرم فقط برای فرم لیمو کلی پول بدم,SURPRISE
3097,از نصیحت، و از آدمی که نصیحت میکنه ، بدم میاد از اون کصخلی که به نصیحت گوش میده بیشتر.,HATE
3098,و تو چه میدانی که برنج پاک و حلال چیست؟دانه ای است که در دهه نود خورشیدی در ایران پیدا نمیشود.بعضی گویند تخمش را کلاغ خورده و برخی هم به بیت آقا مشکوک هستند.خلاصه یک بخور بخوری کرده اند که الان دختران این سرزمین از شرم نداشتن پوشک و نوار بهداشتی،بیرون از خانه نمیروند.زندگی سگی!!! …,ANGRY
3099, منگنه کوبشم انگار گاردستیما خشم داریم خشمی طوفنده هرگز ازاین موضع پایبن نمیاییم تا نابودی ملا، سپاهی، بسیجی، سنت و خرافه ۱۴۴۰ساله. #بسیج_بلاهت_علیه_عبدالرضایی #اسماعیل_بخشی_پایان_اهریمن #حزب_ایرانارشیست,ANGRY
3100,یه سری سلفی تو آینه دارم که فقط به یک کارگردان با استعداد در ساخت فیلم ترسناک تقدیمشون میکنم,FEAR
3101,افتضاح متنفرم بوی خیار میده اصلا نشد ازش استفاده کنم,HATE
3102,اینقد از خدا متنفرم که دلم نمیچسبه اول ارائه ام بنویسم به نام خدا :))),HATE
3103,حضور والدین،پدر بزرگ ها و مادر بزرگ ها در کنار کودکان بهترین لحظه های شاد در روستاهاست و احساس می کنم یکی از موفقیت هاست چرا که والدین ساعتی دور از دغدغه های زندگی به قصه، توپ، رنگ مشغول می شوند و هم بچه ها شاد از اینکه والدین در کنارشون هستند.,HAPPY
3104,پیک های عرقمو شکوندن یادگار بودن اعصابم ......اصلا اعصاب ندارم دیگه,ANGRY
3105, نویزکنسلینگی که روش نوشته اصلا نداره یا شاید اینی که دستم رسیده خرابهعجب هشتگ نروعیه این #حس_خوب_با_مردم_بودن یعنی مثلا یه تافته جدا بافته ای هستی از مردم بعد وقتایی که لطف میکنی منت سرمون میذاری با مردم میشی حس خوب میگیری …,SURPRISE
3106,رضا رسولی، عضو شورای شهر رشت در آستانه روزملی #رشت خبرداده که بر خلاف وعده های قبلی در مورد ثبت ملی و تملک خانه پدری و دوران کودکی و جوانی #هوشنگ_ابتهاج ، این خانه به دلیل کم توجهی مسئولان این شهر در آستانه تخریب قرارگرفته. #سایه,SAD
3107,من اسكار سخت گوش ترين و صبورترين پرستارهاى دنيا رو ميدم به پرستارهاى #خانه_سالمندان. فكر كن بين غم، نگرانى، دلتنگى، خشم، گريه، فرياد، فراموشى، دشنام، هزيان و مرگ قدرتشو داشته باشى كار كنى و حتى به تظاهر لبخند بزنى. روز #پرستار مبارك. :),HAPPY
3108,تصمیم گرفتم واقعا این چند روز تا امتحانات رو به بطالت بگدرونم تا واقعا موقع امتحانا فقط با بدبختی و گفتن اینکه چرا تو فرجه نخوندم درس بخونم تا بلکه ذهنم فقط مشغول درس باشه,OTHER
3109,مدیرعامل سازمان خدمات اجتماعی شهرداری تهران:به ۹۰ درصد کودکان کار تجاوز میشود./,SAD
3110,به نظر میاد مسئولین از کوچکترین #انتقاد ناراحت میشن و #محکم جواب میدن #همایش #نظامهای_پرداخت #بانکداری_الکترونیک #ebps8,SAD
3111,"""اما اگر بین این دوربین و یه دوربین دیگه شک دارید ،خوب بررسی کنید که بعدا از خریدتون پشیمون نشید""""""",HAPPY
3112,خودم شدم انرژی منفی واسه خودم... بلد نیستم به خودم روحیه بدم! هی گند میزنم به اعصابم بیشتر!,ANGRY
3113,یکشنبه هم تبدیل شد به روزِ بردگیم. احسنت.,SAD
3114,حسن روحانی، به دعوت رسمی #اردوغان و برای شرکت در پنجمین جلسه شورای عالی روابط راهبردی ایران و #ترکیه به #آنکارا سفر میکند. روحانی در صدر هیئت بلند پایهای از اعضای سیاسی و اقتصادی کابینه، عصر چهارشنبه و برای سفری دو روزه عازم پایتخت ترکیه میشود.,OTHER
3115, تقدیم به پدرم که پاهایش و دست هایش رو برای زندگیمان گذاشت و مادرم که غم های ما رو به دوش میکشید ???,SAD
3116,در رابطه با #حسن_عباسی هم توئیت بزنید که نگاه جناحی به منتقدان وجود نداشته باشد؛ دلسوزی مسئولان همیشه نشان دهنده جهت فکری آن مسئول را نشان میدهد. #حسن_عباسی #زیبا_کلام …,OTHER
3117,این جمله از کتاب ۱۲ ستون موفقیت جالب بود : دلیل اصلی تعیین هدف این است که شخصیت تو ، در راه دست یابی به آن ساخته می شود.,OTHER
3118, بهتر نبود بجا تهدید مینوشتی چه کاربردی داره؟؟؟؟؟هرچی تلاش کردم که از دیدنِ فوتبال لذت ببرم نشد که نشد:( خیلی تفریح و هیجان خفنی باید باشه ولی متاسفانه هیچ درکی ندارم بهش و تا ببینم بعد یه ربع حوصلهام سر میره. هر وقتم رفتم با دوستام فوتبال ببینم انقدر زرِ بیربط زدم اعصاب اونا رو هم ریختم به هم.,SAD
3119,حتی اسیر هم میتواند داشته باشد مثل فرزندان مسئولان #جنگ_اقتصادی …,OTHER
3120,هیچوقت زیاد فن عه الکل نبودم... ولی واقعا الان کاش میشد تا بیخ خِرخِرهام الکل بخورم و آهنگ گوش بدم که بعدش خود خدا بیاد تو همون حال جمعم کنه ببره اونور... میدونی چی میگم؟,SAD
3121,موفقیت های #دونیت درسال95 کارگاه قالیبافی #زنان مبلغ موردنیاز:15میلیون تومان مبلغ جمع آوری شده:15میلیون و55هزارتومان تعدادحامیان:67 نفر,OTHER
3122,ناو ماشین عەرەبی و شاد و هیپ هاپ بە دوای یەک پلەی بوون ئایسه شان و ملم جەمامه,OTHER
3123,تو شگفت انگیز خوبه اما ماندگاری و پخش بو نداره,OTHER
3124,انقدر در حوزه تولید نرم افزار تکنولوژی های جدید اومده و هر روز داره میاد انقدر هرچی که بلد بودم هی دارن بروز میشن و هی باید مطالعه کنم انقدر همه چیز داره گسترده میشه که باید تمام زمان بیداریمو فقط به تخصصم اختصاص بدم و اساسا زندگی رو بذارم کنار,OTHER
3125,کاش میتونستم خشم و کلافگیم رو مثل وانهگات یا کارلین بیرون بریزم، اما متٱسفانه در حد تفتف و لگد پروندن و نمیخوام استعداد دارم.,SAD
3126,فقط خنده ی نامجون رو خندش کراش دارم #IVoteBTSBBMAs,HAPPY
3127,تاریخ تولد یا تاریخ وقایع فراموش نشدی رو جایی یادداشت کنین که فراموشتون نشه، حتی سالگرد وفات عزیزانشون یا رویدادهای این مدلی رو همون طور که تبریک تولد و دعوت به شادی آدمها رو خوشحال میکنه، داشتن کسی که غمهاش رو با حضور و تسلیت و محبتش کم کنه امید بخشه,HAPPY
3128, من تو شگفت انگیز خریدممحسن حاتمی، هم بنیان گذار استادکار در همایش یلدای کارآفرینان: موفقیت المان های مختلفی دارد ضروری ترین المان موفقیت پشت کار است. در صورتی برنده بازی میشوید که در بازی مانده باشید اگر در بازی نمانده باشید، برد و باختی مطرح نیست. #یلدای_کار_آفرینی,OTHER
3129,"""حتی بیشتر از قیمتش می ارزه.""""""",HAPPY
3130, خمینی تنها زبانی ک بلد بود بنویسه هندی بود.  فارسی فقط بلد بود حرف بزنه.  حتی سواد نوشتنم نداشت. کاملا با علم مخالف بود و از اقتصاد و رفاه متنفر بود چون فکر میکرد اقتصاد خوب رفاه میاره و رفاه مردمو از دین دور میکنه.  پس چرت نگو اگه میگی درست بگو,ANGRY
3131,پدر عزیز منو ببر مدرسه عادی بعد داد بزن سرم که چرا ابتدایی همش بیست بودی الان نمره هات افت کرده اصلا من ریدم تو هر چی تیزهوشانه که فقط برام بدبختی داشت. فقط حالمو خراب کرد. فقط رید تو اعصابم. فقط گریم انداخت,ANGRY
3132,انسان شرافتمند در روياهايش نيز شرافتمند خواهد بود. او در برابر وسوسهها مقاومت خواهد كرد و خود را از نفرت، حسادت، خشم و مفاسد ديگر دور نگاه خواهد داشت... امّا انسان آلوده به گناه، قاعدتاً در رويا هم همان تصويرى را میيابد كه در عالم بيدارى مقابل چشم خود دارد ...! زیگموند فروید,OTHER
3133,من که لذت بردم. اما فکر کنم اسلام به خطر افتاد ???,HAPPY
3134,اعصابم خورده از اینکه همه جا دارن از حقوقی مثل انتخاب پوشش صحبت میکنن و ما هنوز داریم میجنگیم برای اینکه ثابت کنیم چند همسری بدترین کاریه که میشه در حق یک فرد کرد.,ANGRY
3135,#: میدونی فرق بین درد و رنج چیه؟ +: چه فرقی میکنه؟ وقتی دوتاشون بد هستن! #: وقتایی که باهات حرف میزنم و حواست پیش یکی دیگه س، وقتایی که هر کاری میکنم ولی به چشمت نمیاد، این میشه رنج! +: خب درد چیه اونوقت؟؟ #: که با این حال باز دوستت دارم!,SAD
3136,حکایت تیم ملی مون دقیقا مصداق حال و روز مردممونه.بازم همون داستان غم انگیز همیشگیدویدن و نرسیدن بیشتر از باختمون ناراحتیم واسه مردمیه که تنها دلخوشیشون این تیم بود وباعث میشد واسه90دقیقه هم که شده درداشونو فراموش کنن نشدکه بشه...خسته نباشید بچه ها,SAD
3137,دیشب حدود ۲۰۰ نفر رو آنفالو کردم توی تویتر. امروز صبح اعصابم موقع دیدن تویتر راحتتره.,HAPPY
3138,سلام مو هکر هستم از امروز شروع به آموزش هک و آموزش ضد هک کردن پیج هاتون رو بهتون میخام بدم فقط به هزار نفر اول که فالو کنند بعد پیج رو میبندیم,OTHER
3139,گاهی اوقات اتفاقاتی میوفته که به شدت از خودم متنفر میشم و در اون لحظه احساس میکنم منفورترین آدم روی زمینم چون خودمم از خودم متنفرم,HATE
3140,البته بر اساس نسخهی قم، بین «درود برتو هنگامی که مینشینی» و «درود بر تو هنگامی که برمیخیزی» یک «درود بر تو هنگامی که طهارت میگیری» جا افتاده. …,OTHER
3141,از گه ترين دوره هاي ممكن هم ميشه به زندگي با خانواده در دوران نامزدي اشاره كرد... از هرچي خانواده و پيوند خونيه متنفر ميشي...,HATE
3142,"""تمام من در این بیت خلاصه شده """" مرنجان دلم را که این مرغ وحشی """" """" ز بامی که برخواست مشکل نشیند """"""",SAD
3143,یک وقتی توی ایران، ظلم و بدی به پا بود شاهنشاه طاغوتی، دشمن خلق ما بود ملت خوب ایران، بچه و پیر و جوان به روی غم خندیدند، با دشمنا جنگیدند رهبر ما خمینی، که روح اون شاد باشه بنا کرد این انقلاب، که ایران آزاد باشه #بعثت_انقلاب #چهل_سال_سازندگی,OTHER
3144,تصمیمم مبنی بر مودب بودن پایدار و قویه تا جایی که اعصابم اینطوری میشه و با خودم فک میکنم واقعا آدمای با ادب تر چطوری حرصشونو نشون میدن؟ چی میگن واقعا اگ فحش نمیدن ؟ خب من دلم تنگ میشه برا هر چی دلم میخواد گفتن ! تصمیم سختیه مودب بودن یا نبودن :/,OTHER
3145,فکر کنم سخنرانها در سمینارهای استارتاپی کلمه شکست رو با تجربه جایگزین کنند بهتره باشه. موفقیت الزاما نقطه مقابل شکست نیست.,OTHER
3146,رفتیم با آبجیم فروشگاه ایرانیا یه دست کله پاچه خریدیم بار بزاره بخوریم . چندساله کله پاچه نخوردم ، ازفروشگاه اومدیم بیرون داشتم خنده عصبی میزدما.. فاکینگ ۶۰ یورو هزینه ی شکم کردیم,ANGRY
3147,رهبرانقلاب در دیدار قشرهای مختلف مردم: روز انتخابات برای نظام جمهوری اسلامی روز جشن و شادی و شور است. ۹۶/۲/۲۷,HAPPY
3148,من دلم نمیخواد دوستی/شخصی رو از دست بدم ولی اگر اون میخواد ؛ من کمکش میکنم,OTHER
3149,به آدمها نگویید دوستت دارم! بال در میآورند پرواز میکنند میروند... #علیرضا_اسفندیاری,SAD
3150,""" خداحافظ ای همنشین همیشهاگه تا همین حد راضی میشید بخرید""""""",OTHER
3151,دیروز رفته بودیم تشییعِ یکی از اقوام که کلی در کودکی هم سن و سالهای مامانم تو شهری که زندگی میکردن خاطره ساز بوده. باز این دوستای مامان رسیدن به هم و انقدر خاطره گفتن و خندیدن تو ماشین که روحیم عوض شد کلا!,HAPPY
3152, احتمالا تو هم سوقاط او چند سال اسارتی که اینجوری عقده ای و وحشی شدی شاخ مجازی دیگه فقط بلدید گوه بخوری,ANGRY
3153,«شهرداری ارومیه منزل یک زن مسن با دو فرزند عقب مانده ذهنی را بدلیل نداشتن مجوز ساخت در محله ایثار ویران کرد» این همه تخلف و اقدامات غیرقانونی انجام میشه و جلوشو نمیگیرن حالا حمله کردن و سرپناه محرومان رو تخریب میکنند؟ این خبر باید در رسانهها بولد شه تا مسئولان بلکه رسیدگی کنن!,SAD
3154,تو خنده هات آرامشه زنگِ صدات نوازشه ... #علي_زند_وكيل_دنياي_بيرحم,HAPPY
3155,"""ايشاا... به حق دارش برسه""""""",SAD
3156,نمی خوام اون حسرتِ نگفتن اون حس تو بزرگسالی اذیتم کنه. فکر کنم باید تا آخرین لحظه وایسم. متنفرم که این حس بچگانه رو دوباره دارم. بعد از اون تجربه های مختلف هیچ وقت فکر نمی کردم همچین حسی ذهنمو مشغول کنه. عجیبه. #همین,HATE
3157,طارمی خیلی عجیبه، خیلی عجیبه :)))),SURPRISE
3158,روحش شاد و یادش همیشه در قلب ایران گرامی و جاودان...,SAD
3159, تنهاتفاوت خانم علینژاد دربرخورداری مشروعیت باجمهوری به ظاهراسلامی دراین هست که خانم علینژاد به ضرب زور وتهدیدو وحشت وارعاب وساندیس وهزارترفنددیگه کسی رومجبورنکرده ازش حمایت کنه.,OTHER
3160,از این دو پیشنهاد برای بررسی، یکی به شورای عالی امنیت ملی ارجاع شد و دیگری به کمیسیون فرعی اقتصاد. این یعنی یکسال از دست دادن زمان #بودجه,SAD
3161,"""در کل تو قیمت شگفت انگیز ارزش خرید داره""""""",OTHER
3162,از خریدش راضی نیستم.عین چاپ عکس روی کاغذ میمونه.کیفیت قابش پایین بود و گوشه قاب شکسته بود اما اینقدر فرایند مرجوعی زمان بر هست که منصرف شدم مرجوع کنم.برای کادو میخواستم اما بخاطر کیفیت پایینش نشد کادو بدم.خریدشو پیشنهاد نمیدم,SAD
3163,با اين #گلاب_به_روتون هايي كه دارين ميكنين به طرز شگفت اور و ريزي دارين گوه خوري ميكنين تو زندگي بقيه البته الان منم دارم گوه ميخورما ولي شما بيشتر گوه ميخوري,ANGRY
3164,باوجود اینکه همیشه بخاطر حجاب اجباری و دفاع تو از زنا خیلی طرفدادتم اما توبعضی مسائل داری زیاده روی میکنی از ادمایی که فک میکنن میتونن اهداف خودشونو با خر کردن مردم پیش ببرن متنفرم چه مسولین این کشور باشه چه تو بدجور عقده ای شدی البته حق داری باهات رفتار خوبی نداشتن توفکر انتقامی,HATE
3165,دو هفته هست که #خور خودم رو کنترل کردم! دوهفته هست که #خواب خودم رو کنترل کردم! به واسطه این دوتا #شهوت خودم رو کنترل کردم اما این خشم پدر منو در آورده,ANGRY
3166,اینقدر که حال و هوای قبرستان بهم میچسبه شادی و...بهم نمیچسبه !!! حال و هوای غم و تنهایی !!! دوست دارم!!! بعضی وقت ها تنها وبی موقع میرم,SAD
3167,چقدر خوشحال شدم از دیدن نام این سه عزیز در لیست برگزیدگان امروز #جشنواره_فارابی. و چقدر افسوس خوردم که نرفتم به اختتامیه تا حضوری تبریک بگویم به: آقای دکتر محمدرضا جوادی یگانه  و دوستان عزیزم دکتر هادی صفایی پور و دکتر محمدهادی گرامی.,HAPPY
3168,۶ماه پیش که ترامپ خروج آمریکا از برجام وبازگشت #تحریم ها طی۱۸۰روز را اعلام کرد، چندگروه پژوهشی نخبه بلافاصله باکار شبانهروزی، راهکارهای ضدتحریمی راتدوین کردند وبه مسئولان رساندند تاریخ، شاهدباش! تقریبا هیچکدام از آن راهکارهارا اجرانکردند ولی منابع ارز وطلای کشور را هدردادند,SAD
3169,دارم با یه ادمای خوبی معاشرت میکنم که غم وغصه داره میشوره میبره,HAPPY
3170,اگه بخوایم با مثال #ويدا_موحد رو توضیح بدیم باید گفت که اگه زمان رضا شاه هم بود ب برداشتن اجباری حجاب به شدت اعتراض میکرد بلاشک البته نظرمنه,OTHER
3171, ولس کاش گوشی به ابن خوبی باتری قوی تر می انداختندعشق یعنی جایِ نفرین با دعا یادش کنی خانه اش آباد؛دلداری که یارش را فروخت #محمد_حسین_گل_حسنی,SAD
3172,واقعا نشده ۳تا از مهم ترین ادمای زندگیمو همزمان از دست بدم,OTHER
3173,"""استفاده ازش آسونه اما برای ثبت تصویر بهتر حتمن به نور توجه کنید تا عکس تیره نشه.""""""",HAPPY
3174,چطوري با سالاد و کلم بروکلی و... سیر میشید لعنت به هر چی رژیم و لاغریه,HATE
3175,قبل از رسیدن بهش هشدار دادم! بعلاوهیِ شصتوپنج ساعت توضیح که بنا به این دلایل فلانی آدم درستی نیست، اونم با واقعاً و عجب دنیایی شده و ای دادِ بیداد با کیا شدیم هشتاد میلیون، به ظاهر قانع شد که ازش فاصله بگیره الان رفته نشسته کنارش، باهاش گرم گرفته و دل میده قلوه میگیره!!,SURPRISE
3176,ملا فرمودند این روزا خیلی اعصابم خرابه امروز پارچه گیپور 40 تومن تو 1 کیلوش رفته بالا یعنی تو جین حداقل باید 26 تومن گرون کنم یعنی باید بزودی برا خرید وام بگیرید والسلام,ANGRY
3177,نه مثه اینکه سیامند تا صبح میخاد رکورد بزنه لب ملت ایران رو خندون :D آی هر بژی سیامند,HAPPY
3178,با یکی از بچهها که شانس آوردم خواب مونده بود و هنوز نرفته بود ۱۳ به در رفتیم مرکز داده. با وجودی که مجوز تردد داشتیم حراست راهمون نمیداد با کلی بدبختی و تماس هماهنگ کردیم رفتیم داخل پای سرور. ۲/۵,OTHER
3179,وای خدا عجب ادمای بیکاری تو این مملکت خراب شده س.یعنی الان همچی کشور درسته و سرجاشه غیر حجاب زنها؟؟,SURPRISE
3180,کارایی که دوست ندارم انجام بدم رو اونقدر طولش میدم که به کارایی که دوست دارم انجام بدم نمیرسم و بدین صورت زندگی رو تباه میکنم.,SAD
3181,وقتی از کسی خوشم بیاد و یکی بیاد بدشو بگه ناخودآگاه از اون طرفم بدم میاد.,HATE
3182,انقدر شادی مردم براشون عجیبه که تا میبینن چهار نفر خوشحالی میکنن، میگن مستین... …,SURPRISE
3183,من که دقیقه نود فهمیدم. یواشکی داشتم سر کلاس میدیدم، یهو معلم اردنیمون اومد گف خب بازی چطوره؟ هنوز صفر صفره؟ گفتم عالی، همش ما داریم حمله میکنیم =))) …,HAPPY
3184,  تو این شرایط اگه باری از دوش هم بر نمیداریم با این حرفها همدیگر و هم ناراحت نکنیم ... تا کی میشه بگه خونه نیستیم عموشه تو فامیل میبینش نمیشه که?,SAD
3185,خب من ریدم تو این محرم کوفتیتون! هیچ دلیلی هم واسه احترام به این عقاید تخمی ندارم! کم بدبختی داریم باید صدا اه و ناله هم بشنویم,ANGRY
3186, من واقعا هیچ نقصی نمیبینم.-وحید مظلومین اعدام شد! +چرا؟ -چون سکه خرید و فروش کرده بود! +بخاطر خرید و فروش سکه اعدام شده؟! -نه مفسد اقتصادی بود! +تمام جهان دارن اعدام رو برای قاتلین هم برمیدارن اینو چرا اعدام کردن؟ -اه چقد خنگی باید یه جوری یکی رو مقصر بکنن و رو گوهکاریهاشون سرپوش ,ANGRY
3187,البته با توجه به نوعِ تجاوز و ميزانِ شدت و ضعفش آسيب و ضررش ميتونه متفاوت باشه. #تجاوز,SAD
3188,گفتمان عدالت خواهی را فریاد کنید؛ اما انتقاد شخصی و مصداقسازی نکنید. وقتی شما روی یک مصداق تکیه میکنید، احتمال دارد اشتباه کرده باشید؛ شما اسم نیاورید، شما روی مصداق تکیه نکنید؛ شما پرچم را بلند کنید. وقتی پرچم را بلند کردید همه حساب کار خودشان را میکنند.,OTHER
3189,"""یه دوستی تو بیوی تلگرامش نوشته """"های درود""""! این یعنی جذب حداکثری!! :-)))))))""",OTHER
3190,لعنت به دکتری که اطلاعات غلط میده,HATE
3191,لعنت به روتختیای که همش از زیرِ تشک درمیاد. …,ANGRY
3192,کشتارگاه وحشتناک بلژیک که هرروز 6-7هزارخوک رو زنده زنده در آب جوش میندازن #غرب #Europe #عید_کشتار #عیدِقربان #EidMubarak,FEAR
3193,اینجا محرومیت نیاز به شناسایی ندارد، خودش دارد داد میزند مسئولان همیشه فقط #دریای_زیبای_چابهار را دیده اند... #کمب_را_دریابید #چابهار,SAD
3194,خوب آقای روحانی ! برنامه فرهنگیتون برای مقابله با این بی اخلاقی ها چیه ؟! این وزارت خونه ارشاد و آموزش و پرورش و آموزش عالی و .. به چه کار آید ؟! جامعه که هر روز بیشتر از روز قبل در گنداب دروغ و تهمت و بی دینی داره فرو می ره ! شما هم هی نقش اپوزیسیون رو بازی کن !! …,ANGRY
3195,ولی من میدونم نقطه ضعف ژاپنی ها تو متروعه اکثرا تو مترو بهشون تجاوز میکنن,OTHER
3196,تصویر رعب انگیز تورهای هوایی برای کشتار #پرندگان مهاجر در #فریدونکنار ! فریدونکنار سالهاست قتگاه پرندگان مهاجر شده!سوال اینجاست که به رغم همه اعتراض های رسانه ای و وعده های مسئولان، چطور هرسال صیادان آزادی عمل بیشتری پیدا میکنند؟,SURPRISE
3197,حدود ۶ ماهه که با مدیران شرکت هایی که در بازار اسم بزرگی دارند درحال تعامل هستم. دیجیکالا، علی بابا، صبا ایده، چیلیوری و... محتوای جلسات به کنار، فقط اینکه ایران جای موندن کارآفرین نیست. دوست ندارم بمونم که در یک جنگ نابرابر و کثیف بجنگم. همت بلند دار.....,SAD
3198,امام صادق علیهالسلام فرموند: طاقت و صبر که تمام میشود، #فرج پدید میآید راستی عجب طاقتی داریم ما . . . #اللهم_عجل_لولیک_الفرج,SURPRISE
3199,آقا امشب دیدار مادر وزیارت جدتان حسین ع برای فرج تا صبح امن یجیب میخوانید مولای من،جانم به فدایتان،دعا کنید ما ظهور کنیم شما که حاضرید. امن یجیب برای دلهای زنگار گرفته از عجب وغرور ما بخوانید که ظرفیت وجودوقلبمان انقدر کم است که تاب ظهور ندارد #اللهم_عجّل_لولیک_الفرج,SAD
3200,رئیس #قوه_قضاییه: #فتنه۸۸ قابل تکرار است /اقشار مختلف مردم از جمله #کارگران محترم، #دانشجویان عزیز و ... مطالبات بر حقی دارند که قطعا مسئولان باید صدای آنان را بشنوند/برخی #دانشجویان میگویند قبلا درباره مشکلات رفت و آمدها تذکر داده اند,OTHER
3201,یکی بهم دایرکت داده دیشب توی شهرشون 11تا مرد از دیوار یه خوابگاه دختران رفتن بالا و به 59تا دانشجو تجاوز کردن مسئولان دانشگاه هم برای حفظ آبروی دانشگاه دخترهارو تهدید کردند اگرشکایت کنند تربیت بدنی2 همه رو میندازن... کی به کیه الان نون تو افشای خبر تجاوز دسته جمعیه ریت کنید بره,OTHER
3202,کسی که باورش،#باوراصلاحات است اعتراض را حق همه شهروندان میداند،شهروندان معترضان را طرد،متهم و تحقیر نمیکند. اگر با روش اعتراضشان موافق نیست آنها را به این هیچ جا منسوب نمیکند.از حقوق شهروندی و حقوق انسانی شان دفاع میکند.طرف سرکوب را نمیگیرد و برای احقاق حقوق آنها تلاش میکند,OTHER
3203,بهم گفت ازون حرفا ناراحت شدی؟باورم نمیشه از تو بعیده:/ نمیدونم چه رفتار اشتباه و مزخرفی از خودم نشون دادم که فکر میکنن آدم آهنی ام و احساسات ندارم یا شایدم ی احمق که هیچی نمیفهمه و متوجه نمیشه!,SURPRISE
3204,بیقرار، فوارهوار، چشمه شهامت بود.. بنگرش بربال سپید رشادت! چگونه اعماق کینه غول مرداب را، دگرباره عریان کرده است؟ بنگرش تقدیر خویش را خود، با خطی خوانا نوشته است! بیهیچ اعتراضی -از آنگونه اعتراض! - اگرچه عمر را در اعتراض زیسته است. واژهیی میخواهم تا او را بنامم.. #حجت_زمانی,OTHER
3205,"""تحقیر دانشجو (یا همان تحقیر مردم) آنهم برای مخالفت با آموزش رایگان به اسم خوردن بودجه مردم، دقیقا بازتاب """"ترس"""" از هرگونه تغییر از طریق #مردم و پناه بردن به نخبگان حاکم(بخوانید بروکراسی حاکم) و مشروعیت دادن به وضع موجود است. #آزادی_از_ترس_رهایی_از_نیاز …""",FEAR
3206,ما تصمیم داریم تا دنیای اطراف خود را تغییر دهیم و این اتفاقات ناراحت کننده با وجود تأسف انگیز بودنشان ، ما را مأیوس نخواهد کرد. #فیلترینگ #فیلترینگ_تلگرام #بوم_تیم #کارتیمی,SAD
3207,بچه ها یه سوال اگر حسابم خصوصی باشه برای فرار از دست فامیل بعد توییتم ریتوییت بشه چطوری میشه داستان؟,OTHER
3208,بزرگواران من باید یه مقاله بنویسم و توش به این سوال دربارهی کتاب دنیای سوفی () جواب بدم که آیا کتاب آموزش فلسفه است یا رمان. منتها هیچ ذهنیتی ندارم که از کجا شروع کنم. هر کمکی به دردم میخوره، #ريتوييت هم، خاصه در زمستان.,OTHER
3209,چه عجب پژو نداشت??,SURPRISE
3210,""" """"کیفیت این برند خوبهایول عالی بود...بعضیا فقط سواد آموزش و پرورش دارن و بقیه سواداشون زیر صفره :)) …""",HAPPY
3211,همه ی سعادت و غرورو عزت و شادییو امیدم سه روز پیش فوت شد،مادر دسته گلم از دستم رفت. همه ی معناهای خوب زندگیمو باخودش برد. ازم هرکاری برمیومد کردم براش کم نزاشتم ولی بازم قضا و قدر و تقدیر الهی امان فرار نداد مامانمو ازم گرفت. خدا مادرمو با همه رفتگان شما دوستانو بیامرزه(صلوات).,SAD
3212,انقدر از بیرون رفتن متنفرم که اصلا من سگم.,HATE
3213,سروش گوه خوردی اندازه هیکل زشتت.رضا شاه روحت شاد,ANGRY
3214, بخواد بلایی سرت بیاد میاد توجه نمیکنه به هیچی از طرفی ممکنه ی روز استفاده کنیش بعدش از اون طرف جونتو در خطر قرار بدی همیشه خشم رو نمیشه کنترل کرد,OTHER
3215,حکایت مردم ما؛ شاه به وزیر خود می گوید مالیات رو زیاد کن و برای عبور و مرور مردم از دروازه عوارض ببند تا ببینیم تحمل مردمچقدر است.بعد از مدتی که خبری از اعتراض به گوش شاه نمیرسه وزیر میگوید برای فشار بیشتر هر فرد برای ورود به شهر دم دروازه باید ک و ن بدهد، ولی باز هم همچنان,OTHER
3216,از روی تو بیزارم.,HATE
3217,گفت: از دوست چه خواهی که تو را شاد کند گفتم: از دوست همین بس که ز ما یاد کند صبح جمعه بخیر,HAPPY
3218,الان تو اینستاگرام چیزی دیدم که ناراحت شدم حقیقتا! میگن این دنیا پاپ و هالیودد وقتی سن زنها میره بالا دیگه تحویلشان نمیگیره! واقعا درست میگن! فکر کن دنیس ریچاردز تو ایسنتاگرام دویست سیصد هزار تا دنبال کننده داره اما کارداشتیان چهار پنج میلیون!!! ظلمه خدایی!,SAD
3219,تو کتاب رهبر عزیز وقتی نویسنده از کره شمالی فرار میکنه، اولین چیزی که تو روستاهای عقب افتاده هممرز با کره تو چین حس میکنه تفاوته. از این که به جای عکس رهبر تابلوی یه زن به دیوار یه خونهس تعجب میکنه. از اینکه مدل موهای همه مثل هم نیست تعجب میکنه. هربار بهش فکر میکنم ترسناکه قضیه,FEAR
3220,"""2 ست سری عم با سایز مختلف هم موجود بود""""""",HAPPY
3221,به نظر نگارنده عدم موفقیت #ماهواره پرتاپ شده عمدی می باشد. با این شرایط دولت #روحانی هم میتواند به آنهایی که سرکوفت بی عرضه گی در عرصه هوافضا را میزدند جواب بدهد و هم به #غربی ها بگوید که دیدید خطری نداشت؟ اصلا #ماهواره ای نبوده از اول. #خیانت #ماهواره_پیام #احمدی_نژاد_کجایی؟,OTHER
3222,به وضعیت پیچیدهی ایران که فکر میکنم میریزم به هم، اعصابم خورد میشه! نمیتونم حتی یه راه حل موقتی یا طولانی مدت براش پیدا کنم که دلمو خوش کنم که دارم به سمتش حرکت میکنم...,ANGRY
3223,جدی جدی یه سری باور کردن لیاقت ایران پس از هشت سال خوش خدمتی به کیروش با فول امکانات همون سه تا از ژاپن خوردن و حذف تحقیر آمیز تو جام ملتهاست که رفتن فرودگاه استقبالش عجب مردمان فرهیختهای داریم,ANGRY
3224,عجب بارونیه، چه صدایی.,SURPRISE
3225,از آدمهای خودشیفته بیزارم. حتی میخوان خودشیفته نباشن به خاطر اینکه خودشیفتهی درونشون میگه خودشیفتگی یک ضعفه و ناشی از ناکامل بودن. برای کامل بودن و بهترین بودن باید گاهی ادای آدمهای دلنگران بقیه رو هم دربیاری، آره.,HATE
3226,موفقیت های #دونیت درسال95 لیگ تابستانی #فوتسال مساجد مبلغ مورد نیاز: 500 هزار تومان مبلغ جمع آوری شده: 555 هزار تومان تعداد حامیان: 16 نفر,OTHER
3227,فکر میکنی اگه چراغ ها یه روزی خاموش بشن غذا و آب پیدا نشه اول همسایت به حریمت تجاوز میکنه یا تو؟,OTHER
3228,لعنتیا تا دو دقیقه پیش اعصابم آروم بود.,ANGRY
3229,اين جنبش جليقه زردهاى پاريس خيلى خوبند! در طى هفته از دوشنبه صبح تا جمعه عصر با تعهد كامل براى نظام سرمايهدارى كار مى كنند و حقوق از نظام سرمايهداری مى گيرند و فقط تعطيلات آخر هفته ميريزند تو خيابون، اعتراض مى كنند بر عليه نظام سرمايهدارى و دولت ماكرون و غيره !,SURPRISE
3230, بیانیه زیر توسط فعالان کارزار منع خشونت خانوادگی تهیه شده چنانچه نتوانستید فرم را پر کنید لطفا نام خود را به ادمین کانال تلگرام ( ) یا ایمیل کارزار (pdvcir با عنوان امضای بیانیه بفرستید. امضا:,OTHER
3231,این خانواده زلزله زده در کرمانشاه در چادرشان مار پیدا شده است! آنها پس از گذشت ۹ ماه از زلزله سرپل ذهاب تا کنون یک کانکس از سوی مسئولان دریافت نکرده اند.,SAD
3232,یه حالت محاسبه گری گرفتم که چون نمیتونم سریعا خودم را تغییر بدم دارم روانی میشم.,OTHER
3233,دست تو زخمی ، دست من پینه تو داس خشمی ، من پتک کینه بازو به بازو ، در فصل پیکار با خشم و کینه ، با پرچم کار باید دوباره برزگر شد باید دوباره کارگر شد باید درو کرد ، باید که کوبید باید دوباره از ریشه روئید #FreeEsmailBakhshi #FreeSepidehGholian,ANGRY
3234,#سلطان_سکه اعدام شد ولی: ۱- دادگاه علنیاش پخش نشد ۲- قیمت سکه به یک میلیون تومان برنگشت ۳-دفاعیات متهم منتشر نشد ۴- مسئولان بانک (فروشنده سکه) محاکمه نشدند ۵- سندی از انتقال دارایی او به بیتالمال منتشر نشد ۶- از همه مهمتر مردم اقناع نشدند چقدر راحت اعدام میکنیم! وجدانمان ...,SAD
3235,عجب تراژدي اي شده بوفون,SAD
3236,محمود علیزاده طباطبایی وکیل #محمدعلی_طاهری از ابلاغ و قطعی شدن رای دیوان عالی کشور درباره پرونده محمدعلی طاهری خبر داد و گفت که همان ۵ سال حبس از تبصره ماده ۲۸۶ قانون مجازات اسلامی که صادر شده بود، تایید شده است. وی خواهان آزادی طاهری با استفاده از عفو مشروط شد. ایلنا,OTHER
3237,فردا (در واقع امروز) میخوام حرکتی رو بزنم که توی این۱۶ سال آرزو داشتم انجام بدم! دارم می رم که برگه امتحان سفید تحویل بدم ^_^ #ذوق_مرگ,HAPPY
3238,مثلا اینکه امروز یاد گرفتم موهامو یه جور جدید ببافم، ولی تو نیستی که نشونت بدم ):),SAD
3239,همهمان افرادی معمولی هستیم، خسته کنندهایم، شگفت انگیزیم همهمان خجالتی هستیم! شجاعیم، قهرمانیم، بیپناهیم فقط به روزش بستگی دارد..! #برد_ملتزر,OTHER
3240,زندگی مانند بازی دومینو؛ هرگز از افتادن دیگران شاد نشو ؛ دیر یا زود نوبت خودت میرسه,OTHER
3241,کسب و کارها به جای هدف قرار دادن خلق یک ارزش پایدار، کسب سود را به عنوان هدف کسب و کار خود قرار میدهند، درحالیکه کسب سود محصول جانبی خلق یک ارزش پایدار است. اگر به کسب و کار های موفق در دنیا هم نگاه کنیم، خواهیم دید که به دلیل خلق یک ارزش پایدار به موفقیت رسیدهاند.,OTHER
3242,این عکس رو دیدم واقعا به معنای واقعی کلمه پشمام ریخت،دوستانِ ترک ستیز حالا میخواید به شعر های حافظ تجاوز نکنید؟,SURPRISE
3243,اگرچه نسل 57 با بی لیاقتی از دستتون دادند ولی نسل ما ندیده عاشق این دو #سازندگان_ایران شدند همه ما ایرانیا مرداد 58 یتیم شدیم روحتون شاد #رضاشاه_روحت_شاد #شاهنشاه_روحت_شاد,SAD
3244,باید ضد تجاوز باشیم انفعال فایده نداره. باید همه با هم و کنار هم علیه این نفرتپراکنی، زنستیزی و خشونت بایستیم. نوجوانهای ما این فرد را فالو میکنن. ما مسئول هستیم.,OTHER
3245,از دست دوستم به خشم بودم خشمم را بر زبان آوردم، و خشم پایان گرفت. از خصم خویش به خشم بودم، خشمم را بر زبان نیاوردم، خشم فزونی گرفت. - ویلیام بلیک,ANGRY
3246,ما خودمان انتخاب کردیم به روشهای مسالمت آمیز بدون براندازی خشونت بار بمیریم #دستاوردهای_چهل_سال_نکبت,SAD
3247,از جمعه ها بدم میاد. این شوهره خونه ست و طبق عادت زود بیدار میشه. انقدرم سر و صدا میکنه که تا همه رو بیدار نکنه به آرامش نمیرسه.,HATE
3248,همزمان با اظهارنظر تعدادی از مسئولان ورزشی درباره #ورزش_زنان که گفته شد بعد از سال 57 پیشرفت داشته واجب دونستم چندین مورد درباره سطح #ورزش_زنان در قبل از سال57در این #رشتو_توییت بنویسم.البته این بدین معنا نیست که تلاش زنان ورزشکار فعلی رو ندیده بگیریم.تلاش آنان صدبرابر ارزشمندتره,OTHER
3249,چقددد بدم میاد یکی گوشیمو میگیره دستش. ینی اصن من معشوقمم تو بغل یکی دیگه ببینم انقد چیز نمیشم :/,HATE
3250,من این شارژرو از دیجیکالا خریدم وقتی امتحانش کردم دیدم فست شارژ که نداره و حتی گوشی گلکسی جی ۲  ۲۰۱۵ هم که دارم و نمیتونه فول شارژ کنه حالا میخوام پس بدم و در ضمن تاریخ تولید شارژر که روی اداپتور ثبت شده سال ۲۰۱۵/۰۵/۲۵ است که نشون میده برای چند سال پیشه,SAD
3251,بد جوری گرونی به فروشنده ها فشار آورده اعصابم نذاشته واسشون با صلوات باید بری توی مغازه,ANGRY
3252,(منصفانه نیست خامنه ای به مرگ طبیعی بمیرد باید در پیشگاه ملت پاسخگو باشد سپس باید او را بر تیرکی ببندند تا ملت صف بکشند و به او سیلی بزنند.) اینها حرف من نبود ، وقتی سپاهی شیمیایی جنگ و مدیر سابق امور فرهنگی قرارگاه سپاه اینها را با خشم میگفت ابرو در هم کشیده بود. #ریزش_در_حکومت,ANGRY
3253,وقتی میخواهید به گنجشکی غذا بدهید فرار میکند ، چرا که میداند آزادی با ارزشتر از نان است. فریدون فرخزاد,OTHER
3254,بله درسته.میشه انتقاد کرد اما خاک بر سر اون آدمی کنن که کارش به انتقاد از ولی خدا بکشه از یک دهه حمایت از احمدی نژاد پشیمانم  …,SAD
3255,تأکید رهبرانقلاب بر ضرورت انتقادپذیری همه مسئولان نظام به صیغه متکلم مع الغیر (ما مسئولین) بسیار درخور اهمیت است.,OTHER
3256,978 کیلومتر ... ازین اعداد و فاصله ها متنفرم ...,HATE
3257,موفقیت جایزه کسانیست که به عقایدشان پایبند هستند.,OTHER
3258,ذكر هر روز من صبح:سگ بشاشه به اين زندگى ظهر:عجب وض كسشريه شب:بخوابم فردا ريدن برام,ANGRY
3259,سلام بوی با کلاسی داره با ماندگاریه بالا ، قیمتش هم خیلی مناسبه تو شگفت انگیز ، عطر مورد علاقه منه هر وقت میزنم همیشه از من میپرسن اسم عطرت چیه. حتما پیشنهاد میکنم,HAPPY
3260,""" """"من اولش کمی تردید داشتم در مورد خریدش اما بعد از خرید واقعا لذت بردم از کیفیت این هدفون چون قبلا حتی قیمتهای بالاتری رو پرداخت کرده بودم اما این کیفیت رو دریافت نکرده بودم.در لابهلای همین زندگی پر هیاهو و پر زرق و برقمان، کسانی هستند که سهمشان از خانه، یک قلعه سالخورده و فرتوت است که در آن آرام و بیصدا با مشکلات زندگی دست و پنجه نرم میکنند و در این نبرد نابرابر شکست خورده و به انزوا کشیده شدهاند. صدای نیاز همیشه بلند نیست! #لهک""",SAD
3261, حالا جریانش چیه اگه برا اس6 نیستش الکی نخرم که دوباره بازگشت بدستم برسه بازگشت کالا بزنمامشب انقدر قرمه سبزی خوردم و انقدر خندیدم که همین الان میتونم با طیب خاطر بمیرم :),HAPPY
3262,چه روشی برام انتخاب رنگ و مدل هست من همین مدل رنگ سبز ملایم ک در تصویر هست و میخواهم سفارش بدم چطور باید انتخاب کرد ؟,OTHER
3263,هرگاه با خشم و ناسزا نسبت به گزاره ای واکنش نشان می دهید، ثابت می کنید که دلیل محکمی برای رد آن ندارید.,OTHER
3264,کاش میشد مثل اونموقع که اروپا بخاطر سوریا مرزا رو باز گذاشتن الانم یبار دیگه به هوای ایرانیا مرزا رو باز بزارن. اولین کسی که از دست این حرومیای حرومزاده فرار میکنه منم?هرچند که همون موقع هم بیشتر ایرانیا مهاجرت کردن تا سوریا ?,SAD
3265,"""خدا کنه که زود خراب نشه""""""",HAPPY
3266,تعدادی از اعتراض کنندگان آذربایجانی که در جریان #قیام۱۳۸۵ به گلوله نیروهای امنیتی کشته شده اند. وقتی اینها کشته می شدنند خیلی ها علاوه بر اینکه ساکت بودنند بر طبل سرکوب هم می کوبیدنند. یاد همه کشته شدگان راه آزادی و کشته شدگان امروز زنده باد. #آذربایجان,SAD
3267,جوانی و شادی و زندگی و سلامت و آینده و هرآنچه که فکر میکنید در این خرابشده ندارید، در واقع بازیچهی این پفیوزهاست. (واضحه که حسن روحانی رو به نمایندگی معرّفی کردم دیگه؟),ANGRY
3268,هرچند میدونستم جواب بچه ها چیه اما تو گروه گفتم بیایم بریم کنسرت محسن یگانه. چندتا از پسرا مسخره ام کردن! نوازنده کمانچه گفت من اگر بیام اونوقت اون دنیا جواب علی اصغر بهاری رو چی بدم بی ذوقا :/,OTHER
3269,یک پیشنهاد برای #پنجشنبه_اعتراض ، اگر به محلهای پیشنهادی رفتین و دیدین همه جا پر از ماموره ، نه منتظر بشین و نه مایوس،خیلی سریع همه با هم به نزدیکترین میدان یا چهارراهی که هیچ نیرویی نیست رفته و اونجا اعتراضتون رو شروع کنید،از اصول سرعت و غافلگیری استفاده کنید. #تظاهرات_سراسرى,OTHER
3270,باید متذکر شد ،که با حلوا حلوا گفتن دهان شیرین نمیشود . مدیریت جهادی ،قاطع، بدون نقص ، مدیری که در کنار زیر مجموعه خود در کارهای فیزیکی برای پیشبرد اهداف،بدون هیچ ابایی شرکت می کرد. روحت شاد مرد تکرار نشدنی #روحت_شاد,SAD
3271,لطفا این راکر رو هم توی جمعه های شگفت انگیز قرار بدین . خیلی وقته منتظر آفشم ????,OTHER
3272,پرستوها همه رفتند کبوترها همه رفتند همه همشهریان بار سفر بستند درون کوچههای شهر ما پاییز طولانیاست نمیدانم بهاری هست نمیدانم صدایی هست عجب صبری خدا دارد #پورسعید,SAD
3273,در هیاهوی حرفهایدروغ و راست مسئولان و گیر دادن های انحرافی ها به سخنان ظریف و هزاران مشکل دیگر و گران شدن صد و پنجاه درصدی لوازم خانگی و مایحتاج عمومی کسی به فکر کارگران هفت تپه نیست که هشت ماهه حقشون رو بهشون ندادند خدایا خودت ظهور کن,SAD
3274, اره ننه جندت تخم حروم زیر چادر کس بده ریدم دهن مرده و زندت. البته ببخشید دیر جواب دادم رفته بودم دستشویی شام باباتو بدم. ??,ANGRY
3275,یک قصه بیش نیست غم عشق و این عجب کز هر کسی که میشنوم نامکرر است #حافظ,SAD
3276,به نظرتون تا قبل از سرنگونی جمهوری اسلامی امکان توقف یا کنترل خشونت وجود داره؟ ریتوییت لطفا,OTHER
3277,این زن ها فرشته اند !!! - زن هایی که با قناعتشان باعث میشن؛مردی با درآمد و توان کم مالی،توی زندگی سربلند و شاد باشه!,HAPPY
3278,هیچی به اندازه اینکه کسی برا کار و زندگی و درسِ من اهمیت قائل نشه و علافم کنه تویِ بازهای که میخواستم به کارایِ خودم برسم عصبیم نمیکنه.,ANGRY
3279,وقتی گزارشگر میگه اعتراض هواداران دیگه بدونید خوار مادر طرفو تو ورزشگاه گاییدن =)))))),OTHER
3280,پیجشو کی داره بگیم راه فرار از ایران به مام نشون بده,OTHER
3281,دوس دارم كتاب بخونم،ولي نميتونم دوس دارم زبان بخونم،ولي نميتونم دوس دارم سازمو بزنم،ولي نميتونم دوس دارم سفر برم،ولي نميتونم دوس دارم ورزش كنم،ولي نميتونم دوس دارم سينما برم،ولي نميتونم دوس دارم خوشحال باشم،ولي نميتونم لعنت به دل تنگ...,SAD
3282,خیلی ضعیفه.دسته خیلی ضعیفی داره و بی کیفیت.من تو شگفت چند تا خریدم ولی بعدش پشیمون شدم.,SAD
3283,#NAME?,HAPPY
3284,روح مهندس مفرح شاد,SAD
3285,دکتر #مصطفی_معین: تا کنون ۹گزینهی #روحانی برای وزارت علوم یا پذیرفته نشده و یا خود افراد در دقیقه۹۰ انصراف دادهاند اوجِ ترس از دانشگاه!,FEAR
3286,صداوسیما از دستاورد های #انقلاب میگوید برمنکرش لعنت، روبرویم اما کتاب یکی از اساتید کم نظیر تاریخ است که تیراژش ۳۰ نسخه است! صنعت نشر هرگز چنین تیرهروز نبوده است قیمت سرسام آور کتاب آنرا کالای لوکسی کرده خارج از دسترس... در کنار اینها بخوانید از مافیای کاغذ و رانت همهگیر شده,SAD
3287,"""ای ابوالفضل شعرتو در وصف آنها ناب شد""""""",SAD
3288,از صبح هیییییچ کاری نکردم دلم یه کتک مشتی میخواد لعنت به من :/,ANGRY
3289,از صبح تا الان بیشتر از ۲۰-۳۰ بار فیلم این دختره که کتک خورده تو تایملاینم اومده . نکنید تو رو به هر چیزی که اعتقاد دارید نکنید. ترویج خشونت نکنید. جامعه به اندازه کافی روح خشونت درش جریان داره ، شماها ترویجش ندید.,SAD
3290,روحشان شاد یادشان گرامی,SAD
3291,بارها در تاریخ دیدهایم، حتی در شنیدههای نسلهای زیسته در جوامع سنتی که تمرکز قدرت و نبود قانون، فضا را برای افراد صاحب قدرت فراهم میکند تا به جان و مال مردم تجاوز کنند. تجاوز به بدن زهرا نویدپور نمونه عینی فساد در حکومت فرقه تبهکار است. #RapistRegime,SAD
3292,کنار گوشت بارها زمزمه می کنم دوستت دارم میان تمام بودن های بی احساس مرا باور و روحم را احساس ببخش,HAPPY
3293,از هرچیزی که مستقیم یا غیر مستقیم به ازدواج و این کسشرا مربوط باشه متنفرم,HATE
3294,به اندازه تمام نفرت نگاهت ،ازت متنفرم ازت متنفرم,HATE
3295,"پوستری از آینده... ادامه برداشت از آبهای زیرزمینی با روال کنونی،نتیجه ای نخواهد داشت جز فرونشست زمین و ان زمان تصویر عالی قاپو, چغازنبیل,تخت جمشید,سلطانیه,هگمتانه و دیگر میراثهای ارزشمندان #ایران در چنین وضعیتی بر روی یک پوستر، واقعی ترین تصویری است که خواهیم داد! #ورشکستگی_ابی",SAD
3296,پاوربانک باتوجه ب قیمت شگفت انگیز بد نبود و میشه تو اون قیمت ب خرید فکر کرد ب نسبت کیفیت بد نبود ولی تنها مشکلش دیر شارژ شدن و غلط نشان دادن چراغای led پاوربانکه وگرنه بد نیس,OTHER
3297,برای داشتن احساس امنیت بجای ترس از دیدن پلیس! #IraniansWantRegimeChange,FEAR
3298,هرچی موزیک خالی و صدای دریا و اینا گوش میدم اعصابم آروم نمیشه چی کار کنم :((,SAD
3299,با ذکر شریف لعنت بهت روحانی دارم میرم گوشت بخرم!,ANGRY
3300,نوچه مسیح عجب مهارتی برای یواشکی فیلم گرفتن داره,SURPRISE
3301,اگه نزدیک ولنتاینه دوست پسر نداری دوست داری کادو بدی میتونی بیایی دایرکت بهم پیام بدی آدرس بدم کادوتو برام بفرستی,OTHER
3302,رنگ قسمت طلاش زیاد زرد نیست و تو چشم نمی ره ، من خودم از طلایی بودن زیاد بدم میاد.  در کل چیز شیکیه . همین که میشه سایزشو تنظیم کرد به نظرم خیلی خوبه.,HAPPY
3303,من بدم میاد رو تخت کسی بخوابم و بدم میاد رو تختم کسی بخوابه دیگه نخواید همه رو تو ی قالب دربیارید و هی اخ و پیف کنید ب چیزایی ک خوشایندشون هس و نیس,HATE
3304,در اپیزودجدید #رادیوپیوست شماره۶۴ ماهنامه پیوست رامرورکردیم. پروندههای ویژه این شماره به موضوع کیف پول الکترونیکی که بار دیگر به واسطه پرداخت الکترونیکی کرایه تاکسی در میان مسئولان و فعالان حوزه پرداخت مطرح شده و تاثیر تحریمها بر صنعت فاوا پرداخته است.,OTHER
3305,دو شب پیش به دوستی گفتم خیلی وقته فاز دپ و غمگین نداشتم و خب تبریک میگم به خودم در غمگین ترین حالت ممکن ام امشب.,SAD
3306,آقایون ترسو جنابان مسئول اونایی که میخواین سر راه انقلاب اسلامی سنگبندازین ومیندارین هه... وقتی وزرشگاه ۱۲هزار نفری روبرای دکتر سلام وحضور ماتحویل نمیدین وبرنامه روسعی میکنید لغوکنید منتظر حضور ۱۰۰هزار نفری امت حزب الله در ورزشگاه باشید #شکست_تحریم #اجتماع_دشمن_شکن,FEAR
3307,رفتار چیزی هست که ازش ناراضی و ناراحت هستن، ولی با علامتی منفی. در مورد خشونت خیلی با خشونت رفتار میکنن. نژادپرستانه در مورد نژادپرستی نظر میدن، در اوج تبعیض شعار ضدیت با تبعیض میدن. دقیقاً همون چیزی هستن که دارن ازش فرار میکنن و ازش ناراضی هستن. همه محصول همون اجتماع و فرهنگ,SAD
3308,تو سرمای استخون سوز شهرم با برفی که نمه نمه می بارید؛توی مدرسه با معلم پسرم چند دقیقه کار داشتم،اومدم میبینم فسقلم با چند تا از دوستاش با یه پاکت آبمیوه لِه شده دارن فوتبال بازی میکننآخ که چقدر انرژی دارن،چقدر دنیای کودکانه شون شاد و نابه،چقدر دلم میخواد جاش باشم,HAPPY
3309,هرگزم عشق تو از لوح دل و جان نرود هرگز از یاد من آن لعبت زیبا نرود اول ترم بست دلم با سر زلفت پیوند هرچه ببرد دل دیوانه من، گفته ام آن نبرد هر که خواهد که چو پوینتر نشود سرگردان دل به خوبرویان ندهد وز پی ایشان نرود #یه_پوینتر_سرگردان,OTHER
3310,دوجور ذوق کردن داریم: ذوق کردن با دیگری و ذوق کردن برای دیگری. در اولی صمیمیتِ شاد هست، در دومی محبتِ ناب.,HAPPY
3311,رسول خدا(ص): لعنت خدا بر کسی که جانوری را (به جایی بسته) با پرتاب چیزی هدف قرار دهد.(بحارالأنوار) تو خود حدیث مفصل بخوان از این مجمل #جلادان_محیط_زیست,HATE
3312,عجب حالی شده! بخاطر هیچی غم میخورم.,SAD
3313,انقدر ازاین دخترایی ک جیغ جیغ میکنن بدم میاد زرنگ باشین بجای جیغ زدن با لگد چنان بزنین جاییشون ک نفهمن از کی و کجا خوردن... اینا سگایی هستن ک ولشون کردن توی اجتماع با وعده های استخوان وگوشت هارشون کردن ب جون ملت,ANGRY
3314,آقای سانچز ثابت کردی میشه سرت تو کار خودت باشه و به این و اون نپری و ضعفاتو گردن بقیه نندازی و از موفقیت دیگران نسوزی و با تیمای قدر بازی کنی و یکی یکیشونو ببری و تیمتو قهرمان کنی و همه را وادار به تحسین کنی!,HAPPY
3315,""" """"به خاطر همین ترسِ بی معنی است که ما داریم هلاک می شویم.الان تو خود آمریکا ملت با شلوار کردی خوابیدن اونوقت تو ایران کارمنده از 7صبح در حال رصد نتایج میگه:خیلی عجیبه که اوهایو به کلینتون رای ندادن""",SURPRISE
3316,با دوستم رفته بودم خریدِ عینکِ آفتابی. عینکفروش قاعدتاً فکر میکرد طرف دوسدخترمه. به دختره گفتم ببین چشام توش پیدا نیست؟ دختره گفت نه. پیرمرد عینکفروش با بددلی نگاه میکرد که «برای چی همچی سؤالي میکنه؟» برگشتم سمتش گفتم: ایول. عینکِ مناسبِ چشچرونیو پیدا کردم. ترکید از خنده.,HAPPY
3317,پسر زینال بندری رو هروئینی کردن، زینال ره خشم اژدها بیگیفته!,ANGRY
3318,گزارش تلويزيون سي ان ان از شجاعت دختر ايراني كه شال سفيدش را چون پرچم اعتراض عليه حجاب اجباري بالا برد. #چهارشنبه_های_سفید #نه_به_حجاب_اجباری نافرمانی مدنی:  رزا پارکس در برابر ظلم قد خم نکرد:,OTHER
3319,اینقد خندیدم دلدرد گرفتم. تا باشه از این دلدردهای ناشی از خنده.,HAPPY
3320,جدیدا صبح خیلیخوش اخلاق و با انرژی از خواب پا میشم ولی همینجوری که ساعت میگذره بی حوصله تر و بی اعصاب تر میشم تا شب :| به هرحال هرروز یکی میرینه تو اعصابم :| بعضی اوقاتم همه باهم میرینن تو اعصابم :|,ANGRY
3321,سایت دیگه همین رو ۱۹۰ هم میدن.دی جی کالا بدون تخفیف ۲۳۰ میده بعضی وقتها هم در پیشنهاد شگفت انگیز ۱۸۰ میده.من خودم از دیجی کالا خریدم.,OTHER
3322,طي سالهاي بعد مشخص شد در نحوه هزينهكرد اين پول فساد مالي گستردهاي در ميان مقامهاي عراقي و همچنين مسئولان ردههاي مختلف سازمان ملل وجود داشته است. باقي پول نيز بهعنوان بخشي از غرامت در اختيار كشورهاي درگير جنگ اول خليجفارس قرار گرفت.,OTHER
3323, باور کنید با این قیمت شگفت خیلی ارزش داره .اون چیزی که این روزها در فضای جامعه کاملا احساس میشه ، موجی از نارضایتی ، ناامیدی ، سردرگمی ، بی اعتمادی ، خشم و ناراحتی است و اون چیزی که بیشتر به چشم میاد وجود دستهایی که کارشون شده هیزم ریختن بر روی آتش زیر خاکستر و تلاش برای گُر گرفتن این آتش. #بی_تدبیری,SAD
3324,کنفرانس زنده #ایران آزادگفتگو باعلیرضا معدنچی چرا #خامنه_ای به نمایش #۲۲بهمن نیاز دارد؟ مجموعه خبرها حاکی از کسادی نمایش ۲۲بهمن، تعیین جوائز برای شرکت کنندگان در مراسم، جعل عکس و فیلم و اعتراض شرکت کنندگان به فقر و بیکاری بود. #تظاهرات_سراسری #چهل_سال_شکست #براندازم,OTHER
3325,ای بابا اعصابم خورد شد ، چه جوری میشه فیلم گذاشت تو تویتر؟؟,ANGRY
3326,چکیده ی عقاید و منش جمهوری اسلامی رو در دوست پسر همکلاسیم مشاهده می کنم و نمی دونم تا کی میتونم زبان به کام بگیرم. البته که یکی از مقصرین این جریان خود دختره ست که چنین فردی رو به حریم عاطفیش وارد کرده و حق خودش نمی دونه اعتراض کنه. میخوام روشنش کنم میترسم بذاره پای حسودی :)))),FEAR
3327,دوستانی که علاقه دارن درباره یک موقعیت شغلی عالی (Senior Java back-end developer) اطلاعات داشته باشن، به من پیغام بدن. ریتوییت لطفا,OTHER
3328, حجاب ؟؟؟؟؟ اگه قبولش داشتم رعایت میکردم یک . گوهخوریش ب تو و امثال تو ساندیس خور نیومده دو . بوزینه اونیه ک از ترس کیونش عکس نمیذاره ک ملت ببین چ گوهیه سه . رو حرف دیگران ریپلای نکنی نمیگن بیسواده ب شبکه های اجتماعی وارد نی چهار .  پنج و شیشم دارم اگه میخای بیشتر بشنوی .,ANGRY
3329,سفارت انگلیس پناهنده شده اند موجود است که بیانگر این واقعه بوده و فرار آنان به وطن اصلی خودشان یعنی انگلیس را حکایت میکند...! و اکنون باید دنبال نشانه های دیگری برای انگلیسی بودن جاسوسان خارجی در لباس روحانیت گشت,OTHER
3330, وقتی هم که خود ریسه گالری رو پیدا کردم و بهشون زنگ زدم اونقدر برخوردشون خوب بود که لذت بردم...!شاید باورتون نشه ولی اون قدیما که تویتتر نبود مردم میریختن بیرون اعتراض میکردن #دلار,OTHER
3331,آیا میدانید امسال حتا یک پیام تبریک هم از طریق اینباکس سیمکارت دریافت نکردم؟؟ همه تلگرام و شبکهها چی شده ؟؟,SURPRISE
3332,سال ۹۵ دوتا شکست کاری وحشتناک داشتم که من رو تو بدترین وضعیت روحی قرار داد و دیشب یه جمله باعث شد دوباره طعم شکستها بیاد زیر زبونم.,SAD
3333,من صبح ساعت 6 باید بیدار شم و تا جوقان کوچک برم و بعد تا 1 به بچه های پر از انرژی درس یاد بدم بعد نشستم توییت های امین رو میخونم!! شب خوش,OTHER
3334,عيدي نظام به ايرانيان #بازداشت #نسرین_ستوده ،احسنت به اين وقت شناسي،چند روز پيش كه نسرين را ديدم از كنكور مهرآوه گفت و اينكه خوشحال هست كه در اين سال سرنوشت ساز كنار مهرآوه بوده حالا چند روز به كنكور باز مهرآوه ماند و خانه اي در حسرت مادر #زندان,SAD
3335,همیشه تنها کاری از دستم برمیاد متنفر شدن از خودمه,HATE
3336, خنک با شیرینی ملایمموفقیت های #دونیت درسال95 تجهیز #شیرخوارگاه امام علی مبلغ موردنیاز:6میلیون تومان مبلغ جمع آوری شده:7 و نیم میلیون تومان تعداد حامیان:61نفر,OTHER
3337,این plotly عجب معجزه ایه خدایی,SURPRISE
3338,اعصابم تخمیه ننه ایشالا بگایی قسمت همه,ANGRY
3339,""" """"امروز بدستم رسید تو شگفت انگیز گرفتم با اینکه قیمتش بالا بود ولی برای چیزی پول میدین که ارزش دارهچقدر بدم میاد از این آدمهای چاپلوس""",HATE
3340,سایتی که برای تست کار آفرین دادید رو پیدا نکردیم ممکنه آدرسش رو کامل بگید. #pwconf #PWCONF,OTHER
3341,اگه انسان موفقي شُديد، تو يه حرفه اي متخصص شُديد، يه علمي رو خوب ياد گرفتيد، يه جوري نباشيد كه بقيه از ترس گفتن چيز احمقانه اي پيشتون، ترجيح بدن باهاتون صحبت نكنن يا سوالي نپرسن.,FEAR
3342,کاش میشد همتونو بدم و بجاش اون لپ تاپ پنج تومنی رز گلد hp رو داشته باشم :((,OTHER
3343,آقای وزارت علوم واقعا فکر کردی ما قراره بریم تو دانشگاه چی بگیم که شاخ و شونه کشیدی و برنامه رو کنسل کردی برادر. به #انجمن_فرهنگ_رسانه #دانشگاه_امیرکبیر گفتهاند «#وزارت_علوم لیستی داده که اینها نمیتوانند در دانشگاه حاضر شوند» وزیر پیشنهادی 21 ام بالاخره بهتر از این نمیشه!,ANGRY
3344,"""من تازه شرو به یادگیری کردم و در مورد کاراییش نمیتونم نظر بدم اما قبل از خرید پرس و جو کردم و اکثرا همین رو پیشنهاد دادن""""""",HAPPY
3345, موندگاریشم ب نسب مبلغی ک توی پیشنهاد شگفت انگیز هزینه میکنیده پیشنهاد میکنم حتما بخرید البته تو شگفت انگیزجدی گل میزنین همه چی به نظرتون خنده دار میاد و هار هار میخندین؟؟؟,SURPRISE
3346,صدای #آرش_صادقی #زندانی_سیاسی مبتلا به سرطان بدون تکمیل مراحل درمان که هرروز حال او بدتر می شود لعنت بر خمینی ، مرگ بر خامنه ای سرنگونی نزدیک است #چهل_سال_دیکتاتوری #چهل_سال_شکست,HATE
3347,طایر بستان پرستم لیکنم پر باز نیست گلشنم نزدیک اما رخصت پرواز نیست وحشی بافقی,SAD
3348,به معنای واقعی کلمه ۲۰۰٪ حرفای آزاده و خط فکریاش رو قبول دارم؛ دعوتتون میکنم چه در توئیتر و چه در اینستاگرام حتما دنبالش کنید. پ.ن. پیرو مساله تجاوز و نحوه پاسخ صحیح و علمی و عملی (نه حسی و جوزدگی) به این موضوع. …,OTHER
3349, تکون بدم ک شما لخت تر از این بیاین بیرون,OTHER
3350,هام بند اومده بود اما ابی که رو سرم میریخت روى دستم گرم مى شد اونقدر دیشب از شدت عصبانیت و خشم نسبت به سیاست های کثیف,ANGRY
3351,چوب لباسی افتاد 4، 5 سانتی سرم تا چند دقیقه از ترس قفل بودم …,FEAR
3352,حال و هوای خیلی از مسئولان و نمایندههای ما هم یه چیزیه تو این مایهها.....,OTHER
3353,بر سر سفره احساس اگر جایی بود سخن ساده تبریک مرا جا بدهید سین هشتم سخن ساده ی تبریک من است جا سر سفره اگر نیست به دلها بدهید عید همتون تبریک,HAPPY
3354,اون زنیکه که توی درب ماشین وایساده چی وق و وق میکنه ،ناراحت از اینکه چرا امروز کسی گیرشون نیومده مثل برده باهاش رفتار کنن،ننگ بر این حرامزادگان اجنبی,ANGRY
3355,حجم فشاری که این توقع خفن بودن داره به ایرانیها میاره، باعث میشه از تمام کشورهای همسایه متنفر باشند چون توقع دارند چیز دیگهای باشند. فکر میکنند اُمُلند اگه با عراقیها، افغانها یا پاکستانیها و ... قایسه بشند. چرا؟ چون اون پادشاه های احمق پر از حقارت این رو تو کله اینها کردند.,HATE
3356,#مهم آیت الله امامی کاشانی در نمازجمعه #تهران：باید به ظریف تبریك گفت/خدا نصرش را از طریق آدمهای شایسته به وجود می آورد,HAPPY
3357,بابام میگه قدیما مردم خوشتیپ و خوشگل نبودن اما معرفت داشتن الآن همه خوشتیپ فرنگ رفته و با تحصیلات عالی اما گردن خم کنی میخواد سواری بگیره!!,SAD
3358,ورود #دیوان_عدالت_اداری در مسأله ویلاهای لواسان و تلاش برای اصلاح قانون، خبرهای خوبی است، الحمدلله. اما بدانیم #عدالت باید فرهنگ عمومی میان همهٔ ما بهویژه مسئولان و خواص شود، زیرا پایهٔ #دولت و جامعهٔ اسلامی است. #زمین_خواری,OTHER
3359,دو سال پیش این موقع یه جوون افسرده، بی کار ترک تحصیل کرده، نا امید بودم شاید به قول شاهین به روزای شاد مشکوکم اما پر از حس امید و آرامشم. خوشحالم که مهمترین تصمیم زندگیم(#مهاجرت) تا اینجا خوب بوده برام,HAPPY
3360,کتابی بعد از جنگ جهانی منتشر شد به نام «فانتزیهای جنسی مردان». نویسنده این نکته را مطرح کرده بود که سربازانی که جهان را در جنگ جهانی به آتش کشیدند و آن جنایتها را انجام دادند، محصول تربیت خشک، آمرانه و غلط آلمانی بودند که مدام به زندگی کودکان تجاوز می کرد. آنها انتقام گرفتند.,SAD
3361,اگر با خشم مردم از خواب بیدار نشدید بدانید که یک روز با گلوله برای همیشه به خواب خواهید رفت!  … … #براندازم #IranRegimeChang,ANGRY
3362,متنفرم از اینکه همیشه ترس از آینده باعث شد نتونم از زندگی تو همون لحظه لذت ببرم :(,HATE
3363,یاد بگیریم برای حق خواهی درست وقتی مخاطب ناوارد و شیطونه اعتراض خشن کنید :)) #tedxomid,OTHER
3364,اینکه خیلیا دوستون داشته باشن و ازتون تعریف کنن خیلی نمیتونه دلیل موفقیتتون بشه ، ولی فقط کافیه که یک نفر ازتون خوشش نیاد و همون آدم پله بعدی برای بالا رفتنتون به سمت موفقیت بشه و میتونه دلیل عدم موفقیتتون بشه!,OTHER
3365,عجیبه که حتی نمیتونم,SURPRISE
3366,مدیر ورزشگاه شیرودی برداشته تمام پیاده رو مقابل را به پارکینگ اختصاصی زنجیرداری تبدیل کرده!چنانچه مردم ناگزیر از جوی بی آب مقابل برای تردد استفاده می کنند، واقعا این تجاوز نیست؟ شهرداری به چه حقی پیاده رو را فروخته؟,ANGRY
3367,خب داره نغمه هایی عاشقانه از قلب وحشی من به گوش میرسه,HAPPY
3368,ثبت در تاریخ ! اختلاف یک امتیاز در گروه مرگ حذف شدیم اما ستارگان رئال و بارسا را حیرت زده کردیم …,SURPRISE
3369,زندگی چيز چرندی است...! اما انسان اگر تا آنجا كه می تواند از آن لذت نبرد بايد خيلی ابله باشد!,OTHER
3370,کارگران گروه ملی فولاد اهواز امرروز یکشنبه ۲۰آبان ۹۷ برای دومین روز متوالی در مقابل ساختمان استانداری رژیم در این شهر تجمع اعتراضی برگزار کردند. آنها در اعتراض به پرداخت نشدن ماهها حقوق و همچین وضعیت نابسامان کارخانه تجمع کردند. #خروش_آبان #اعتصاب_سراسری,OTHER
3371,ماکارانیم وحشتناک تند شد,FEAR
3372,چشمات عمق داره ،ترس داره ، به چی داری فکر میکنی ؟؟,FEAR
3373,وحشی به تخمدانم اصلا,ANGRY
3374,طوفان توییتری همراه شویم در سوگ و اعتراض به جان باختن چهار کودک معصوم زاهدانی بر اثر آتش گرفتن چراغ نفتی در مدرسه هشتگ: #دیکته_آتش دوشنبه ۳ دی - ساعت ۲۲,SAD
3375,عمه ام میگه انقدر کار نکن یه کم تفریح کن چقدر به خودت فشار میاری...پسفردا که به سن ما برسی میفهمی اشتباه کردی... خوب عمه جان من با این میزان کار کردن هم دارم از گشنگی میمیرم...اگه کار نکنم که بعیده اصلا به سن شما برسم!!!,SAD
3376, در خرید این ادکلن شک نکنید و از بوی خاصش لذت ببریدلعنت به من که اینقدر احساساتی ام! یه جوری بهم بگین کص خلم که باورم بشه و تغییر کنم,SAD
3377,روش جدیدم برای استفاده ی بهینه از اینکه از واژه ی عزیزم به شدت متنفرم : از هرکی بدم میاد ولی باید ظاهر رو باهاش حفظ کنم بهش میگم عزیزم و فقط خودم میدونم چی دارم میگم.,HATE
3378,مراسم ملی #جشن_سده در تهران، (شب گذشته) استفاده از هر فرصتی برای پایکوبی و شادی و آوازخوانی خیابانی و هجو و تمسخر حکومت,HAPPY
3379,به آدم هایی که از خوشحالی شما شاد میشوند و از ناراحتی شما غمگین توجه خاص داشته باشید، آنها سزاوار جایگاهی ویژه، در قلب شما هستند,HAPPY
3380,روحش شاد و يادش گرامي,SAD
3381,نیاز به یه برده ی غیرجنسی دارم هروقت اعصابم خورد میشه بندازمش تو اتاق جلو سگام تیکه تیکه شدنشو ببینم.,ANGRY
3382,گاهی توییت ها رو میبینم که به شوخی در ان مطالبی رو به خدا نسبت میدن .و و وقتی اعتراض میکنی میگن به تو چه و ازون بدتر کسانیکه حمایت میکنند ازین نوشته ها ..خدا بزرگتر از انست که حتی وصف شود با این کارها فکر نکنید خیلی بامزه هستید بلکه ناخوداگاه مرتکب گناه میشید ..با خدا شوخی نکنید,SAD
3383,ساعت ۲:۳۰ شبه و همسایه داره زن و بچه ش رو میزنه الانم زنگ زد پدر زنش بیاد از صدای گریه بچه و مادرش اعصابم داغونه و خوابم نمیبره..,ANGRY
3384, شاخ چیه بابا اینا ی مش‌داهاتی پشت کیبورد میان میرینن ب‌مجازی,ANGRY
3385, این مدل گلس برای گوشی گلسی اس 6 هستش یا اس6 اج ؟این حجم نارضایتیای که غالب اوقات برام پیش میاد و اعصابم رو واقعا به فاک میده، تنها مدیون فاکینگ مدارس سمپاد و خونوادهامم که بهم القا کردن تو باید بهترین و کامل ترین باشی! و من نبودم..خیلی وقتها نبودم..,ANGRY
3386,اگر تو موسیقی بودی؛ بیوقفه به تو گوش می سپردم و اندوهم به شادی بدل میشد ... تولدت مبارک بهترینم,HAPPY
3387,#بیدود عزیز ممنون که از همین اول روی حرفی که خودت زدی هم نموندی. این همه ذوق داشتم این همه تبلیغت رو کردم. شد آخر شهریور حتی یه خبر نمیدی بگی ببخشید به این دلیل دیر شد؟ آفرین بهت.,SAD
3388,ده سال طول میکشد تا به موفقیت «یک شبه» برسید,OTHER
3389,ویدئو تولد هیلا رودیدم و این همه زنی که چاق بودن و یکی اویزونشون بود وتمام تلاش اون لحظه شون برا خوشحالی اون موجودات ۴ ساله بود نه خودشون،ترسناک بود!,FEAR
3390,وقتی نوجوان بودم اینا رو عجیب دوست داشتم، کتاب هاش که عالی بودند، کارتون اش هم که بی نهایت هیجان انگیز و عالی #بلیک_و_مورتیمر,HAPPY
3391,تو اوج عشق و عاشقی ولمون کنید برید بعد ازینکه با بدبختی ازتون دل کندیم برگردید بگید پشیمونید... ما خیلی دوست داریم! -_-,SAD
3392,رامبد جوان با یک رفتار کاملا غیرحرفه ای و بیشعوری زیاد قبل از اجرای وحید رحیمیان رفت جلوش از اجرای مزخرف آیت بی غم به عنوان خاص ترین اجرای کل دوره های خندوانه نام برد و گند زد به اعتماد به نفس طرف #خندوانه …,ANGRY
3393, بسته‌بندی با این که تو عکس فرق دارهوقتی سخن از تو میگویم از عاشق از عارفانه میگویم. از دوستت دارم از خواهم داشت از فکر عبور در به تنهایی من با گذر از دل تو میکردم. من با سفر سیاه چشم تو زیباست خواهم زیست. من به تمنای تو خواهم ماند من با سخن از تو خواهم خواند. #رویایی,HAPPY
3394,دلم خونه مون رو می خواهد، دلم مامانمو می خواهد، و از همه تون که شب یلدا پیش خانوادتونید بدم میاد,HATE
3395,از مسئولان نپرسید #فرزندت_کجاست ، بپرسید فرزندان دیگران کجا هستند؟ #کودکان_کار کجا هستند؟ فرزندان #زلزده_زده سرپل ذهاب کجا هستند؟ کودکان #بلوچ گمشده کجا هستند؟,SAD
3396,مسئولان عزیز خیلی خوب می شود چند روز دیگر هم سکوت کنید تا قیمت ارز پایین تر بیاد. #نه_به_دلار_نه_به_دلال #سقوط_دلار,OTHER
3397,عجب بوی سو سن و یاسمنی میاد! تنگی نفس گرفتم,SURPRISE
3398,در حین حرکت تو جاده و گوش دادن آهنگ تصمیم گرفتم یک حرکت بسیار ترسناک و حقیقتا خیلی خطرناک و متهورانه رو انجام بدم! با ما همراه باشید,FEAR
3399,نفرین و آرزوی مرگ برای دیگران داشتن بذر سیاه نا آرامی و آشفتگی را در وجودمان پرورش میدهد و آسودگی را برایمان بی رنگ میکند. ما به دعای هم محتاجیم، نه به نفرین و لعن! الهی قمشهای,OTHER
3400, … احتمالا بر خلاف پاول دورف مدير #تلگرام ، مديران #ویچت تمام ضمانت هاي لازم و حتي بيشتر از آن را به مسئولان عزيزمان داده اند. حالا ديگر خيالمان راحت است كه وي چت ناقض حريم خانواده نيست چون دوستان حواسشان به حريم ما هست. :),OTHER
3401,با سلام و خسته نباشید خدمت همکاران بامیلو، خواستم پیشنهاد بدم لطفاً راهنمای سایز لباس‌ها را همراه با سانتی‌متر در کنار اقلام مورد فروش بگذارید. ممنونم,OTHER
3402,من همین جوری که هستی دوستت دارم، درون گرا، غمگین، و مهربون ، تنها چیزی که باعث میشه اینا ویژگی هات رو دوست داشتم باشم(چون واقعی هستن)،اینکه میای، اینجا و راحت هرچی تو مغزت هست رو میگی، …,HAPPY
3403,جدی توییترو با ترس باز میکنم یه فازی دارم که هر لحظه ممکنه احمدینژاد با یه دستهگل ظاهر بشه جوایز گلدنگلبو تبریک بگه به یکی,FEAR
3404,گور پدر خامنه ای  که این دیوث ها رو شاخ کرده,ANGRY
3405,یه سوالی که مطرح میشه اینه که اساسا به ما چه؟ به مردم چه؟ جوونه و باید ازدواج میکرده و این کار رو انجام داده پدر و مادر شهید خواستن به عروسشون تبریک بگن خواستن فرهنگ سازی کنن دیگه عاشق تر از امیر المومنین و حضرت زهرا؟ حضرت امیر(ع) ۷ روز بعد وفات حضرت فاطمه(س) ازدواج کردن,OTHER
3406,متاسفانه ماندگاری بو بسیار ضعیف میباشد و با اینکه من در شگفت انگیز خریدم اما واقعا ارزش خرید ندارد و چه بهتر است با کمی هزینه بیشتر یه عطر بهتر خرید,SAD
3407,از وقتی که در همهپرسیهای توییتری جهت تعیین لیدر براندازان تعداد رأی علی عبدالرضایی بالا گرفت و رضا پهلوی یکهتازی خود را از دست داد،پروژهی تخریب شاعر کلید خورد و دو هفته میشود که ارتش سایبری شیخ و شاه در حال تخریب اوست #بسیج_بلاهت_علیه_عبدالرضایی,SAD
3408, یه کامنت نوشتی عمو... دویست نفر سیفون مستراح رو باز کردن توی حلق ات هااااا... خدایی عجب ظرفیتی دارین شما جماعت انگشت شمار ...,SURPRISE
3409,نماینده مردم تهران: بنابر اطلاع رسیده شورای عالی امنیت ملی نیز پس از بررسی کارشناسی پرونده متهمان محیط زیستی فعالیت متهمان را مصداق جاسوسی تشخیص نداده است. iran_times  …,OTHER
3410,کشور داره لبریز میشه از کسب و کارهای جاکشبنیان. پکیج موفقیت، کارت تخفیف دندانپزشکی، اساماس ارزش افزوده، مسابقهی تلویزیونی گلزار، قرعهکشی خرکی، کوفت، زهرمار.,ANGRY
3411,از دیجی گرفتم اولش فک میکردم یه جنس بی کیفیت هستش.ولی وقتی رسید دستم واقعا شگفت زده شدم.خیلی عالی جواب میده,HAPPY
3412,""" """"نسبت به قیمتش بد نیستترانههای انگلیسی فرهاد مهراد رو غیر از یکی دو مورد تا الان گوش نکرده بودم، واقعا آدم حیرت میکنه از هنر این آدم.""",SURPRISE
3413,های میان درآمد جامعه به صدا درمی آورد تا بدانان گوشزد کند که«کمونیست»ها در کمین نشسته و از هر حرکت مستقل و از هر اعتراضی،از اعتراض صنفی تا حرکت برای تشکیل نهاد صنفی مستقل،بهره میگیرند تا نظام را سرنگون کرده و ثروت، امتیازها، رانت های سیاسی و فرهنگی و اقتصادی و... را مصادره کنند».,OTHER
3414,لعنت بر زبانی که بی موقع لال شد,ANGRY
3415, صفحه نمایشش بد نیستیکی از متهمان پرونده موسسه «ثامنالحجج» فرار کرد. بر اساس گزارشها، ابوالفضل میرعلی، مدیر عامل این مؤسسه، سابقه عضویت در هیئت مدیره شرکت نفت، گاز و پتروشیمی «لیسار ماه» را دارد که محمدحسن خامنهای، برادر رهبر جمهوری اسلامی، عضو هیئت مدیره آن بوده است. …,OTHER
3416,بچه مدرسه اي ها هم شاخ شدن ديگه.,SURPRISE
3417,تو تمام زندگیم نسبت به هرچیزی بیتفاوتم، نه از چیزی تعصبی بدم میاد نه چیزی هست که تعصبی طرفدارش باشم. ولی وقتی کناریم با صدای بلند ملچمولوچ میکنه موقع غذا خوردن پتانسیل قاتل شدن و دارم. اسبی مگه؟ -_____-,ANGRY
3418,پ ن پ .انتظار دارید تو برنامه صدا سیما حرف حقیقت بزنه.خود رامبدم شاخ درآورد از دروغش????,SURPRISE
3419,دارم یه عکس با کیفیت مرگ.. دانلود میکنم!! عجب رنگهایی.... اوووووووووف,HAPPY
3420,مامانم درپیتزافروشی سس کچاپ خواست. پسرم- که نمیدونم از کجا یاد گرفته-گفت مامان شهین اگر سس بریزید رو پیتزاتون همه میفهمن ایرانی هستین.مامانم گفت خب بفهمن عزیزم،مگه اشکالی داره؟ چشمهای ایلیا برق زد گفت نه هرکی مال یکجاییه.دوتایی سس زیادی ریختن رو پیتزاشون و خوردن.آفرین به مامانم,HAPPY
3421,"""با معلم دختر جلسه داشتم از روش انتقاد سازنده حرف زد گفت آنار در نقد انشای دوستش که گفته تابستان به او خوش نگذشته چون مشهد پر از """"افغانی"""" بوده، گفته جمله ت نژادپرستانه ست ما نباید کسی رو به خاطر نژاد، جنسیت و ظاهرش تحقیر کنیم الان سرم ب طاق آسمون چسبیده برید کنار دور افتخار بزنم.""",HAPPY
3422,تصاویری با صدای تیراندازی(احتمالا هم کلاشینکف) پخش میکنند و بلوا میکنند که وای در #خرمشهر تیراندازی شده! البته این صداها برای اهالی خرمشهر رسماً زنگ تفریح است. جنگدیدهها با خمسه خمسه حال میکنند و جوانترها هم که این صداها را دستکم در عروسیها زیاد شنیدهاند.. جو نده کوکا!,OTHER
3423,ببشتر از اینکه دلم برای اون دختر بسوزه یا از پسره بدم میاد از خانواده هاشون متنفرم ازشون بیزارم چطور نمیفهمن بچهشون حالش چیه بچه تو سرش چی میگذره چطور میذارت انقدر بچه احمقو ساده یا رذل و کثیف تو جامعه باشه,HATE
3424,امروز یه خانمی ازم آدرس پرسید منم ۵دقیقه فکر کردم گفتم نمیدونم، با دست علامت خاک بر سرت رو نثار بنده کرد مردم بی اعصاب شدن، حتما باید آدرس اشتباه بهتون بدم بعدم بخندم,ANGRY
3425,نسیمی جانفزا می آید بوی کرببلا می آید با یاد شهیدان #کربلای۵ با نوای شهید حسن اردستانی جوان ۲۱ ساله تهرانی، چند لحظه قبل از شهادت. من دست یکایک شما پیشگامان رهایی را می بوسم و می دانم که اگر مسؤولان نظام اسلامی از شما غافل شوند، به آتش دوزخ الهی خواهند سوخت. امام خمینی ره,SAD
3426,دیروز یکی از دوستام رفت تهران که بره جایی سر کار، شب رسید تو خیابون یکی میاد کنارش یکی هم از پشت اتر میگیرن جلو دهنش بیهوش میشه همه وسیله هاش و یه گوشی آیفون ۸ پلاس و کلی لوازم و کوله رو میبرن. اعصابم حسابی بهم ریخته.,ANGRY
3427,مامانم بخاطر گم شدن یه تی شرت که پنج شیش سال پیش خریده بودم که الان واس کار میپوشیدم با من بحث کرد و رید به اعصابم,ANGRY
3428,اگه تو خیابون اعتراض کنی نیروی انتظامی با ماشین از روت رد میشه. اگه تو دانشگاه اعتراض کنی رییس دانشگاه با ماشین از روت رد میشه,SAD
3429,هميشه از اين علي عليپور بدم ميومد خاك بر سرش اگه اون گل رو زده بود همه چيز عوض ميشد,HATE
3430,گفتم یه روزی بی خبر از پیش من میره گفتم گلوش گیره منو گردن نمیگیره هرباری که یادم میای انگار میمیرم... لعنت به تو! آدم مگه چن بار میمیره عاشق که نه...اما نفهمیدی دوسِت داشتم! #اهورا_فروزان,SAD
3431,اولین باری که کمپین ما فقط در یک لینک زیر بالای ۱۲ میلیون بار دیده و باعث شد صدای ایرانیانی که به تفکر داعشی اعتراض دارند جهانی شود زمانی که بود که مردان ایرانی همراهمان شدند و به جواد ظریف که گفت حجاب فرهنگ ماست اعتراض کردند. قدردان مردان آزاداندیش  …,OTHER
3432,""" """"بعد یه مدت استفاده ازش میتونم‌بگم عالیه تا وقتی موهارو نشوری صاف میمونه و اینکه قبلا گفتم مدل 8590 بهتر از اینه!الان میگم حتی این میتونه بهترم باشه!هم سبک تره هم سریعتر صاف میکنه من تو شگفت انگیز خریدم و از خریدم راضیمیکیتون تو ناشناس بم گفت چرا ازم بدت میاد هر جا هستی بدون ازت بدم نمیاد""",HATE
3433,""" """"ديگه گله از قدرت احمقها نيستپیشنهاد نمیکنم""""""",SAD
3434,رتبه #کنکور یک چیز شخصیه. لطفا با پرسیدن از دیگران آنها را آزار ندهیم. اگر از رتبشون راضی باشند خودشون اعلام میکنند. این رو به پدر مادرها هم تذکر بدیم. ممکنه به دلیل رتبه کنکور فضای خونه خیلیا ناراحت باشه. #ریت #ریتوئیت,SAD
3435,میخوام تو این راه همراهی و کمک کنم بهتون..لطفا راهنماییم کنید..هر کمکی من خیییلی متاثر میشم وقتی این پیجهای هتاک رو میبینم .لطفا راهنماییم کنید .,SAD
3436,واقعاً خیلی دوس دارم دلیل سفر بستگان به ایران در این اوضاع بلبشو رو بدونم! از چی اینجا ممکنه لذت ببرن؟! :|,SURPRISE
3437,5 سیاستمداران در کنار هوا کردن تبریک های کیلویی بعد از پیروزی در فوتبال، به این هم فکر کنند که مردم به دلخوشی های دیگر هم نیاز دارند. چیزهایی که وقتی تیم شکست خورد احساس نکنند دنیا به آخر رسیده. اگر #گالیله زنده بود شاید می گفت: بدا به حال ملتی که تنها دلخوشی اش فوتبال است!,SAD
3438,همهی وجودم تبدیل به خشم شده. و نمیدونم چطور باید تخلیهش کنم.,ANGRY
3439,در فلزی بسته به بدنه استوانه ای چسب نواری زده شده بود و رنگش هم یک جاهایی پریده بود و بدنه هم قر شده بود . میخواستم به یک بچه هدیه بدم که روم نشد,SAD
3440,رهبری از اول هم مخالف مذاکره از طریق وزارت امور خارجه بودند،و نظرشان مانند دوره های قبل و دبیر شورای عالی امنیت ملی بود که با مخالفت و فشارهای مسولین بی تدبیر وبی کفایت ،در نهایت به ناچار پذیرفتند ولی از ابتدا خوشبین نبودند و درنهایت ظریف همان کلاهی که سر ابوموسی رفته بود،سرش رفت,SAD
3441,"""مامدگاریش هم بد نیست و قابل قبوله""""""",HAPPY
3442,"""یادمه یه بار با مادرم بحثم شده بود، هم ایشون دلخور بودن و هم من، پدرم اومد پیشم، یکی از قاب عکس های بچگیم رو آورده بود، نشست کنارم و گفت: """" اینجا چند ماهت ه، نمیتونستی صاف بشینی ببین دست کی پشت ات ه ک صاف نشستی؟ دست مادرت ه، مادرت هرچی هم بگه فقط از سر دلسوزی و برای موفقیت ات ه""""""",OTHER
3443,آنجا که منجلاب گُه است دم از اصلاح زدن خیانت است. اگر به یک تکه آن انتقاد بشود قسمتهای دیگرش تبرئه خواهد شد. تبرئه شدنی نیست باید همهاش را دربست محکوم کرد و با یک تیپا توی خلا پرت کرد هدایت، از نامهها به شهیدنورایی,ANGRY
3444,لعنت بر آنانی که جوانان پاک و مظلوم رو برای باز کردن جای خودشون مینداخت روی مین تا الان خون مردم رو بکنن توی شیشه تا پرواز راهی نیست ، آزادی... …,HATE
3445,برای همین عقل میگه ک با هر ابزاری ک میتونی با این شخص و با این کشور مقابله کن تا این تفکر و این حکومت از بین بره تا مبادا الگو بشه و مابقی کشورها فک کنن پس میشه بدون تکیه ب ابرقدرتها و با تکیه بر ظرفیتهای داخل کشور ب درجات عالی رسید!,OTHER
3446,حالا شجریان که میره خونه پسرش ناهار زرشک پلو دعوت باشه میتونه بگه ادم نمیدونه مرغ سحر بخونه یا مرغ سحر بخوره و همه باجناقاش خنده کنن.,HAPPY
3447,اما اصلا خودش ناراحت نکن. اش روبرگردون تو به ظرف، یه تخم مرغ بزن، مثل کوکو درستش کن. خیلی هم عالی و خوشمزه شد.,HAPPY
3448,یک ثروتمند مثل یک فقیر است; هر دو دلشان میخواهد وقتی وارد خانه شدند، خانه به آنها آرامش و امنیت و احساس راحتی وآسودگی بدهد؛این را همه مردها میخواهند. همه زنها هم میخواهند وقتی شوهرشان وارد خانه شد خانه را پر از شیرینی و شادی کند خانه برایشان محیط راحتی و شادی شود امام خامنه ای,HAPPY
3449,تصور تحمل گرمایی چندبرابر تهران بدون برق وحشتناک..خوزستانی ها این تصور رو زندگی می کنن! #دلواپس_خوزستانیم,FEAR
3450,تیرماه۹۵، درپی افشای فیشهاینجومی، رئیس جمهور حسن روحانی قول داد سامانه انتشار حقوق مسئولان را تا یکماه دیگر راهاندازی کند. این سامانه تاکنون راه اندازی نشده است. همچنان منتظریم تا آن یکماه بعد بیاید,OTHER
3451,درمصاحبه با تسنیم باتوجه به بیانات رهبری برانتقادپذیری همه مسئولان تأکید کردم تسنیم انتقادپذیری روحانی راتیترکرد.,OTHER
3452,خیلی نامردیه که «الگوی تهیه مقاله»شون رو یه فایل ورد گذاشتن! و همهی توضیحاتم با توجه به ورد داده شده!! لعنتیا! لااقل تبدیل به pdf میکردید قیافهش نریزه بهم تا من بتونم مشابهش رو با تک درست کنم :| #مملکته پ.ن: اینقدر بدم میاد این مایکروسافتیا فکر میکنن فقط خودشون وجود دارن!,HATE
3453,سلام. ی سوال.وقتی درب گوشی روباز میکنی ی صدای ورودی وحشتناک میده چجوری میشه اون صدا رو قطع کرد و همچنین صدای صفحه کلیدو,OTHER
3454,"""همون امتیاز 1 هم برا فروشگاهت زیاده""""""",ANGRY
3455,معمولا وقتی ناراحتی عمیقی داشته باشم نمی تونم رو تختم بخوابم.یهو به خودم میام میبینم یه ماهه رو زمین کنار تختم میخوابم.سریال یا فیلم های تکراری میبینم.به آدمای بیرون لبخند میزنم. بحث نمیکنم. البته اگه تو جمع خوبی قرار بگیرم خیلی پر حرف میشم..جبران روزها و هفته ها عجیبه,SAD
3456,تو این اوضاع فقط برد تیم ملی میتونه دل ها رو شاد و یکم حواس ها رو پرت کنه ایشالا که میبریم,HAPPY
3457,مداح هیئت وسط نوحه یهو گفت «زنها بیحیا شدن، تقصیر اونا نیست، تقصیر مردای بیغیرتشونه، البته شیطون زیر دست زنها کم آورده» باخواهرم پاشدیم اومدیم خونه و هی به خودم فحش میدم چرا جایی رفتم که چنین کثافتی با اعصابم بازی کنه.,ANGRY
3458,در قسمت اول پادکست آپوستروف به سراغ ادبیات آمریکا رفتیم. داستان «به اصطلاح، پدر» اثر یکی از نویسندههای کمتر شناخته شده سبک مدرنیسم هست که شنیدن و شناختنش خالی از لذت نیست. چارلز بکستر یکی از دوستداشتنیترین نویسندههای معاصر کمتر شناخته شده ادبیات آمریکا هست,OTHER
3459,سکس تصویری انجام میدم به جون مامانم خیلی پول  نیاز دارم این تنها کاریه که می تونم انجام بدم اثبات دختر بودنم می دم  واتساپ و ایمو 09015721193,OTHER
3460,شبیه عکس نیس...بنظرم چرم طبیعی نیست...اما در کل نمیشه گفت که کیف خوبی نیس...تو شگفت انگیز ارزش خرید داره,OTHER
3461,جالبه بدونید بیست نفر وابسته به مافیای تویتتری جناب دهان مستراح آنفالوم کردن:)) در همین حد ضعیف،در همین حد ترسو؛دستتون درد نکنه اعضا،چه خوب که زحمت من روکم کردین،نبودتون بهتره ؛),FEAR
3462,از تموم شدن زمستون خوشحالیاید، ولی من استرس میگیرم؛ هم چون تولدم نزدیک میشه و نمیخوام بزرگتر شم (پیترپن، اگه اینو میخونی من هنوز کوچکم و میشه قاچاقی بین بچهها باشم، شبیه ۱۶سالههام، بیا منو ببر.) هم چون از خورشید و آفتاب بیزارم، بیزارم، بیزارم.,HATE
3463, بدنه خود هدفون میلرزهاگر موفقیت یا عدمموفقیتی بوده جنسیتم توش دخیل نبوده. مثل بقیهی آدمه، فارغ از زن بودن دستاوردها و ناکامیهایی داشتم.,OTHER
3464,در شگفت انگیز ارزش خرید بالایی داره  .  در خوشبو بودن که شک نکنید .  پخش بو ضعیف و ماندگاری تقریبا ضعیف.  نسبت به پولی که میدین منطقیه.,OTHER
3465,""" """"سلام من چندتا ابزار مارک اکتبو از دیجی خریدم همشون خرابمن از خیلیا متنفر نیستم فقط اگه آتیش بگیرن و قرار باشه بسوزن و بمیرن و من آب تو دستم باشه ترجیح میدم بخورمش!!!!""",HATE
3466,از کدام خبرنهار ها بیشتر متفرید ؟ پژمان راهبر ، علی عالی ، طلوعی خودم راهبر البته مهدی رستم پورم جای خودشو داره  …,HATE
3467, عجب شاگردایی داشته,SURPRISE
3468,""" بخاطر سوگندی که برای احیای عدالت یاد کردیاز اونجایی که دو روزه استفاده میکنم در مورد دوامش نمیتونم نظر بدم.""""""",SAD
3469,یوقتایی انقد میره رو مخم که در حقش کارایی میکنم و حرفایی میزنم که از خودم بدم میاد,HATE
3470,#جواد_خیابانی مثل مهاجمی هست که هیچ وقت بهش توپ نمی رسه و همیشه انتقاد میشنوه..مثل فن نیستلروی، مثل ایمون زاید ولی یه جایی گلش رو می زنه که سالها به خاطر می مونه مثل گزارش بازی ایران-استرالیا مثل حرفاش درباره #كيروش,HAPPY
3471,در سکوت رسانهها و فعالان فضای مجازی، «حمید رحمتی» معلم اهل شهرضا در اعتراض به بازداشت اخیر فعالین صنفی معلمان، در محوطه اداره آموزش و پرورش شهرش، دست به اعتصاب غذای خشک زده و امروز هم سومین روز اعتصاب غذاشه! تن شریفش رو به خطر انداخته برای آزادی همکارانش. کاش ماهم سکوت نکنیم...,SAD
3472,عجب دیدنی این چسلام که با یه تار مو میلزره,SURPRISE
3473,این ترس از ادرات دولتی و بانک و اینا آخر گریبانمو گرفت سازمان صنعت و معدن دیگه چیه اخه:/,FEAR
3474,اگر من جای مسئولان این مجله بودم که هیچ محتوایی از خودش نیست و همه محتواش ترجمه متون خارجی است و یا مصاحبه با افراد مختلف، حداقل کاری که می کردم این بود که تو مسائل مربوط به بیزنس اظهار نظر نمی کردم,OTHER
3475,من قبل اینکه فیلم #RedSparrow بیاد ، خیلی مشتاق بودم ببینمش . تریلرش هم واقعا جالب بود .همون اوایل که اومد دیدمش به لعنت خدا هم نمیرزید.,HATE
3476,به نظرم هیچ کسی حق نداره با توجیه اجبار(چه از سر نان-چه از سر اطاعت) علیه مردم بی دفاع دست به خشونت بزنه. مجبور نیستی این شغل ناشریف که هر لحظه احتمالش است جان بیگناهی رو بگیری رو انتخاب کنی.مجبور نیستی #گلستان_هفتم,OTHER
3477,آهاي شمايي كه ميگي آتنا برا بد حجابيش بهش تجاوز شد،ميرزاخواني برا بي حجابيش سرطان گرفت، ما بگيم آخوند امروز واسه مف خوريش چاقو خورد خوبه؟,ANGRY
3478,ولی از بدی های اطرافتون زیاد ناراحت نباشین، اینا نباشن خوب بودنتون به چشم نمیاد,SAD
3479, تو با خودت چند چندی معلوم هست اونقدر حق و باطلو با هم قاطی کردی که تفکراتت وحشتناک شده,ANGRY
3480,عجيبه اما حس ميكنم آدم ها براي لذت بردن زندگي نمي كنند. آنها حتي براي معني دار كردن آن خود را زجر ميدهند و سختي ها را مدام با خود تكرار ميكنند,SURPRISE
3481, آنان که غمگین دیدنت رارقص و شادی در خیابان های اهواز بعد از آزادی #کریم_سیاحی و #طارق_خلفی خیابان ها همچنان در تسخیر ماست #کارگران_فولاد_اهواز,HAPPY
3482, والله من که پشت فرمونم پلیس میبینم ترس جریمه چهار ستون بدنم میلرزه بس برا هرچیزی جریمه میکنن?,FEAR
3483, خندیدن راخب به سلامتی یکی دیگه رفیقامم دوماد شد از بچگی خونه هم بودیم حس عجیبیه هنوز باورم نميشه در این حد بزرگ شدیم که باید تبریک دومادی بگم بهشون,HAPPY
3484,من از ایرانی بودنم ناراحتم. از اینکه اینجا بدنیا اومدم ناراحتم. از ایران بدم میاد. شما چطور؟؟؟ اونایی ک موافقن ریت کنند یا منشن بدند.,SAD
3485,"""اگه این درد رو نمیگرفت واقعا خوب بود""""""",SAD
3486,""" """"من حدود دو ساله که دارمش عالیه#روز_دختر روزیست که دختران سرزمینم از اسید پاشی و تجاوز و گشت ارشاد در امان باشند،به خاطر پوشش بازداشت نشوند و به سبب نداشتن جهیزیه یا ازدواج اجباری اشک نریزند،راحت تحصیل و تفریح کنند و در حقوق اجتماعی در تبعیض نباشند،افسوس که آن روز امروز نیست.""",SAD
3487,قاعده اینه که تیمی که نیمهنهایی آسیا بازی داره، جلوی حریف دسته پایین در جام حذفی تیم دومش رو بفرسته. ولی مسئله اینه که پرسپولیس ظاهر و باطن همین چند نفرن. تیم دوم کجا بود؟ و دلیلش؟ آفرین. حتما #خیریت ی توش بوده.,OTHER
3488,شعارهای مردم در تشییع پیکر آیت الله #هاشمی_رفسنجانی نشان می دهد که مسئولان نظام باید زودتر مسئله حصر خانگی رهبران معترضان سال 88 را حل کنند.,OTHER
3489,کارمندان ادارات آب و فاضلاب روستایی خوزستان بیشتر از ۵ ماه میشه که حقوق نگرفتند. امروز مرد ۴۰ سالهای گریه میکرد و میگفت: بخدا اگر بفهمی ۵ ماه بدون حقوق خونه رفتن یعنی چی. مسئولان محترم؛ فرض کنید اینها بازیکنان پرسپولیس یا استقلال هستند، بدیهیهاشون رو بدید.,SAD
3490, یعنی ادم میمونه چی بهت بگه زیر این خبر ناراحت کننده دنبال جذب فالووری ?التماس عقل تفکر شعور,SAD
3491,مقاومت دانشجویان شجاع در برابر گشت ارشاد. زیر گرفتن وحشیانه یک دختر دانشجوی معترض توسط ون پلیس و فیلمبرداری از این خشونت محض از بالای پشتبام دانشگاه. #دوربین_ما_اسلحه_ما,SAD
3492,من این گوشیو شگفت انگیز خریدم 6 ماه کار نکرد باطری سخت افزاری ان خراب شد وتو بازار پیدا نمیشود,SAD
3493,من دبیرستانی بودم داداشم دانشجو یه سری روز دانشجو رو بهش تبریک گفتم لبخند و تشکرش خیلی تلخ بود اونموقع نفهمیدم چرا اما تازه کم کم دارم درکش میکنم #روز_دانشجو تبریک نداره :),SAD
3494,کرامت زن در اسلام زنان ٬ برده های جنسی شوهرانشان هستند ! رسول الله گفت : « اگر مردی زنش را به بستر فراخواند (که بخواهد با او نزدیکی کند) و او (زن) سر باز زند و باعث شود که او (مرد) با خشم بخواب برود، فرشته ها تا صبح او را لعنت میکنند . » منبع :,OTHER
3495,یعنی پفیوز اعظم فقط خودم پونزده روز فرجه داشتم الان باز شب امتحان باید بیدار بمونم لعنت بیپایان بر من,ANGRY
3496,مهم عده ای به اسم مخالف حکومت سعی بر این دارند خشونت را ترویج کنند تا توپ را در زمین اصلاح طلبان انداخته و آنها هم بگویند اگر جمهوری اسلامی برود افرادی که خواهند آمد خشونت طلب هستند. حواسمان باشد بهانه دست عوامل جمهوری اسلامی ندهیم. دفاع کردن از خود با خشونت طلبی متفاوت است. …,OTHER
3497,مردم آلمان مسئول جنايات هيتلر نيستند. اعراب هم مسئول اسلام و تجاوز و حملات تاريخى به ايران و... نيستند.,OTHER
3498,والله این بوی بنیصدر گرفته به همان مضحکی هاله نوره! مشخصات رفتاری و اعتقادی دوست و دشمن را با استعاره و مفاهیم ایهامدار غیر قابل اندازهگیری توصیف میکنند که از استدلال و دلیل آوردن فرار کنند! …,OTHER
3499,داداشی کاش دنیا قده فکره تو بود با ماشین دور دورا و خنده های دروغ خلاف یه نخ دو نخ با سر سیاه بلوغ یه عشق گمشده تو شهر بوغ و شلوغ ... !,SAD
3500,نارحتکنندهترین و عجیبترین نوروز. چند روزه که شبا سعی میکنم با سرفه بغض توی گلومو بندازم بیرون و هی نمیشه، در نهایت هم ساعت ۸ ۹ شب سریع میرم میخوابم که خونواده نارحتیمو نبینن و نارحت نشن. کاش میشد ۱ ماه بخوابم. لعنت به سرطان. زود خوب شو,SAD
3501,چرت عصر، تنها راه فرار از فکر مرگ در میانهی روز,OTHER
3502,هر چه گویی دوستت دارم به جز تکرار نیست خو نمی گیرم به این تکرار طوطی وار نه #شهریار,SAD
3503,"""وای باید موج و نوسان درس بدم به خواهرم کونم نمیشه خوابم میاد :""""(""",SAD
3504,آقای وزیر  این تایملاین آسیبپذیریهای «وصلهشدهای» هست که بچههای گروه پژوهشی آفسک از ۲ سال پیش روی ایرانسل و همراه اول کشف کردهن و به هر طریقی گزارش شده. نکتهی ترسناک اینه که بعضی از این الگوی حملات هنوز هم روی اونها کار میکنه! ما در #آفسکانف امسال منتظرتونیم.,FEAR
3505, کاش یکم مطالعه کنید. کاش برید دنیا رو ببینید. همه جای دنیا مردم با صد جور دین و اعتقاد دارن کنار هم با صلح و آرامش زندگی میکنن. انسان بودن کاری به دین و مذهب نداره. کاش انقدر چهره ی خشنی از اسلام به دنیا نشون ندید. واقعا دلم میسوزه براتون که از دینتون فقط دارید خشم رو رواج میدید,SAD
3506,کلاه و شال قشنگ و شیکیه ولی برعکس ظاهرش خیلی نازکه و اصلا بدرد سرمای زمستون نمیخوره .بنظرم قیمتشم بدون پیشنهاد شگفت انگیز خیلی فضائیه,OTHER
3507,بعضیا به من انتقاد میکنن که چرا اینقدر به اردوی ورودیها بها میدید؟ جواب: چون بزرگترین برنامه فرهنگی ثابت دانشگاهه چون اولین برخورد ورودی با دانشگاهه چون آدمهایی که برگزارش میکنن آدمهای توانمندی هستن که فردا یه کارهای میشن تو جامعه و رفتارشون در این سطح مهمه برای آینده,OTHER
3508,"""بارها بادیدن فیلم پاسخ دولت آبادی به شعارهای مرگ درکنفرانس برلین بغض کردم:""""چقدر از این لفظ مرگ بدم میاد.من بخاطر زندگی پیر شدم."""" یا باشنیدن این جمله سحابی که:""""تحمل حرکت تدریجی ازگلوله خوردن سختتر است."""" امروز همین حس بادیدن فیلم پاسخ پروانه فروهر به اتهام """"اینم از خودشونه"""" زنده شد""",SAD
3509,با بچه دوستم رفتیم توی حیاط آدم برفی درست کنیم ،یه هو می ایسته و گوش می ده ،بعد می گه خاله صدای خنده آدما می یاد، راست می گه بچه ،مدتها بود صدای خنده مردم رو نشنیده بودم ،می ایستم کنارش و به صداتون گوش می کنم ،کاش همیشه بخندین .,HAPPY
3510,یه رفیقی داریم خدای بدشانسی و البته به شدت ترسو! چند وقت پیش خفتش کردم به زور سوار متروش کنم با کلی تهدید ایستگاه طالقانی سوار شد بدشانسی #مترو حدود یک ربع تو تونل ایستاد و رفیق ما از ترس حالش بده شد و ایستگاه مفتح اورژانس اومد بردش نتیجه: با آدمای ترسو و بدشانس رفاقت نکنید,FEAR
3511,"""فقط از حالت وزی در می یاره.""""""",OTHER
3512,مادرجونم عاشق پیتزا خوردن بود اونم تو رستوران و حتی رو نیمرو هم کچاپ میریخت کادوی مورد علاقه اش هم گل و عطر بود ! لعنت به آلزایمر که الان دیگه فقط خنده هاش رو برامون گذاشته و از کلمات و جملات قصارش محروممون کرده …,SAD
3513,الان یه توییت دیدم در مورد خوابگاه. میخواستم بگم خوابگاه پسرونه به قدری حال میده که من برمیگردم خونه همه غم دنیا میریزه سرم. کسی هم کاریم نداره ولی تو خوابگاه انقدر کسشر میگیم که آدم یادش میره دنیا بدی هم داره. در اوج حال گرفتگی یکی یه کسشری میگه همه میزنیم زیر خنده.,HAPPY
3514,البته که رمان هم مانند فیلم کیفیت های مختلف دارد و به تعداد مخاطبان هم سلیقه ها متفاوت است، ولی نا رمان خوانان و تحریم کنندگان رمان، لذت ناب و عمیق دیدن زندگی با عینک دیگران تصویرسازی های ذهنی بی بدیل را از دست میدهند. یک محرومیت خودخواسته از قصه ها! #نارمانخوانی,OTHER
3515,هنوزم بچه پولدار میبینم اعصابم خرد میشه! :/,ANGRY
3516,در کشورهای بسیاری آگاهی بخشی برای #پیشگیری_از_آزار_جنسی_کودکان، از ۳ سالگی شروع و تا پایان آموزش رسمی مدام برای کودکان و خانوادهها تکرار میشود. خلاصه این آموزش ساده و ضروری: لمس اعضای خصوصی (جز توسط پزشک با اجازه والدین) ممنوع، پیش آمد داد بزن، فرار کن، دربارهش حرف یزن!,OTHER
3517,رفتار ناپسند مسئولان که در این مورد هیچ توجیهی ندارد؛ اما کاش دانشجوها سالن را به نشانه اعتراض ترک میکردند. یک اعتراض مدنی درست که احتمالا هزینهای هم نداشت. …,SAD
3518,""" توی پیشنهاد شگفت انگیز خیلی خیلی می ارزهدوست داشتن""""ها متفاوتند: ●هشت: یه جور """"دوست داشتن"""" هست اونقدر آرومه، اونقدر ظریفو لطیفه. تا بهش نگاه میکنی، هر دو، چشماتون شروع میکنه به خندیدن.""",HAPPY
3519,وزرای دولت بنفش عجب استعدادی تو ساخت هشتگ دارن، از #خودت_بمال شروع شده و رسیده به #خدا_را_شكر_كه_هست .,SURPRISE
3520,قسم به روزی که در خشم همین کارگران خواهید سوخت . #اتحاد_با_کارگران_۷تپه_فولاد,ANGRY
3521,شیطان می فریبد، به: فقر، ترس و رحمت خدا... #شیطان,OTHER
3522,من چون از موفقیت خودم ناامید شدم تنها امیدم شکستخوردن بقیهست.,SAD
3523,شرم #قاضی_زاده_هاشمی,HATE
3524,در مقابل شیوههای پیچیده تهاجم دشمنان، پدافند غیرعامل باید کاملاً هوشیار و جدی باشد و بهصورت علمی، دقیق، بهروز و همهجانبه عمل، و با هرگونه نفوذ مقابله کند. مسئولان در همه بخشها به اهمیت پدافند غیرعامل توجه کنند.,OTHER
3525,دلار شده ۴۸۰۰ اونی که داره پول رو پول میگذاره اونیهم که نداره دوزارش میشه یک قرون! مسئولان هم مملکت رو ول کردند و دنبال بازیاند. کاری کنید که به پهلوی پفیوز درود بفرستن، خب؟!,ANGRY
3526,تمام لذت هاي دنيا يه طرف تا صب بيدار موندن و ديدن ستاره ها تو دل كوير يه طرف,HAPPY
3527,حمید فرخ نژاد: جلوی کسانی که اعتراضات به حق شما را به خشونت میکشانند و از آن سواستفاده میکنند را بگیرید. آسیب به اموال عمومی یعنی به انحراف کشیدن اعتراض حقه شما,OTHER
3528,آیتالله نوری همدانی: کاخنشینی و تجملگرایی مدیران و مسئولان در اسلام مذموم است. به وضعیت معیشتی بغرنج طلاب رسیدگی شود./تسنیم,SAD
3529,وقتی که به گذشته می پردازید تنها کاری که انجام می دهید تجدید دیدار با بدبختی هاست. ویلیام_گلاسر,SAD
3530,چشم دیدن موفقیت هم رو نداریم,SAD
3531,رندهکاری دستی هم عجب صفایی داره,HAPPY
3532,من فهمیدم ۲۰۶ خودش یه کرمی داره که هرکی پشتش میشینه وحشی میشه,OTHER
3533,فیلم مورد علاقمو به یکی معرفی کردم انقدر از اون فیلم استوری گذاشت که تا یه هفته از اون فیلم متنفر شده بودم نکته: به کسی که جنبه نداره فیلم مورد علاقتون رو پیشنهاد ندید.,HATE
3534,ولی من بیشتر از اون تیکه از حرف یادگار یادگار یادگار اون بزرگوار اعصابم به هم ریخت که گفت: «اما قطعا کوچکتر از انم که بخواهم اونجا بشینم.» هم به خاطر بلاتکلیفی بین حالت محاوره و نوشتار، هم به خاطر اداهای مبتذل فروتنانه.,ANGRY
3535,خیلی باحاله جیمی به یکی گیر داده که که طرف اسمش rude هستش به معنی بی ادب و پررو. بعدش یکی که اسمش نداننده است اومده پرسیده این کیه :))) هر کی با اسمش متمایز میشه واقعن …,OTHER
3536,انقدر تو کشیکم اعصابمو خورد کردن و جیغمو در اوردن از خودم بدم میاد، ادمو بیشعور و بیتربیت میکنن از کار زیاد و تحمل کم، که میدونم قاعدتا من نباید اجازه بدم.,ANGRY
3537,نشانه خشنودی و خشم خدا بر آفریدگانش در بیان رسول خدا(ص) «نشانه خشنودی خدا بر آفریدگانش چنین است؛ عدالت حکمرانشان و کاهش قیمتهاشان. و نشانه خشم خدای ـ تبارک و تعالی ـ بر آفریدگانش این است؛ ظلم حکمرانشان و افزایش قیمتهاشان.» کلینی، کافی، ج ۱، ص ۱۶۲,OTHER
3538,توی گوگل مینویسم #زن_دوم با انبوهی از وبلاگ هایی روبرو میشم که تعداد زیادشون عجیبه.اینها کسانیند که با شجاعت اعلام کردند که زن دوم اند. و اینکه همه این آدمها،به اینترنت و فضای مجازی دسترسی دارند و علی الظاهر جزو قشر تحصیل کرده و آگاه اجتماعند,SURPRISE
3539,به نظرم خیلی خوبه. به اطرافیان هم پیشنهاد کردم. البته من یه ماهه استفاده میکنم و راجع به تیره کردن پوست نمیتونم نظری بدم.,HAPPY
3540,سینوهه که فوق العادس وکتابی که الان دارم میخونم وخیلی جذابه هزارویک خشم,HAPPY
3541,"""زمانی که یک نرم افزار برای انجام یک کار """"سیستم عاملی"""" وجود داره، تا جای ممکن، شاخ نشده و دستورات را خودتان نزنید! نخواستیم یاد بگیری، سیستمت رو بالا بیار، بقیه اش پیشکش""",OTHER
3542,فیلم مالنا کاری از جوزپه تورناتوره با بازیگری عالی مونیکا بلوچی فقط اونجایی که میخواد سیگارشو روشن کنه ، همه میان طرفش تا بتونن براش روشن کنن #مالنا #Malena,HAPPY
3543,از آخر هفتهها متنفرم.,HATE
3544,تحقیق کردم متوجه شدم جملهای که گفته این بوده: Te dijo te amo یعنی دوستت دارم. بعد طرف محل نذاشت. چطور ممکنه؟ …,SURPRISE
3545, شاد بودن و شاد زندگی کردن هوچی گریه؟ لعنت به توی کره اخوند و همه روحانیون که شادیو از زندگی یه ملت حذف کردین. بخوام روراست بهت بگم هوچی گریو در دسته های عزاداری دیدم که صدای سگ میدن,ANGRY
3546,برای نگه داری وسایل ریز مثل تبدیل کابل و او تی جی میشه ازش استفاده کرد . واسه نگه داری هندزفری هم عالیه. جوریه که فشارو به وسایل داخل منتقل نمیکنه . اما شارژر من و کابلشو نتونستم داخل جا بدم مثل عکس !!,OTHER
3547,عجب غيرتى داريد ماشالله,SURPRISE
3548,حال که قرعه فال برای استقلال به نوعی دیگر تکرار شد و همگروهی با العین و الهلالی که به مراتب قوی تر از سال گذشته هستند، نیازی به نیشتر زدن به رقیب نیست شانس تاریخی؟! به نظرم موفقیت مداوم نیازمند شانس نیست، بلکه نیازمند تلاش در جهت درست است,OTHER
3549,میگن آمادگی بدنی رونالدو در حد یه آدم ۲۰ سالس.به عنوان یه آدم ۲۳ ساله رفتم تست آمادگی بدنی بدم.آخر آزمایش با ۸۳٪ توده ی چربی،سرعت ۳ کیلومتر بر ساعت و میزان پرش ۷ سانت به این نتیجه رسیدن که آمادگی بدنم از جسد کمتره.ناراحت شدم و یه سیگار روشن کردم که دیدم با لگد پرتم کردن بیرون.,SAD
3550,اون موقع بود که فهمیدم زورم از یه لگوی پیزوری هم کمتره.(چون همونطور که میدونید خنگ بودم) پس نشستم و به حال خودم گریستم(این دفعه واقعی) اما بعد دوباره صورت بتمن رو دیدم و اعصابم خورد شد و عزمم رو جزم کردم که یه فکری بکنم.,SAD
3551,الان رفتم پایین فلفل دلمه بخرم یه باده سرده تندی میومد. یه لحظه مصی رو تصور کردم که باااااد لای موهایش میرفت. مرررررردم از خنده.مصیح ،باد اومد نری بیرونااااا????,HAPPY
3552,حسن روحانی با افزایش قیمت خودرو مخالفت کرد سبحانیفر عضو کمیسیون صنایع و معادن مجلس : بنا بر اعلام مسئولان وزارت صنعت، رئیس جمهور با افزایش قیمت خودرو مخالف است,OTHER
3553,""" ?چهارشنبهانقدر امروز خستم که دلم میخواد اسنپ رو روشن کنم و یه مسافر دقیقا بخوره کوچه خودمون و من سوئیچ رو بدم بهش بگم """"داداش تا من یه چرت میزنم خودت زحمت رانندگی رو بکش کرایه هم نمیخوام""""!""",OTHER
3554,"""#حدیث_عشق """"پیامبر اکرم(ص)"""" خداوند تبارک و تعالیٰ به زنان، مهربانتر از مردان است. هیچ مَردی نیست که زنی از مَحارمِ خود را خوشحال کند، مگر اینکه خداوند متعال در روز قیامت او را شاد کند. الکافی""",HAPPY
3555,درود . باید نقض حقوق شهروندی دراویش زندانی پایان یابد و همه آنها از زندان آزاد شوند ....,SAD
3556, کل ایران در غم سانچی بگو، بی تاب شدببينيد كي از بس law and order ديده ميتونه تمام پرونده هاي تجاوز بيست سال اخير نيويورك رو حل كنه :))))))),OTHER
3557,محكم بغلش كن بوسش كن بهش بگو چقدر دوستش دارى فكر اينكه فردا... ديگه سهمت نباشه ترسناك نيست؟!,FEAR
3558,آیا ممکنه؟ نه خدایی ممکنه؟ ینی دوباره میشه لذت برد از دیدن این سریال با این بازیگر؟؟؟ …,SURPRISE
3559,حس میکنم باید بمونم سال دیگه ام کنکور بدم...  و این خیلی مزخرفه چون چهارفاکینگ سال از زندگیم پشت کنکور موندم ,HATE
3560,بیائید با نظاره کردن تاجزاده و امثالهم درد ادمیان و زشت بودنِ چهره اصلاح طلبان را بررسی کنیم تا از ان متنفر شده و فاصله بگیریم :    ,HATE
3561,اوه اوه خطرناک شد ,FEAR
3562,به مدت ۱۳ روز باید بشنویم:  صد سال به این سال ها  هر روزتان نوروز، نوروزتان پیروز (هه هه هه، مردک خونوک)  وای چه خوشگل شدی (حالا دو روز پیش همو دیدنا)    چرا ازدواج نمکنی؟  الان چن سالته؟  چاق شدیا  کارت چیه؟  عیدی چقد دادن؟  حقوقتون خوبه یا چی؟  بذارید یه بچه دیگه هم گیرتون بیاااااد,ANGRY
3563,آیا میدانستید دان ۲ تکواندو دارم؟  ,SURPRISE
3564,چه جالب بود ,SURPRISE
3565,وحشتناکه  ,FEAR
3566,يه چيزي هست بهش ميگن سرخ كن بدون روغن،من. كه نديدم ولي رفيقاي متاهلم ميگفتن خيلي ترسناكه ,FEAR
3567,چمدان دست تو و   ترس به چشمان من است...  https://t.co/XqtcgTOrxR,FEAR
3568,نمیدونم واقعا  ,OTHER
3569,بخدا وحشتناک بود ,FEAR
3570,والا بهش میگفتن هور  اسمشم برام ترسناک بود  ,FEAR
3571,خدا حفظت کنه مادر...عجب حرفی زدی ,SURPRISE
3572,خیلی ممنون  ,HAPPY
3573,آشویتس به اون معنا وجود نداشته هیچ وقت    اما خونواده هم با کرونا خیلی راحت کنار اومدن   ان شاء الله بهبودیه سریع تون ,OTHER
3574,بچه...  و این همه خشم...,SURPRISE
3575,با خاستگارم تو پارک راه میرفتیم ی گروه نوازنده خیابونی اونجا بودن  گفت دوست داشتی برم گیتارو ازش بگیرم و واست بخونم؟  گفتم توییتری هستی؟  -چی؟  +توییتر عضوی؟فانتزیامو میخونی؟  -مگه ازین چیزا مینویسی؟لابد منشنم خیلی واست میذارن! متنفرم از توییتر و این کارا  همونجا حسم بهش عوض شد ,HATE
3576,تو خیلی میدونی به همین خاطر خطرناکی ,FEAR
3577,من پیشنهادشو دادم بریم چالشه پایین ولی ترسم کار بجا باریک بکشه  ,FEAR
3578,واقعا وحشتناکه ,FEAR
3579,ای کلک خوب یاد گرفتیا   نترس افرادی مثل خلخالی دیگه وجود ندارن ,OTHER
3580,رها اصلا فیلم ترسناک نگاه نکن  رها اصلا فیلم ترسناک نگاه نکن  رها اصلا فیلم ترسناک نگاه نکن  رها اصلا فیلم ترسناک نگاه نکن  رها اصلا فیلم ترسناک نگاه نکن   ,FEAR
3581,کار خوبی میکنی.  منم میترسم همه ش برمیگردم پشت سرمو نگاه میکنم.,FEAR
3582,سخت نگیر چایی رو آتیش همه جورش می چسبه  ,OTHER
3583,سر یه خاننده خودمو و ملتمو با فحش اذیت کنم ک چی بشه اخه ,SURPRISE
3584,حاجی هدرت   همه چیشششش شبیه اکس منه://///  حتی ناخونات ,SURPRISE
3585,از وقتی آدما نتونستن به صورت واقعی خودشون باشن و هرچی میخوان بگن و هرکاری میخوان بکنن و از ترس قضاوت هزارجور نقاب زدن و ادا درآوردن ؛ من تو زندگی واقعی اندازه کافی بددهنی دارم تصمیم داشتم که اینجا یه جور دیگه باشم  ,OTHER
3586,و از من ۱۶ سال... داستانش ترسناک تر میشه برای من ,FEAR
3587,اصن مهمونی کوفتمون میشه..حواس همش پیش شیرینیاس ,ANGRY
3588,چطوری کله پاچه میخورید   اون چشما یروز میدیدن  اون زبون بع بع میکرده  اون پاچه ها پیتکو پیتکو میکردن    خیلی ترسناکه تو قابلمه ,FEAR
3589,یعنی فیلم ترسناک دیدن علمیه که من نمیخوام بش دست پیدا کنم؟   ,SURPRISE
3590,جاهای خیلی خلوت شنا نکنید، یکبار تو کیش رفتم دریا، یک مادری پسرِ 10 سالشو فرستاد گفت برو نزدیکِ همین آقاهه شنا کن، منم هرجا بچه میرفت، 4 یا 5 متر بسمت ساحل شنا میکردم (بینِ ساحل و بچه) چون من از کوسه خیلی میترسم، گر چه کیش کوسه نداره ولی خب گفتم خطر نکنم  ,FEAR
3591,چقدر هم رنگ ریشاش نفرت انگیزه ,HATE
3592,با همین حرفا خودشونن گول میزنن که با کلاسن ولی نمیدونن با کلاس بودن به با شخصیت بودنه نه اینکه قهوه تو چجوری میخوری!! ,OTHER
3593,من هم آموزش و پرورش رفتم دقیقا همین سبک سوالات رو پرسیدن.حتی از مدل مو و نوع پوشش من هم سوال کردن.این که آیا همیشه فرق وسط باز می کنی؟آیا همیشه شلوار لی می پوشی؟دریغ از یه سوال علمی. پرسیدن نماز جمعه میرود.همسایمون هم گفته بود خودمون نماز جمعه نمیریم اطلاع نداریم. ,ANGRY
3594,وای از همین میترسم دقیقا ,FEAR
3595,خیلی چیزاش عربیه ، خیلی چیزاشم عجیب غریبه ، خیلیاشم آدمو سر چهار راه میکاره رسما ,OTHER
3596,چیش زشته  ,SURPRISE
3597,خدا خیرت نده تو این عاح و انداختی دهن این بچه وگرنه اون اصلا اهل این تل بازیا نبود ,ANGRY
3598,کاملا صحیح میفرمایید ,OTHER
3599,امروز خونه یکی از دوستام بودم، پدر مادرش هم بودن ، باباش یواشکی بهم چشمک میزد  کلا خراب کرد روزمو  هم از دوستم بدم اومده بود هم از بابا ننش  ,HATE
3600,کلت چیه؟ دلت خوشه ها شاخدار جان   اینجا اگه دنبال دزد کنی هم متهمی، دیگه چه برسه به گرفتن و یا خدای نکرده کتک زدن دزد,ANGRY
3601, واقعا از تک فرزندیم متنفرم...     خون میبارد,HATE
3602,من خودم که در این زمینه داغونم ینی از کسی خوشم بیاد یه جوری رفتار میکنم طرف فکر میکنه ازش متنفرررممم و اینکه خلاصه هیچ سر رشته ای در زمینه نخ دادن ندارم  ,SAD
3603,مگه ازدواج کردین  ,SURPRISE
3604,من هميشه وقتي به مهاجرت فكر ميكنم دقيقا از اوايلش ميترسم وقتي غريبم و همه چي غريبه اينكه اولش قراره چيكار كنم و اينجوري تو دلم خالي ميشه و انگيزه مو از دست ميدم ,FEAR
3605,من اولش فک کردم طرف دختره   آبرو هرچی پسره ک برده این اخوی,ANGRY
3606,وای منم خیلی میترسم ,FEAR
3607,الان این راننده کجایه شهر در حال تردده؟ ,SURPRISE
3608,حالا عصبی نباش و خدانکنه ,OTHER
3609,  اعصاب نداشته طفلی,OTHER
3610,سوال داره؟  الان همه میگن نارنجی ,OTHER
3611,خیلی وحشتناکه ,FEAR
3612,من بودم بخاطر همون یدونه از بابامم میترسیدم ,FEAR
3613,عشق اول و آخر فقط پرسپولیس ,HAPPY
3614,تحقیری در کار نیست دوست من، من از اینکار بیزارم باور کنید، فقط از حقیقت حرف زدم، همین  ,HATE
3615,نه این از ترس لو رفتن به خودش خیلی سخت گرفته بوده   در ضمن طبقه شیشم نمیتونستی پیتزا بگیری  ,OTHER
3616,طبیعیه البته...  منم هروقت یه خانوم که چیز عجیبیه از جلوم رد میشه میرم تو جدول...  ,OTHER
3617,معلم انشا میگفت خط مهمه  و سه صفحه انشای من ۱۵ میگرفت  بخدا نمایشنامه مینوشتم :((,SAD
3618,بچها  جزوه یا هر نوع فایل آموزش بورس اگ داشته باشید میشه برام بفرستید...  خیلی ممنون میشم⁦ ⁩⁦ ⁩,OTHER
3619,   اگه تا اربعین زنده باشم...   اگه اجازه بده منم مهمانش باشم...   اگه قبول کنه کربلا نرفته از دنیا نرم...   اربعین ۱۴۴۲...   نجف تا کربلا...   پای پیاده...  إن شاء الله   ⁦ ⁩,OTHER
3620,طبقه پایینیمون دو تا داداشن به قصد کشت دعوا میکنن وقتایی که خیلیی سروصداشون اذیت کننده و ترسناکه با مشتم میزنم کف زمین میگم ولش کن ولی خب اکثرا نمیشنون ,FEAR
3621,نخور خب.وانمود کن میخوری ,OTHER
3622,عجب نکته ظریفی ,SURPRISE
3623,   از هیچ چیزی نباید ترسید,OTHER
3624,والا . مردک روانی  ,ANGRY
3625,قربونتون بشم نظر لطفتونه    والا از ترس لو رفتن اسم و فامیلم نبود کتاب داستان و رمان هایی که نوشتم رو معرفی می‌کردم,FEAR
3626, دیگه یکی همینا,OTHER
3627,ترسیدی هااا ,FEAR
3628,مگه در ارتباطی!؟؟؟؟؟ ,SURPRISE
3629,اگه تعارف نكني ويا اينكه تعارف كنن قبول نكنه ادم  به تعريف ديگران گاو هستم ، متنفرم از يه بار بيشتر گفتن,HATE
3630,چی میخوری توییتات اینقد خوبن؟  ,HAPPY
3631,چقد عجیب که ابی گوش نمیدادی تا حالا   مگه میشه اصن ,SURPRISE
3632,نخیرم خوبه  همش که کباب نمیشه ,HAPPY
3633,تریاک میکشم ,OTHER
3634,من خودم طرفدار بحاره رحنمی هستم میرم الان بهش میگم همه حسودای پلاستیکی دارن پشتت حرف میزنن ,OTHER
3635,الهی بمیرم عزیزم صد برابره شما مامانت طفلک داره عذاب میکشه که نمیتونه پابه پایه بچه هاش راه بره ,SAD
3636,وای چه وحشتناک  ,FEAR
3637,کفشا رو دست میگرفتیم دیگه  شوخی نبود که  یه مدیر داشتیم در حد خیلی بد ازش میترسیدیم   اخرشم اب حوضو خالی کردن ,FEAR
3638,جذاب شمایی عزیزم  ,HAPPY
3639,لطف کردی صنم جان، خیلی ممنون بخاطر آرزوی قشنگت  ,HAPPY
3640,چقد نفرت انگیز ,HATE
3641,یعنی تلویحا قبول کرده که #اصلاح_طلب  و #اصولگرا و #حزب_الله و نوچه بسیجی‌ها و اطلاعاتی ها و .... شون، سر جمع ۲۰ میلیون هستن؟؟؟  ,SURPRISE
3642,اصلا یادم نبود⁦ ⁩  دفعه بعد میام,OTHER
3643,چیییی  از شکلات تلخ متنفرررررم,HATE
3644,از ادمایی که خیلی غر میزنن متنفرم ,HATE
3645,خیلی برام پیش اومده متاسفانه، طرف اومده از بدیای نامزدش میناله، میگفت از بابام میترسم وگرنه درخواست طلاق میدادم و ...   فرداش استوری گذاشته مرسی شوهرم ,SAD
3646,چرا عصبانی میشی خب ؟ ,SURPRISE
3647,عجب  دختره کی بود حالا شهرام خان؟   آخرش کراش زد یا نه؟,SURPRISE
3648,چن وقت پیش با یه روانشناس صحبت میکردم،حرف از رنگ شد،پرسید نظرت راجع به رنگا چیه  گفتم عاشق #نارنجی و از آبی بیزار  گفت آبی مکمل نارنجیه و این تنفر،نشون دهنده ی تکامل گریزیه   ینی تو معتقدی کاملی و هیچ نیمه مکملی لازم نداری    منم ازش تشکر کردن که سینگل بودنم رو علمی توجیح کرد ,OTHER
3649,خطای انسانی بوده دیگه چه اشکالی داره؟ انسان هم که جایز الخطاست  ,ANGRY
3650,ازت بدمون میاد برو دنبال کارت ,HATE
3651,هنوز بیداری؟! ,SURPRISE
3652,نخیر فک کردی به همین راحتیه ,OTHER
3653,به منم میگفتن باز هی زبون میزدم    ولی الان دندونام ازبقیه مرتب تره,HAPPY
3654,ترسی نداره که ,SURPRISE
3655,واقعا چه ربطی داره؟ ,SURPRISE
3656,چه جالب ,SURPRISE
3657,منم فوبیای همینو دارم بیشتر  ,FEAR
3658,کدوم کتابش رو خوندی؟ ,OTHER
3659,یاقران  باید ازت ترسید ,FEAR
3660,نمیدونم چرا شما توییت میزنین من برام یه جوری غریب هست ، انگار هی عادت کردم ازتون فقط ابرکلمات ببینم ..  ,SURPRISE
3661,واااای چقدر وحشتناک ,FEAR
3662,از اخلاقیات ضد و نقیصم اینه ک از خرید متنفرم و تا جیغ همه رو درنیارم نمیرم هیچی بخرم   وقتی هم مجبور شدم ب هر موجود جانداری ک اطرافم باشه پیشنهاد میدم اونا برن واسم بخرن   خدایش از چی خرید کردن خوشتون میاد من نمیفهمم ,HATE
3663,سایه اش مستدام  کوفت کن غر نزن بچه ,ANGRY
3664,این چی میگه طفلک ,OTHER
3665,بی ادب  ,ANGRY
3666,نه واقعا چه جوری  ,SURPRISE
3667,از دخترای باهوش نمیترسن! برعکس این خودشونن که خنگن و دنبال یکی مثل خودشون میگردن   به امید روزی که نسل خنگا تموم بشه ,FEAR
3668,تا ابد باید با این ترس زندگی کنه  و خیلی دیر نیست اون روزی که انتقام سخت حاج قاسم رو ازش بگیریم ,FEAR
3669,از ترس مش باقر نیومدم ,FEAR
3670,ما مشدیا کلا زشت نداریم درجریان نیستین مگه ,HAPPY
3671,نه بابا عصبی چرا  ,OTHER
3672,عجب جوک با حالی ,SURPRISE
3673,"""#روایت_توییتر   بردران و خواهران متوهم - نه - ناآگاه ، گول خورده !..     با استدلال """"زیر خط اقلیتید """"؛  برید کنار باد بیاد   -""""باد کاشتند، طوفان درو می کنند""""؛.   نرفتید هم مهم نیست، ما داریم تشریف می آریم ..     """"ارتش زنان و مردان آزاده و آگاه ایران"""" """,ANGRY
3674,  چجوری,SURPRISE
3675,من از بچه متنفرررم  اصلنم از حرف زدنو جفتک انداختنشون خوشم نمیاد و ذوق نمیکنم  انقد سمت من نیاریدشون، مرسی  ,HATE
3676,پارادوکس ضرب المثلی: ۱-سالی که نکوست از بهارش پیداست ۲- جوجه رو آخر پاییز میشمارن!!؟؟؟  ,SURPRISE
3677,به انتخابم افتخار میکنم  ,HAPPY
3678,اولا اینکه چون شماها در کسری از ثانیه منحرف میشید   دوم اینکه خودش مخوف نیست عواقب بعدش مخووووفه  ,FEAR
3679,قاعدتاً باید از چیزی نمیشناسی بترسی نه از چیزی میشناسی  ,SURPRISE
3680,کمد کلید دار نداری؟! ,OTHER
3681,اون مورد داره بررسی میشه  ,OTHER
3682,هشتگ دارندگی ,HAPPY
3683,کجا میری حالا؟ ,SURPRISE
3684,بخدا ترسیدم  همش نگاهم به گوشیش بود ,FEAR
3685,البته طبق حرف قدیمت، حرف من همون حرف خودته ,OTHER
3686,آقا مگه واتس اَپ نیست چرا میگید واتس آپ ,SURPRISE
3687,با یکی دوست بشیم که خرجمون رو بده؟؟؟!!!!!!   از این ملت هر روز چیزهای جدید می شنوم   حتی به قصد شوخی هم ترسناکه این حرف,FEAR
3688,     خدا نفرت را از همه ما دور داشته باشد  ,OTHER
3689,مقداد ؟   چه اسم آشنایی ! چرا یادم نمیاد !  ,SURPRISE
3690,الکی گفتن ,OTHER
3691,همییین  این خیلی رو اعصابه ,ANGRY
3692,خود مردم پنداری مزمن   ترسیده بودی ؟  ترسناک بودن ؟  شماها حق تون همینه مرز رو ول کن داعش بیاد بخورتتون ,FEAR
3693,دونگی حساب میکنن از جیب مردم  یکی مال من ، یکی مال تو ،  اینم مال مردم   حالشو دارن میبرن  دور دور این آقایون اینطوریه دیگه داداچ ,ANGRY
3694,تولّد شما هم مبارک   برسید به دونه دونه ی آرزوهاتون  زووووووووووووووووود ,HAPPY
3695,  دمت گرم مریم جان   لطفتو میرسونه,HAPPY
3696, چاقتر بودی، چاق شدی ,OTHER
3697,شت من اینو باید ببینم انگیزه بگیرم ,OTHER
3698,در حد همین منطق:  چه وضعیه تعطیلات  شهرستان همش ترافیک و کثیف میشه به نظرم دیگه از تهران کسی رو راه ندن که ما ....     دقیقا همین قدر چرت,ANGRY
3699,هستی میبینی ,OTHER
3700,سوهان بدم میاد   مثلا شعبه نوتلا ولی ایرانیش مثل فرمند  ,HATE
3701,بدترین اتفاق برای یه خواهر اینه که داداشش زن بگیره  و مصیبت برای یه خواهر اینه ک داداشش زنش رو دوس داشته باشه ,SAD
3702,خونتون تیرآهن ضربدری نداره؟ ,OTHER
3703,بله ترسیدم خودم امحاش کنم سنگ بشم ,FEAR
3704,خب شما باهاشون دوستید هم موضع اونایید واسه چی ازشون بترسید.  دست در دست ترامپ و نتانیاهو علیه برجام تبلیغ و فعالیت میکنید یعنی منافعتون به هم گره خورده.  ,SURPRISE
3705,حالا اینکه خوبه...  سر جلسه از یارو سئوال پرسیدم بهم میگه اول تو سئوال ۸ رو بگو   بعد من میگم...  مراقب برگمو گرفت   ینی چقد از اینا بدم میاد :/,HATE
3706,زیبا ،جادار،مطمئن   فقط نمیدونم تبلیغ براکدوم بود ,OTHER
3707,بعدها مشخص شد که یه دستور داشت تو تنظیمات مودم باید تایپ میکردی که صداشو قطع میکرد  نمیدونم چی‌چی رو مساوی صفر میکردی از صدای قیژویژوبلنذبلتتد خلاص میشدی  ,OTHER
3708,نه چه دیری  کلا هر سنی شروع کنی باز نمیرسب به هدفات ,OTHER
3709,مرسیی ,HAPPY
3710,بزغاله ,ANGRY
3711,چرا عجیب باشه من خودم یکیش! ,SURPRISE
3712,چه ترس بدی بهت داده     خدا حفظش کنه ,FEAR
3713,هم یه سر و دو گوش هم جن هم شاخ نبات هم چند تا موجود دیگه که اسماشون یادم نیست فقط یادمه جلو بزرگترا فیلم بازی میکردیم که مثلا ترسیدیم از تاریکی شب و اینا تا زودتر دست از سرمون بردارن بریم به ادامه بازی برسیم ,OTHER
3714,یعنی باشوگرمامی یا ددی ازدواج میکنن؟ مگه فقط واسه خوشگذرونی نیست,SURPRISE
3715,تولدت مبارک دکتر دلها  همه گیف های بوس برای ترانه، ایشالا امسال ببرید اون جزیره کوفتی رو تو و عادل گل مو خوشحال شید,HAPPY
3716,کووووووفت ,ANGRY
3717,چه تشبیهیه آخه ,SURPRISE
3718,دم شما گرم ,HAPPY
3719, زورش اینجاس که ادعای فرهنگشونم میشه,ANGRY
3720,چقدر بدم میومد از چند تا جمله این یکیش ,HATE
3721,تازه اومدم توئیتر ..خب ندانستن عیب نیست خواهرم ,OTHER
3722,کلا کسایی که مثه خر کار میکنن همینطورین   البته خودمم جزو خر هام برنخوره به کسی ,OTHER
3723,با صحبت های رهبر دلم قوت گرفت  اما مگه رئیس جمهور هم سخنرانی کرد؟ ,SURPRISE
3724,این‌همه لشکر آمده به عشق شاهش آمده     شعارهای اعتراضی مردم، امروز در نماز جمعه‌ی کازرون  دشمن ما همینجاست، همش میگن آمریکاست!  #ايران_را_پس_ميكًيريم از #فرقه_تبهکار   #اين_همه_لشكر_آمده_ازبراي_شاه_آمده  ,ANGRY
3725,  میزان توحش اینها و سیستماتیک کار کردن شون عجیبه,SURPRISE
3726,خب مثلا باسواد مگه قبل برجام ما نگفتیم که آمریکا غیر قابل اعتماده ...,SURPRISE
3727,گربه دستش به گوشت نمیرسه ,ANGRY
3728,مگه نمیکنن؟ ,SURPRISE
3729,نه من مهربون نیستم اصن گول ظاهرمو نخور عصبی هم که میشم هیچی دیگه  ,OTHER
3730,"""یه تفکر عجیبی که زیاد  بین دخترا میشنوم اینه: پسره که در هر صورت خیانت میکنه، پس منم خیانت کنم که وقتی فهمیدم """"حداقل"""" دلم نسوزه!!!  خب با همین افکار رابطه های اطرافمون اینقدر نا پایداره """,SURPRISE
3731,منم همين مشكل رو دارم و نه عينك ميزنم نه جرات دارم عمل كنم از لنز هم ميترسم همه هم ميزارن پاي بي ادبيم ولي واقعا نميتونم صورت ها رو تشخيص بدم!يه روش جديد پيدا كردم از مدل راه رفتن ادما ميشناسمون جواب ميده در بيشتر مواقع ,FEAR
3732,بابا اعصابم خراب شد ,ANGRY
3733,اگه واقعا عاشق کسی هستی  هیچوقت چشم هاشو با اشک!  گوش هاشو با دروغ!  و قلبشو با زخم تزئین نکن ,OTHER
3734,بعضی ادارات که با سند و مدرک کار دارن چندپارت صبحانه کوفت میکنن ,ANGRY
3735,نه به خدا   آقازاده های خودشون اکثراً دارن با پول بیت المال تو کانادا و آمریکا عشق و حال می کنن  بچه های مظلوم مردم رو می خوان بفرستن جلو قدرتمندترین ارتش دنیا گوشت دم توپ بشن  ,ANGRY
3736,بابام امروز توییتر نصب کرده، من که هنوز بهش آیدی اکانتمو ندادم ولی شما مراقب خودتون باشین اگه دیدین یکی  با یه یوزر نیم عجیب غریب اومده موعظه میکندتون به سرعت بلاکش کنین و از محل دور شین ,OTHER
3737, سر اینجور ادما باید همین بلارو اورد  ,ANGRY
3738,ول نمیکنیا ,ANGRY
3739,بی لیاقت ها    ,ANGRY
3740,اینقد تعجب داشت  ,SURPRISE
3741,چجوری ؟؟؟؟؟؟؟؟؟؟؟ ,SURPRISE
3742,اگه نزدیکت بودم برات میگفتم ,OTHER
3743,تو روح خواب دیشب من که 4 بار با ترس از خواب پریدم و حاصلش شده یه تبخال    بجز یخ که خودم بلدم ، راه درمان خانگی چی تو دست و بالتونه گایزز؟,FEAR
3744,ای داد بیداد و من چقدر متنفرم از این افراد ظاهر بین و تیکه بنداز  ,HATE
3745,مثه گربه بترس .  هار هار هار,FEAR
3746,کاش زودتر پولشو بدن  بیشترین چیزی که اعصابمو خورد میکنه همینه ,ANGRY
3747,ریا نباشه چشم ابروی دلبر منم مشکیه ,HAPPY
3748,اره ..میکفتیم باید کارت و وارد کنی اونجایی که فلاپی میخوره.. عجب روزگاری بود,SURPRISE
3749,عاره  زبانم نیمه تموم موند، میخوام برم اموزشگاه رانندگی میترسم ,FEAR
3750,روز مبارک آقامعلم  ,HAPPY
3751,شت یعنی قادر مطلق بودن و بدون اذن شوما یه برگ نمیفته و اینا کشک؟,SURPRISE
3752,اخرشم بهت میگن من صبح تا شب بیرون جون میکنم  تو زیر باد کولر مکه چه غلطی میکنی.از زن بودن متنفرم  ,HATE
3753,چرا آخه  ,SURPRISE
3754,اره دیگه، آدم با این فیلمها نمیترسه فقط گاهی ممکنه غافلگیر میشه  حالا یه چیز جالب یکی از آشناها تعریف میکرد که با دیدن فیلم خوابگاه دختران کلی ترسیدم و جیغ زدم و ...   درحالی که من آخر فیلم فهمیدم که سبک فیلم ترسناک بوده  ,SURPRISE
3755,من همیشه میترسم زلزله شه همه بمیرن من بمونم  فکرشم ترسناکه,FEAR
3756,از عمق  دلم سوختم  اون وقت من یه دوست دختر ساده ندارم بعضی وقتا ببوسمش ,SAD
3757,شیطون تو عبا عمامه رو از کجا کش رفتی؟  بهت نمیاد حوزوی باشی           ,OTHER
3758,من که بدم میاد ازش  ,HATE
3759,چرا هیچ وقت یه بازیگر معروف تو فیلمای ترسناک بازی نمیکنه؟ ,SURPRISE
3760,عصبانی بودید چون منم ترسیدم  ,FEAR
3761,دختر بودم الان 17.3k فالوور داشتم ,OTHER
3762,زمستونهاى سوئد فقط اونجاش كه مى خواى بخوابى “شبه”، بيدار ميشی شبه، شام مى خورى شبه ، صبحونه مى خورى شبه.   روز هم كه ميشه، برى حموم زياد طولش بدى، اومدى بيرون باز هم شبه. اصن يه وضعيه!  #هکسره    #اصن‌یه‌وضعی ,ANGRY
3763,دست نه...سوزوندن موی دست بوی کله پاچه میگیره  ,OTHER
3764,پدربزرگ من میگفت برید از باغ سیب بکنید بخورید وگرنه میدم خر بخوره  ,OTHER
3765,خدانکنه زیبا ,OTHER
3766,عجبب  چیزی ب ذهنم اومد میپرسم باز ,SURPRISE
3767,اووو ديگه هيچيي الان ميگن بداخلاق اون موقع چي ميگن ,SURPRISE
3768,یا رضا  التماس دعا  ,OTHER
3769,من هروز ازین احساسا دارم، البته منظورم علائمه نه حس کنم گرفتم و خب اصلا مهم نیست. امشالا هیچیت نیست ,OTHER
3770,از این عجیب تر هم دیدم ، اینکه خوبه  ,OTHER
3771,اختلاس دروغ ریا دزدی کلاه برداری رانت شارلاتانیسم و...     همونطور که می‌بینید دنیا هنوز قشنگی‌هاشو داره !به شرط اینکه چشمای خوشگل‌تونو روی زیبائی‌های دنیا نبندید !!  بعضی از ایرانی ها شیطان رو هم درس میدهند!!!   ,ANGRY
3772,چقدر آسیب و تنفر و رقابت و جنایت بود تو این توییت  ,SURPRISE
3773,بازخداروشکر   انقدر حرص خوردیم حدیث جات خالی ,ANGRY
3774,پول مردم رو پس بده ، استرس قطع میشه ..  ,OTHER
3775,من تلگرامم یهو حذف شد ازگوشی ,SAD
3776,اینقد که من دور برم دیدم  حتی با یه دگزا ساده که زدن تو خونه ارست کردن واقعاا با ترس و لرز میزنم واسشون  ,FEAR
3777,پس درست فهمیدم. عجب دلبستگی زیبایی بینشون بوده ,HAPPY
3778,حسین اقا بده زشته بد آموزی داره,ANGRY
3779,نه فوبیا ندارم، من از در اتاق نمیتونستم برم بیرون چطوری به همسایه میگفتم بیاد ,SURPRISE
3780,حرف درستی زدی  ,OTHER
3781,منزجر کنندس  ,HATE
3782,طفلکی طفلکی طفلکی بخدا قدیما معلوم نبوده بچه هاشونو چی حساب میوردن منم مورد مشابه واسم پیش اومده البته جام نزاشتن ولی یه مورد مشابه  رفتیم عید دیدنی من اونجا خوابم برده گفتن خب بمونه اینجا و برگشتن خودشون من صبح پا شدم دیدم جام غریبه داشتم از ترس میمردم ,FEAR
3783,واقعا چه فعل و انفعالاتي تو مغزتون رخ ميده كه بعد ازدواج تو يه بشقاب غذا ميخورين تباها؟ ,ANGRY
3784,نگو! دختر کشه پدرسوخته!  ,ANGRY
3785,سوالی نبود حرفم که  خبری بود  ,OTHER
3786,خوشحال میشم بتونم کمکی کنم ,HAPPY
3787,بی ادب ,ANGRY
3788,حالا چرا اسفند؟؟؟؟؟  زودتر نبود؟؟؟؟؟  ,SURPRISE
3789,اصلا باهم دماغ ميزنم تو چشمشون ,ANGRY
3790,فوبیای اینو دارم که وقتی از کنار یه ماشین رد میشم یهو درشُ باز کنند اون قسمت تیزش بره تو گلوم و در خون خودم غلت بزنم تا بمیرم  ,FEAR
3791,من نمیدونم اخه ,OTHER
3792,احتمالش کمه ,OTHER
3793,اکثر دانش آموزا از هدیه #کتاب بدشون میاد، حتی بزرگترا! ، یه جا که میخوان هدیه بدن وقتی میخوان از سر واکنن میگن یه دونه از اون کتابارو کادو کنین!    درسته؟ یا اینکه نادرسته؟! ,OTHER
3794,الان  فهمیدم چرا پشت کنکوری   سال دیگه میگن بیا سواال طرح کن خودت  ,OTHER
3795,اره ترامپ ترسیده گفته غلط کردم اینها خیلی زورشون زیاده ازشون می ترسم  ,FEAR
3796,به کی؟؟؟ ,OTHER
3797,عجب عکسی گرفتی ,SURPRISE
3798,کلا اتاق من ترسناکه همیشه فکر می کنم یه نفر تو اتاقمه اما پررو پررو بازم توی اتاقم تنهایی میخوابم ,FEAR
3799,چجوری میشه مام بیایم تو باندتون؟؟!  ,OTHER
3800,از کجا میدونی؟ ,SURPRISE
3801,از اين استفاده ميكنن ولي قيافه اصلي اينه ,OTHER
3802,چرا این حسو فراموش کرده بود   چه باحال بود.  انگار مثلا اختراع بزرگی کرده بودیم ,SURPRISE
3803,خیلی خطرناکه  ,FEAR
3804,آخ گفتی  ,OTHER
3805,من نیز هم، خیلی ریلکس برخورد کن منشنتو پاک کن ب ا تمام یه میوتم بزن اگه دوباره فالو داد متوجه بشی واسه چی میوت زدی خیلی برخوردم سنگینه ولی من متنفرم یکی اینکارو کنه متنفر ,HATE
3806,انصافا من به جاش ترسیدم ,FEAR
3807,خب اونی که اول رسیده برداشتدش ک بقیه بیشتر بترسن و مطمئن شن کار جن بوده  هارهارهار  ,FEAR
3808,معلومه بدجور صابون اسلام سیاسی به بدنتون خورده ,OTHER
3809,مسدودیان خوب امدی ,OTHER
3810,تو بیکاری بیکار شدیم ,SAD
3811,خیلی میترسم ازش ,FEAR
3812,نترس میخونه ملت دیگه خواب رو از چشمانه اینها گرفته عقربه های ساعت دارن تیک می‌کنند  ,FEAR
3813,امیدوارم یه روزی تو جاده شمال تو ماشین دست تو دست هم این آهنگ رو گوش بدین    با تو این تن شکسته داره کم کم جون میگیره  آخرین ذرات موندن توی رگهام نمیمیره  با تو انگار تو بهشتم با تو پرسعادتم من  دیگه از مرگ نمیترسم عاشق شهامتم من     ,HAPPY
3814,بی ادب ,ANGRY
3815,وات؟ ریلی؟؟؟ ,SURPRISE
3816,مرسی عزیز و همچنین برای شما بهترین آرزوها می‌کنم  ,HAPPY
3817,آره سرمایه‌داریه و نون بربری‌های هرروز  ,ANGRY
3818,دقیقااااا واقعا چرا من که حریف پسرم که الان ۱۴سالشه نشدم ,SURPRISE
3819,این ترس خیلی خوب است. چهار پنج تا تشک بذار رو هم از پشت بام بپر روشون.  خیلی حال میده  ,HAPPY
3820,متنفرم ازت گم شو  ,HATE
3821,اپیزود پنجممون    ما یه پادکستیم که روایت‌‌های واقعی ترسناک رو میگیم,FEAR
3822,ممد عصبانی میشود⁦ ⁩ ,ANGRY
3823,بهتره به شناخت برسن بعد ازدواج کنن    چه نفرت انگیز ,HATE
3824,عیییی بدم میاد سبزه خوبه  ,HATE
3825,بی ادب  ,ANGRY
3826,مادر بنده اصلا تو اتاقم نمیاد که یوقت تو رودربایستی جمع کردنش نمونه ، اما کافیه بپرسم فلان چیز من چرا نیست!!!! میاد دم اتاق و آدرس دقیقو با کروکیش میده بهم  ابلفضضضضض,SURPRISE
3827,الان ملت میریزن به دکترها فحش میدن! ,OTHER
3828,چه وحشتناک  ,FEAR
3829,هیجان و استرس و ترس از گاز گرفتگیش حرف نداره. هیچی جاشو پر نمیکنه ,FEAR
3830,من از ماکارانی متنفرم ,HATE
3831,یکم ترسناکه ,FEAR
3832,من خودم سنم بالاس و ازدواج نکردم.سختی زیاد کشیدم همیشه هم گفتم میخوام ازدواج کنم.ولی راستش همیشه هم پای کار ترسیدم و قلبا ارزو کردم نشه پارادوکسیه.میترسم چون زن با ازدواج همه جوره میره زیربار مرد و من خودمو میشناسم.نمیتونم ازکسی دستور بگیرم,FEAR
3833,من چرا نداشتم؟؟؟ ,SURPRISE
3834,این هوش مصنوعی واقعن داره ترسناک می‌شه. دیروز تو فکر خودم، یه واژه انگیلیسی رو تکرار می‌کردم، دیکشنری گوشی عصر بهم یادآوریش کرد ,FEAR
3835,بدش به من خودم بزرگش میکنم ,OTHER
3836,انگار نزديك ٤٠،٠٠٠ نفر درگير اين هشتگ هستند   بي سابقه ست  #IraniansDetestSoleimani,SURPRISE
3837,چه قده فهمیده ,SURPRISE
3838,سگ تو روحت        ,OTHER
3839,نرو خواهشا تو ژانر وحشت ,FEAR
3840,خداییش از فوتبال از همون بچگی بدم میومد ,HATE
3841,ما یه دوماد مشدی داریم نصف جهازو انداختیم گردنش ,HAPPY
3842,خدای من چه ترسناک شدن ...,FEAR
3843,ترسیدم ازت  ,FEAR
3844,از ازمایش خون میترسی؟؟؟؟  من دردهایی کشیدم‌که هرماه‌چندبار ازمایش خون دادنم توشون‌گمه ,SURPRISE
3845,یهو آدرس بدبختم میدادی!  ,OTHER
3846,از ترس کرونا، نخ دندون، مسواک و دهانشویه دوبرابر قبل انجام میشه ,FEAR
3847,منم خیلی بدم میاد بخصوص اینکه خانواده همسرم اصرار دارن عید باید رفت مسافرت اونم بیست نفری  ,HATE
3848,عه.پس منو تو اینجا چکار می کنیم ,SURPRISE
3849,کارشناس اقتصاد مقاومتی   اخه مفت خور اقتصاد اول و اخرش دست آقاتون و سپاه و خودته بعد روحانی بیاد چی بگه,ANGRY
3850,منم فکر نمیکردم همچین حرکتی بزنی  درود بر شما  خسته نباشید  ,SURPRISE
3851,بهش فک نکنی بهتره حداقل حرص کمتر میخوری  ,OTHER
3852,   میدونم میدونم ,OTHER
3853,خیلی هم رو اعصابه ,ANGRY
3854,اون که فوبیا داریم همه ازش ,FEAR
3855,موافقم من به شخصه از پختش بیزارم  حالا ابلیموام بزنی بهش بهتر میشه ,HATE
3856, خدا رحمتشون کنه، جاشون بهشت باشه انشاالله ,SAD
3857,عزیزمی ,HAPPY
3858,اره اینم داره من از رشد یهویی هم میترسم    ,FEAR
3859,"""دارم  """" سـیـاحـت غـرب """"  گوش میدم و مثل چی ترسیدم...      بیاید بگید: مگه مرض داری نصف شبی؟؟!! """,FEAR
3860,منووووو مییییگه شرمندم کردی ,HAPPY
3861,نه ولی هر کی نشسته روبروم هی گفته با اون چشمای وحشی و هارت زل نزن بهم عصبیم میکنی .   اینم شانس ماس ,SAD
3862,گفتن که نمیگم دستمم نمیرسه میترسم پسره ولش کنه یا یه کاری کنه همه اخرش مثل سگ پشیمون شن  ,FEAR
3863,پس چرا اون علفه نمیاااد اصن نیس ک بیاد ,ANGRY
3864,اينطور كه از شواهـد پيداست انگار هـمينطوره كه گفتم ,SURPRISE
3865,فرق میکنه؟!⁦ ⁩,OTHER
3866,میخواستم ی شوخی با سنی ها بکنم از عکست ترسیدم  ,FEAR
3867,چن روز پیش رفتم شرکت یکی از دوستان که تازه جابجای داشتن به یه ساختمان قدیمی منتقل شده بودن  بمحض ورود با یه سوسک بالدار روبرو شدم.  نا خودآگاه جیغ زدم!!  منشی ایشون یه خانم جون بود،   گفت: نترس من اینجام،  پ.ن: نابود شدم، نابود     #جدی,FEAR
3868,میترسیم راحت باشیم بگین حتما دوس داره بخوره به ما  ,FEAR
3869,والا میدونستم برای همچین چیزی میان معطل نمیکردم میترسم بیان به اوناهم شربت بده ,FEAR
3870,⁦ ⁩  فقط چون از کرفس بدم میاد :)),HATE
3871,مال منم آشفته کردی نصف شبی ,ANGRY
3872,من هر۲تاشم   پس خیلییی ترسناکم  ,FEAR
3873,چطوری آقا حامد ,OTHER
3874,بالاخره جواب  آزمون کنکور هم اومد   فقط بدونید شیییرم     رتبمو نپرسید که نمیگم   پ.ن:میترسم چشمم کنید      #کنکور۹۸,HAPPY
3875,دستگاه میخواد اسمتو ثبت کنه هی من دستشو میگیرم میگه زشته بابا زشته  ,ANGRY
3876,تیرانداز رو خودم میکشم. ,ANGRY
3877,والا میزنیم میریم تو جمعیت لگد میشه  ,OTHER
3878,والا از نماینده ها ترسیدم یک هویی کارشون رو میکنن ,FEAR
3879,پ چرا من بدم نمیاد  ,SURPRISE
3880,من رفتم و بعد سعی کردم اهداف بلندمدت رو با شغلم تطبیق بدهم.    خدایا شکرت.  ,HAPPY
3881,كي گفته مرد بايد حتما بزرگتر باشه!؟  كجاش اصلا تعجب داره!؟  من نميدونم اون چطور از تو خوشش اومده با اين عقايدت ,SURPRISE
3882,اره همه از ترس اینکه نگیرن سمتت نمیان ,FEAR
3883,تازه حرصشم ما باید بخوریم ,ANGRY
3884,قبلا نشنيده بودم،جالب بود ,HAPPY
3885,بگو فعلن بخاطر تحریم های ترامپ نمیتونیم دختر ببریم هتل بنداز گردن خودشون  ,OTHER
3886, خیر متوجه نمیشن ما سر شار از لهجه ایم فقط کافیه بری یه شهرستان دیگه دهن وا کنی میگن مشدی,OTHER
3887,موافقم.شاید نباید از کوره در میرفتید و اینقدر عصبی میشدید چون رشته کلام از دستتون خارج میشد.اما زیباکلام هم گرگ بارون دیده‌ست.شاید حرفاش باعث شد که عصبی بشید.چهل ساله کارش همینه  به هر حال چقدر خوبه انتقادپذیر هستید.اینم تجربه‌ایه برای شما و آقای گلریز واسه مناظرات آینده ,OTHER
3888,عجبب،تو روحشون همجنسگران مگه!؟  درواقع همجنس‌باز،دیگه زن میخوان چیکار میان زن هم میگیرن ,SURPRISE
3889,تکلیف حکم هایی که قاضی های فاسد صادر کرده اند چی میشه؟؟  ,ANGRY
3890,ایشالا کسب وکارت پر رونق باشه تا بتونی بیشتر روزی رسون باشی ,HAPPY
3891,نمی‌دونم راجع به چی صحبت می‌کنی      ,SURPRISE
3892,خب حالا نصفه شبی ,ANGRY
3893,چطوری عقده ای ,ANGRY
3894,خدایی ترس هم دارن ,FEAR
3895,ای بابا چرا میخوای دریارو کثیف کنی ؟ https://t.co/rp1cVXGAlp,ANGRY
3896, استاد انقدر بزرگ بودن که مگه سوال جواب هم میشن,OTHER
3897,خیلی هم خوبه  ,HAPPY
3898,واقعیت اینه که هدفمون این نیست که متنفر بشیم  بلکه از علاقه ی زیاد بالا میاریم!!!  باید گفت انقد گوش میدیم که بدمون میاد!   ولی این چیزی از جذابیت های ما کم نمیکنه!!! ,OTHER
3899,نه اخه تقریبا همسن بودیم فازش عجیب بود ,SURPRISE
3900,اونی که احساس یه دخترو میکشه...وحشتناکه ,FEAR
3901,این جمله ترسناک تره   ...],FEAR
3902,امشب یه لیست ازتون درست کردم؛  پرایوت و 52 نفره   آخه خیلی خوبید بی عُرضه‌ها   همشم دختر نیستا     دوستون دارم حسودای پلاستیکی ,ANGRY
3903,از لحاظ آینده تحصیلی مچ نیستیم   انقدر از این جمله بدم میاد که حد نداره! متنفرم...,HATE
3904,من خودم غر میزنم ولی از اونا هم بدم میاد ,HATE
3905,به به. امروز تو فاز شکست عشقی ای هاا ,OTHER
3906,ای بابا دارم میگم من خودم بودم میگی عددو از کجا فهمیدی این همه بی اعتمادی دلیلش چیه ,SURPRISE
3907,فوق چی؟  ,OTHER
3908,واییی منم از آمپول می ترسم اصلا واسه همین سعی می کنم مریض نشم  ,FEAR
3909,عجب بلاییه  ,SURPRISE
3910,یاصاحب وحشت  ,FEAR
3911,چه مثالیم زد  خب درد اینکه نمیشه راجبش با کسی حرف بزنم اصن یه حال مزخرفیه,SAD
3912,تو یک مرد وحشتناکی ازونا که همیشه میترسم گیرم بیاد ,FEAR
3913,بر عکس به خونه زنگ زدن گفتن دخترتون و زنبور نیش زده داره سکته میکنه از ترس بیایین ببریدش دکتر بابام تازه نیم ساعت بعد اومد گفت چه خبرته انقد گریه کردی ؟؟ ,FEAR
3914,کجاش ترسناکه  ,SURPRISE
3915,طرح  گشایش  ورود  مدنظر رئیس جمهور     هر چهار گزاره، ترسناکن,FEAR
3916,جراحی داشت لثم خوب بودم سوزن و نخ رودیدم واسه بخیه از ترس نه از درداااا چنان جیغی زدم که دکتر فکر کنم ترسید و بد باهام دعوا کرد  ولی خدایی تجربه بدی بود و به این نتیجه رسیدم به هیچ عنوان دندون پزشک خانوم دیگه مراجعه نکنم ,FEAR
3917,شما مگه میتونید   ؟,SURPRISE
3918,موش ترسوی اینجا ممکن است در جایی دیگر قهرمانی دلاور باشد  ,OTHER
3919,نمیدن خب  ,OTHER
3920,تا الان با این جمله تعدادشون به چند رسیده؟ ,OTHER
3921,خدایی با همین زبونتون خر میشیم ,OTHER
3922,من همیشه میگم اینجایی که فیلم ساکت میشه هیچ صدایی نداره حتما بعدش یه صدای وحشتناک میاد از هیچی نترس  ولی باز یهویی میرینم به خودم ,FEAR
3923,هیچکدوم  همه چی اوکیه حاجی نترس,OTHER
3924,ماجرا چيه؟؟؟؟   @BTS_twt,OTHER
3925,حالا یه بار هم قمه عشق یک نفر را بیابون پرور کرده!! شماناراحت شدین! ای بابا!به روخوانی شعر دیگران،به آزادی قلم احترام بزارید! ,OTHER
3926,دیشب ترسناک تر بود  ,FEAR
3927,در حد جنون  شب تا صبح و صبح تا شب ,OTHER
3928,شما چرا؟ با اين سطح از آگاهي همچين اظهار نظري از شما بعيده! ايشون امروز عازم نيويورك بودن، چون چمدوناشونو نبسته بودن جايگاهو ترك كردن ، هشتگ انصاف  ,SURPRISE
3929,واییی ی حمیدددددد     بگوببینم دقیقا این اتفاق کی افتاد؟     اخه همسایه بقلی مام همچین اتفاقی افتاد.    نکنه همسایه ایم     ببینم تو کدوم حمیدی؟     حمید سمت چپی یا بالای ,SURPRISE
3930,از این آدم باید ترسید(خودتو میگم) ,FEAR
3931,نکبت بودن واقعی جنگ رو برید ازکسایی بپرسید که بخاطر اثرات جنگ و موجی شدن عزیزانشون هیچوقت نتونستن عاشقشون بشن کسایی که هستن خیلی وقتها آرزوی نبودشنشون میکنی بعدخیلی زود از خودت متنفرمیشی    #نه_به_جنگ,HATE
3932, ینی موندم تو این همه تجربه رو از کجا آوردی  اره خدای  مامانم همش میگه وسواس شدی  بش میگم میترسم یکی این آرامش روازم بگیره  چرا هیشکی نفهمید ولی تو فهمیدی  ⁦ ⁩⁦ ⁩,SURPRISE
3933,عمه ی منم بدجورررررررر بسیجیه ولی از بابام میترسه هیچی نمیگه به من ,FEAR
3934,به به ,HAPPY
3935,خخخ جوگیر میشن مثلا میگه دکتر امروز جراحی داره انگار خودشو داره میگه  ,OTHER
3936,به قورعان  اصلا یه طور عجیبی ترافیکه  ,SURPRISE
3937,تولدت مبارک   ۱۲۰ ساله بشی الهی  https://t.co/12UrbgOjQS,HAPPY
3938,عجب تمثیلی ,SURPRISE
3939,از این جور زن‌ها در هر طایفه‌ای پیدا میشه، مامانم میخواد خفش کنه راحت شیم ,HATE
3940,ی جور مفتضحی مردم انتظار راستگویی و جواب درست از اینا دارن انگار نه میلیارد و من گم کردم  وا بدید,SURPRISE
3941,بوش? چرا بوش؟   مگه اینجور چیزا تجهیزات پزشکی نیستن؟,SURPRISE
3942, والا اسب بالغه انگار,OTHER
3943,اخه تو خیابون کی پیاز خورد میکنه؟؟خو ,SURPRISE
3944,ما کی هستیم؟؟؟چی هستیم؟؟؟ ,OTHER
3945,کسی کوفتم واسه من نمیفرسته ,ANGRY
3946,چطو به تو گیر دادن پس   ساسپند شدی !!,SURPRISE
3947,دیر نشده ینی؟؟ ,SURPRISE
3948,اینقدر بیرون سرده میترسم از کلینیک بیام بیرون یخ بزنم بمیرم ,FEAR
3949,واقعا شرایط بدیه ,SAD
3950,منم دو روزه توي تنفس با بيني كم ميارم و انگار يك وزنه سنگين روي سينه ام هست..شب ها بيشتره اين حالت  و من چون تازه عمل كردم و چند روزي بيمارستان و icu بستري بودم حتي جرات نميكنم به خانواده بگم     و مي ترسم,FEAR
3951,چطوری کریست؟  فقط  عکس روی کارت ملیم لو نره که ازتون شکایت میکنم:/  یک دردسر بزرگ شده واسه افکارم نمیتونم بخوابم از ترس اینکه خدایی نکرده عکس روی کارت ملیم لو رفته باشه ,FEAR
3952,بله تمام دهه ۸۰ و ۹۰ و بچه‌ها طرفدار دنیا جهان بخت و مسی هستن اما ما بزرگترها بیشتر هدیه تهرانی و رونالدو رو دوست داریم  ,HAPPY
3953,ترم‌اول یه شهر دووور وغریب تک و تنها:(  زمستون بود خوردم به تاریکی ۱۰شب رسیدم از اتوبوس پیاده شدم‌ و هیچچچچ تاکسی نبود هیچچی نبود گوشی لنتی خاموش شد نزدیک ۱کیلومتر توو تاریکی ترسناک با یه چمدون خودمو رسوندم‌  خابگاه:(  هروقت یادم‌میفته.... ,FEAR
3954,ولی من خیلی میترسم  ,FEAR
3955, چرا یه ذره رو دارن ...برا چاپیدن بیتالمال عقلشون کار میکنه  ,ANGRY
3956,آقایون غیرتی کجان که ما بزنیم ,ANGRY
3957,اره خیلی عجیب بودن  ,SURPRISE
3958,پس خیلی همدرد دارم اینجا ,OTHER
3959,یکی از حقایق تلخه‌ ,SAD
3960,هر چند بعید میدونم بهش بگم .. یجورایی ترسناکه واقعا کاش پسر بودم -___- بازم مرسی ,FEAR
3961,سخته خيلي ولي چشم ,OTHER
3962,همسرتون توییتر نداره این تویتت رو به بینه ؟ ,ANGRY
3963,من ساعی میرفتم کلاس اروبیک، همیشه جلوی در پر بود از پدر و مادرا   میگفتن واسه منکراتی هاست   بازداشتی ها هم با روی خندان میومدن بیرون   به نظر نمیرسید ترسناک باشه.,FEAR
3964,به به چه تولدی  ,HAPPY
3965,برا منم همینو فرستادی مگه نامحرمم  ,SURPRISE
3966,ترس نداره که  از فردا رقص آزاد  ,OTHER
3967,یبار دماغ یکیو شکستم ,OTHER
3968,خوشبحالت   من میترسم,FEAR
3969,نمودارش بخوره تو سرش ,ANGRY
3970,منم خيلي عصباني ميشم اگه بستري شم   از امپول ميترسم غذاشم بدمزه س  ,FEAR
3971,نمیدونم‌چرا خجالتم نمیکشن هربارم میگی باز همونن که بودن  به درختم یبار بگی میفهمه  ,ANGRY
3972,خدا بگم چی کارت نکنه   حسابی ترسوندی ما رو    تو کیی؟!   چه حرصی داد ما رو    واقعا باورم شده بود  ,FEAR
3973,  واللا ما هرچي ازت ديديم جز خوبي نبوده، نيش نداشته توش   يونو(جونو)، ايزدبانوي زنان جهان تو اساطير روم ه  و البته كه ميتونه you know هم خونده شه ,HAPPY
3974,چی چند؟  ,OTHER
3975,همین زشتا فالوورتون باشن بهتره ,ANGRY
3976,وااای منممم.   سر دکستر که گریه میکردم تا چند روز.  الانم دلم نمیاد فرندزو تند تند ببینم میترسم تموم شه :(,FEAR
3977,آخ گفتی   اصن زجر روحیه. هنوز فک میکنن ۱۵ سالته  ,SAD
3978,دلم میخواد یه اسب سیاه داشته باشم  نژاد عربی ....  کنار ساحل سوارش باشم    ولی از سوار کاری میترسم !!!  جدی راهکاری بلدین برای غلبه به این  ترس!!!  منشن چرت بدی بلاکی  ,FEAR
3979,ای‌وای کراش   باید توچند جلسه ترستو از سوسک بریزونم ,OTHER
3980,چقدر ترسناک  ,FEAR
3981,اخ اخ دقیقااا ,OTHER
3982,خوب چی میشه.. جنه خیاطی دوست داره.  بالاخره باید از یه جایی شروع کنه :)  (وی از این به بعد می ترسد به چرخ خیاطی اش دست بزند ),FEAR
3983,اتفاقا من برعکسم دنبال پستایی میرم که ازشون متنفرم   مازوخیسمم خودتونین ,HATE
3984,حسودهای پلاستیکی کی بودین ,OTHER
3985,  چرا واقعا,SURPRISE
3986,اخه بدبختی یه وسواسیه تنبل خیلی چیزا رو چون خودش میدونه تا ده بار نشوره به دلش نمیشینه پس کلا قیدشو میزنه مثلا سبزی رو نه میشوره نه میخوره منم که سه بار شستم بیست بار وارسیش کردو اخرشم بعد دست مالی کل سبزی دوتا برگ ریحون خورد کلا رومخه ,ANGRY
3987,اگه نمی نمود باید تعجب میکردی ,SURPRISE
3988,همش ميترسيم اطلاعات بياد دستيگرمون كنه اين اسمو عكس و گذاشتيم  https://t.co/rnz3dGhuO2,FEAR
3989, پشیمون شدم از توییت کردنش  نترسونین,FEAR
3990, من هستم,OTHER
3991,من 15 سالم بود. واااای چقد ترسیدم و گریه کردم  ,FEAR
3992,معلوم نیست ؟ ,SURPRISE
3993,ترس نداره که مثل یک امپول پزرگ دکتر نشون بده ولی کوچیکرو بزنه  چه شود,OTHER
3994,  از کجا سن منو میدونی؟  ,SURPRISE
3995,آره فردا گفته آزمایشو ببرم براش، که وقت آندوسکوپی بده بهم. کاش زودتر رفته بودم.قشنگ ترس برم داشته ,FEAR
3996,بله .. هرروز هم میگه  ,OTHER
3997,از قورمه سبزی متنفرم   فقط گوشتاش خوشمزه اس بقیه اش نه  ماکارونی خوبه   ,HATE
3998,عجب متنی  حال کردم با آرایه هات ,HAPPY
3999,چه وحشتناك  ,FEAR
4000,   برای چی؟,SURPRISE
4001,نه توییت جدیدم رو نزدی    منشن هم ندادی  ,ANGRY
4002,خوب چشاته که دل آدما رو میلرزونه  مخلصیم,HAPPY
4003, چندتا لایک ارزش اینکارارو نداره...اینجا #جنگله بخور تا خورده نشی...سهمتو خوردی اما یادت رفته دولت پنهان اگر نهان بشه دزدیارو از حلقومتون میکشه بیرون.,ANGRY
4004,می ترسم لا به لای یکی ازین اتفاقای بد بمیرم  ,FEAR
4005,نگو که ترسناکه ,FEAR
4006,مال منم كار ميكنه تلگرامم ديگه كلافه  شديم از اينهمه امكانات و رفاه  ,SAD
4007,عجب فالی با شرایط الان خودم جور در میاد   مرسی ,SURPRISE
4008,مصطفی جون اگه قرار باشه هر دروغگویی بیاد توی صفحه تلویزیون که جامعه رو دروغ پر میکنه!  جنابعالی کم مونده برای اهداف منافقانه ی خودت صداوسیمارو اشغال کنی؟   راستی قرار بود بخاطر دروغ دختر آبی توی استادیوم آشوب به پا کنید ولی باز مردم سرتونو زدن به آخور ,ANGRY
4009, سوسیس درست میکنن لابد,OTHER
4010,واسه شما جکه واسه ما خاطره س!   ولی خدایی خنده و عصبانیتم قاطی شده بود میخواستم بهش بگم نکشیمون سلطان بورس! ,ANGRY
4011,دخترخواهرم هشت سالشه   الان‌میگه بیاین یکم باهم صحبت کنیم و تحلیل کنیم  در مورد نظم نوین شیطانی     میترسم بحث کنم باهاش و کم بیارم  #رویش_های_انقلاب,FEAR
4012,چقدر ترسناکه عکست   هر جا رفتی خدا به همراهت  ,FEAR
4013,يعنى قهوه اى رنگ نيست؟؟؟   ,SURPRISE
4014,آخه چه جذابیتی در این افراد می بینید؟ ,SURPRISE
4015, چه وحشتناک بوده چه حس بدی,FEAR
4016,من کتاب سیاحت غرب و رو خوندم بعدشم سی دی رو دیدم   تا ی سال سر ساعت نماز خوندم   از ترس شب اول قبر   بعدش یکم بزرگتر شدم فهمیدم هممون سر کار بودیم فرقی نداره چه دینی باشه همه از دم سر کاری بودن,FEAR
4017, کارش درسته,HAPPY
4018,شیرین اونایی میزنن که از ترس اون دنیا نماز میخونن!    خیراانسا زن زندگی بوده،قدرش رو ندونستن ,OTHER
4019,بسیار زیبا    و گر چنین است  چشمانم لبریز از شراب شعرت  و   گوشهایم دفتر لطافت کلماتت باد ..,HAPPY
4020,سلبریتی اگه هست اینه مال ما که سلبریدی هستن داداش کارشون به اعصاب مردمه,ANGRY
4021,فاطمه یاسمین شنیدی؟ ,SURPRISE
4022,عجیب این توئیت به دلم چسبید.  حرف دل و حرف حق   ,HAPPY
4023,ملک چرا نیسان آبی آخه ، اصن حدیث داریم میگه یکی از خدا بترس یکی از نیسان آبی تو جاده ,FEAR
4024,اون دیگه رفت واسه صید نهنگ ,OTHER
4025,درود بر شما  ,HAPPY
4026,بدم میاد ازش ,HATE
4027,اره من میترسم... فکر اینکه زیر اونهمه خاک تنها باشم منو میترسونه  ... پر از جونور که رو بدنت راه میرن...,FEAR
4028,مگه در ریاضیات چیز شیرینی هم وجود داره؟ ,SURPRISE
4029,یه روزی میاد که برمیگردم ایران برادر زادمو دوباره بغل میکنم ,HAPPY
4030,پارسال جور نشد واسه اربعین،امسالم می ترسم با وجود این ویروس نشه ,FEAR
4031,عجب حافظه ای داری بابا    حالا ببین امروز چه حسی دارم   اصن له لهم ,SURPRISE
4032,بی آبرووووووووووووووووووووووو   یک بی آبرو همیشه دروغگو هست و یک دروغگو نانجیب میشه و یک نانجیب ناموس براش معنی نداره و همچین شخصی بهش میگن کمتر از حیوان     https://t.co/lCywUYqZ67,ANGRY
4033,مجلسیان مترسکانی بیش نیستن .این دقل و دوستان که میبینی مگسانن گرد شیرینی. اونا فقط به خاطر رانت و حقوق و دزدی رفتن تو مجلس  ,ANGRY
4034,جدی شما به سی سی دارو میخورین؟؟؟ ,SURPRISE
4035,ازونایی که صبحا تا ظهر میخابن متنفرم ,HATE
4036,عجب هشتگی زدید   این ها ذریه همون کوفیان هستند,SURPRISE
4037,چه ترسناک ,FEAR
4038,اعصابم خرد شد  ,ANGRY
4039,سیکس یرز یانگر   تا حالا به آیدیت توجه نکرده بودم و متعجبترینم,SURPRISE
4040,کدوم خدا؟  ,SURPRISE
4041,از فردا میترسم سرپا بشاشم منو هم بگیرن ,FEAR
4042,ممنونم خیلی ,HAPPY
4043,چرا خاورمیانه ,SURPRISE
4044,از بچگی تا جایی که یادمه همیشه مشکل زانو داشتم متاسفانه.خیلی ممنون از لطفتون، ,HAPPY
4045,عجب شباهتی  ,SURPRISE
4046,چرا ینی ؟  ,SURPRISE
4047,چرا خُب داد نزدن؟  ,SURPRISE
4048,عزیزم بزار 4 نفر بیان بیرون بعد از ترسِ نظام صحبت کن. امروز که همتون خوابیدید خونه  ,OTHER
4049,از بچه های مردم سواستفاده نکن برو از خدا بترس ,OTHER
4050,كيل بيس يعني كليپس/خرگزه يعني خربزه ,OTHER
4051,فداتشم گلم ,HAPPY
4052,ترس از کرونا ,FEAR
4053,واقعا تو این زمینه ما جلوتریم از اونا   اخییش داشتیم عقده ای میشدیم اینقدر تو سرمون زدن فرهنگشونو,HAPPY
4054,دهه شصتيارو ديدن چشمشون ترسيده به اولين خواستگار بله ميگن قصد ادامه تحصيل هم ندارن ,FEAR
4055, لطفا زیپ دهانت رو ببند. بوی گندش توئیتر رو برداشته ,ANGRY
4056,عزیزم  ببخشید اگه یادآوری تلخی شد برات ,SAD
4057,یه فرمول دیگه‌اش اسم بابابزرگ و مامان‌بزرگه... یکی دیگه این که یکی تو فامیل خواب می‌بینه یه مولا یا خانم سبزپوش اومدن سراغش گفتن این بچه عاقبت به خیر می‌شه  این یکی لابد یه دختر کوچیک اومده گفته سلام من سکینه‌ام,OTHER
4058,دور از جون ولی تو این کشور هممون ی ترسی داریم، نمیذارن هیچ جای ایران آروم‌باشیم  ,FEAR
4059,حالا لازمه هی سرکوفت بزنی به ما ؟ ,SAD
4060,اینجوری که دارن میگن منفی آدم میترسه ,FEAR
4061,عی خدا از دست این کاربر نفر هزارمی اینو میگی بخدا من اسم گذاشتم سرچ کردم همچین اسمی نبود اصن   نمیخوام من یه ساکن پنت هاوس میخوام بکشتم بالا ,ANGRY
4062,ما رو دور ننداز ما اونقدرام بد نیستیم   (محمود کریمی ),SAD
4063,میرمان هرکجا هست خدایا به سلامت دارش.  ,OTHER
4064,انقد بدم میاد میگن یونی ,HATE
4065,نههه ولي انق گرونه ميترسم بخرم بعد يهو بيوفتم بميرم نپوشمش  ,FEAR
4066,واقعا ازین جمله من یکی خیلی میترسم ...هیچ خاطره خوشی ازین جمله فوق ترسناک ندارم ,FEAR
4067,ههههه پ نگي بهتره رفيق جان ميترسم تا اخر سال درگير داستانت بشم ,FEAR
4068,دیوار حمام رو نه اما مابقی رو چرا... اینقدر بدم میاد سینک لکه بگیره ,HATE
4069,این ترس همیشگی منم هست  ,FEAR
4070,اتفاقا الان دخترا نه آشپزی بلدند نه خانه داری  ,OTHER
4071,ممنونم نیکان  ,HAPPY
4072,ترس از طلا (‌البته برای اقایون  ) رو درک میکنم ولی ترس از عدد۵چرا اخه!چیش ترس داره ؟ ,SURPRISE
4073,ما عاشقان ته دیگ  ,HAPPY
4074,ما اگه کرونا نگیریم بمیریم قطعا از ترس کرونا میمیریم....   با این افکار,FEAR
4075,واي خيلي بد شده، اصلا گفتي حالم بد شد ... خدايي مسير خلوت ترسناكه,FEAR
4076,میترسم دو ساعت بشه دو سال  ,FEAR
4077,تا حالا ی خر ماچم نکرده بود آخه  ,OTHER
4078,سمت ما نه ترسوعش میاد نه شجاعش  کلا هیشکی نمیاد ,SAD
4079,سلام صبح شما هم خوش و خرم،ممنونم سلامت و تندرست باشید ,HAPPY
4080,نداشتم چرا؟   ,SURPRISE
4081,چقدر همه شاكين ,OTHER
4082,کراش قبلی مچ شده بودیم   تا دیشب که فهمید ۴ سال بزرگتره :)),SAD
4083,قلمت رو دوس دارم ,HAPPY
4084,ترسیدم بگی تیکه میندازی... وگرنه ماشالله هزار الله اکبر  ,FEAR
4085,نه والا کوفتم میشد  ,OTHER
4086,خیلی وحشتناکه خدا به خیر کنه...من که تهرانم از ترس خوابم نبرد امیدوارم برای هیچکس اتفاقی نیفتاده باشه  ,FEAR
4087, چی بگه آدم  به قول قدیمیا تا خر هست خر سوارم هست ... https://t.co/tCQfGMztSt,ANGRY
4088,فحش های آب دار آماده کرده بودم  که دیدم ویلیام پسندیده تعجب کردم  ,SURPRISE
4089,استاد اعصاب نداریا ,OTHER
4090,ممنون آقا سامان  جالب این بود که همه شون حرف ما رو تائید می کردن  فقط از ترس حرف مردم  انجامش نمی دادن  که بالاخره راضی شدن   ,OTHER
4091,خیلی رو اعصابناااا ,ANGRY
4092,حالا ایتالیا بهتره شهر ری عه؟حتی شعور ماسک زدن و نلولیدن تو همو ندارن،مث گاوم که حمله میکنن فروشگاها رو خالی میکنن،هم دیگرم واسه یه بسته ماکارونی کتک میزنن  خدا قوت دلاور ,HATE
4093,عجب حکایتی!  ,SURPRISE
4094,نترس تنها نیستی ,OTHER
4095,خیلی مخلصم ,HAPPY
4096,باورکن یه شوهر کچل گیرش میاد ، ببین کی گفتم   وی از کچل ها بدش میومد سرش اومد ,HATE
4097,داداش چرا وارونه میگیری مطلبو؟!! اصلا حرف منو میفهمی یا نه؟!!  میگم همون پیغمبر زنا رو خونه نشین کرد. یا خدا به چه زبونی بگم که متوجه بشی!!!!!!  میگم برا دفاع از حرفت پیغمبر و خدیجه رو مثال آوردن اشتباهه، میگیری مطلبو؟!!  ,ANGRY
4098,واقعا نمیدونم چی بگم ,SURPRISE
4099,ولی تو ممدی  میترسم ,FEAR
4100,من مطمئنم یه روز خوب میاد   ما امید داریم   اونا ترس   امید ترس شکست میده  ,HAPPY
4101,کارام خیلی خوبه   ولی باز میترسم بخونم و کار نباشه ,FEAR
4102,الان بله از هردوشون متنفرم   ولی بچگیم امپول ترجیح میدادم ,HATE
4103,هیچ حرفی توش نیست اتفاقا اگه چیزی توش باشه یخورده حماقته با یمقدار بلاهت. اگه ملت امثال منو اینایی که تو خیابونن باشه متاسفانه هیچ گهی ازمون در نمیاد. ,ANGRY
4104, بدم ازت میاد,HATE
4105,بزرگوارین ,OTHER
4106,از اونجا ک طبق گفته بعضیها سید علی میره تو چاه جمکران با امام زمان مشورت میکنه ظاهرا امام زمان اداره کشور رو بر عهده داره و ب سید علی میگه چی کار کنه چیکار نکنه باید چاه جمکران رو پلمپ کرد تا سید علی نره تو چاه تا بیشتر گند نزه بکشور ومردم  ,ANGRY
4107,تولدت مبارک   الهی که دلت خندون باشه همیشه ,HAPPY
4108,عهههه این چه حرفیه سینا نشنوم این حرفو تو حالت خوبه خوب میشه یعنی بااااید حالت خوب بشه ,OTHER
4109,به مناسبت برد استقلال، استقلالی‌ها فالو کنن بک میدم،  البته پرسپولیس هم ببره یه توییت براش میزنم،  کلا طرفداری فوتبال و اونایی که از فوتبال بدشون میاد فالو کنن، بک میدم  ,OTHER
4110,طوری زدند شاخه‌ی طوبی شکسته شد ,SAD
4111,همینجوری رو هم روهم میخوری مسموم نشی ,OTHER
4112,یک عدد دارای فوبیا گربه ⁦ ⁩⁦ ⁦ ⁩,FEAR
4113,سپاس مهربان ,HAPPY
4114,   پس انشالله به تدریج حل بشه. بالاخره زمانه هم کم‌کم عوض میشه و همراهش آدم‌ها  ,OTHER
4115,دوستم مخالف ايشون بود بعد از ديدن اين فيلم هم فالوش كرده هم به طرز عصبى فيو ميزنه /اين كارشان نتيجه معكوس ميده مردم با اين فيلم منزجر كننده فهميدن مسيح چرا اينقدر به خودش افتخار ميكنه ,OTHER
4116,گرگان وحشتناكه بخدا، كمتر ديده بودم تا اين حد گرم بشه ,FEAR
4117,وای خداااااااااا   زهرا از امیرعلی دور باش یه هفته   مواظب خودت باش ,SAD
4118, منم تنهایی دیدمش. یادمه همه خواب بودن و منم حسابی ترسیده بودم ,FEAR
4119,مگه الان نیستیم؟! ,SURPRISE
4120,از بس سوسولن ما تو دوره روحانی ترسمون ریخته پوست کلفت شدیم  ,OTHER
4121,اینکه من با ۳۲ سال سن و یه بچه هنوز از تاریکی میترسمو شبا باید یه چراغ روشن باشه؛  خیلی زشته عایا؟ ,FEAR
4122,میترسم اونام جواب بدن دنیا گیجه ,FEAR
4123,نکیر و منکریم دیگه مثلن  ,OTHER
4124,ملت عجیبی هستیم واقعا  ,SURPRISE
4125,آخی   عجب بی انصافی بوده,SAD
4126,منم خیلی بدم میاد ,HATE
4127,اون عشق نیست    عشق احترام و مواظبت داره  خط بکشی توی کتاب و برگه‌هاشو تا کنی مواظبته؟,ANGRY
4128,انشالله که خیره و اونیکه ازش میترسم نیست  ولی  انگار عزیزم کرونا گرفته و علایمش رو داره کمک لازم دارم تا بدونم چجوری مراقبش باشم و چون هیچی نمیدونم از تغذیه کرونایی و کارهای لازمش کمک میخوام   ,SAD
4129,حالا چقدر هست؟؟ ,OTHER
4130,حق میگی  ,OTHER
4131,تمام وحشتم اینه که اگه جا بمونم... ,FEAR
4132,بس ک زندگی نکردیم وحشت از مردن نداریم ,SAD
4133,تازه ممکنه چیزایه دیگه ام بگیم ,SURPRISE
4134,من وقتی کابوس میبینم میترسم احتیاج دارم اگه کسی بگه من هستم چیزی نیست عین بچه ها آروم لالا میکنم  https://t.co/d2ZyOmlON3,FEAR
4135,کوفتت شه ,ANGRY
4136,دقیقا کاش حداقل خودمون سعی کنیم یاد بگیریم نه اینکه برچسب خودخواه به بقیه بزنیم,OTHER
4137,چقدر وحشتناککککککککک ,FEAR
4138,واقعا همین طوره ,OTHER
4139,واقعاً بترکی ,ANGRY
4140,چرا بلاکشون نمیکنی مزخرف ها رو  ,ANGRY
4141,داشتم توییت های راجع به دستمزد رو سرچ میکردم که برخوردم به این‌ توییت بعد هی حساب میکردم‌ که ۵۷،۰۰۰ دلار هیچ جوره نمیشه ۴۰۰ میلیون تومن . وقتی که به تاریخ توییت نگاه کردم فهمیدم اون موقع دلار ۷۰۰۰‌ تومن بوده که الان‌‌ میشه ۱.۴ میلیارد تومن... چقدر زیبا  ,SURPRISE
4142,+ شوکووولات باز تو دوکیلو شیر دیدی حرومش کررردی؟؟   _مامااااان خب من شیرکاکائو دوس دارممممم   +هیچی نگوهااا   پ ن؛ مادرجان معتقدن هرچیزی کاکائو قاطیش بشه حروم شده   #شوکولاتیسم,ANGRY
4143,من هميشه كشتي كج خانوما رو نگاه ميكنم،نميدونستم بهم توهين ميشه ,SURPRISE
4144,تعجبم بود ک چطور راحت قبول کرداااا ,SURPRISE
4145,ما ترسیدیم از تک تک توئیتا استقبال کنیم، همه بفهمن توییتر ندیده ایم  راستش رومون نشد   ولی خیلس تمایل داشتیم,FEAR
4146,شاید برات جالب باشه یه بنده خدایی هرچه قد از نماز بهش میگفتیم جدی نمیگرفت همش مقاومت میکرد دیگه واقعا داشتم ناامید میشدم  شب عید فطر سخنرانی ۷،۸ دقیقه ای استاد رائفی پورو براش گذاشتیم الحمدالله داره نماازاشو میخونه  حالا دعا کن ادامه بده...,HAPPY
4147, خیلی دنیای ترسناکی میشهه,FEAR
4148,خوب ميزني بر بدن ,OTHER
4149,ما ساعتها تو صف روغن و نفت و نون و شیر با شلوار وصله ای و دمپایی پاره بزرگ شدیم کنارمون موشک خورده  دبار بشه صد هزار تومن  از هیچی ترس نداریم  ما دهه چ شصت واکسینه شدیم   ,OTHER
4150,والا ترسناکه  ,FEAR
4151,چه طويله اييه اينجا واقعا  ,ANGRY
4152,پس بچه شرقی، مراقب خودت باش    ما که زیر پونس نقشه آلمان هستیم  ,OTHER
4153,واقعا شغل سختیه، خدا قوت، امیدوارم که سلامت باشین ,OTHER
4154,عصبی نباش  ,OTHER
4155,چی شده؟   کار واسه من پیدا نکردیااا تو بلاد کفر,OTHER
4156,من تمام قسمت های زندگی رو میتونم بگم    چندین بار چندین قسمت خطرناکشو گفتم و خیلی خوب نشد بعدش    اتفاق های خوبی نیوفتاد     ولی نمیترسم  اینی که هستم مال تمام اون اتفاق های خوب و بد گذشته هست,HAPPY
4157,نه بیشتر بخاطره این بود که خونه سرد بود منم با تیشرت خوابیده بودم،من این مشکل و‌معمولا تو صبا ک‌هوا سرده دارم،ممنونم عزیزم ,OTHER
4158,به نظر من این حیاتی میدونسته که مردم ازش متنفرن به خاطر دروغایی که هر روز تحویل مردم میده.بعد الان که میخواسته بازنشسته بشه گفته چیکار کنم چیکار نکنم که برگردم به اجتماع.بعد گفتن اسم #ابی و بیار ما میذاریمت کنار .اینطوری هم عزیز میشی هم بازنشسته    #تفکرات_یک_اصفهانی   ,OTHER
4159,چهارشنبه رفتم دفتر پیشخوان دیدم خودش کمه خانومش و دوتا بچه های کوچکش هم برای احراز هویت اورده بود ,SURPRISE
4160,حامد مهربون   تولدت مبارک پسر   همیشه سلامت و شاد و موفق باشی    @Hamed_y_k_,HAPPY
4161,ترسیده نوبت خودش برسه  در اصطلاح زرد فرمودند ,FEAR
4162,من فکر کنم پدرم عضو WHO بود اون زمان   انقدر غذا و پفک و چیپس میخرید انالیز می کرد برامون که مضره ، ما می ترسیدیم طاعون بگیریم اگه از بوفه مدرسه خرید کنیم  ,FEAR
4163,من همیشه رزیدنت و اینترن خوبی بودم برای سال پایینی هام، همه دوست داشتن با من کشیک باشن، هر چی بلد بودم یاد میدادم به بقیه و سعی میکردم ترسشون رو از بین ببرم، از اونور هم رابطه م با اساتید و سال بالایی ها همیشه توام با احترام ولی بدون ترس یا پاچه خاری بود، بسیار از خودراضیم ,HAPPY
4164,تنهایی تنها دوای درد این روزاس بیزارم از اون تنهایی که رسیدیم ب تنهایی  ,HATE
4165,  اره اینم احتمالش هس ، دوستان میگن دوش شاید خراب بوده عصبی شده ,OTHER
4166,اولش فکر کردم با منی   رفتم بلاک کنم نه که از انتقاد فراری باشما  از فحش و اینا بدم میاد,HATE
4167,تولدت مبارک دوستم  ,HAPPY
4168,ترم سه دانشگاه ۸ تا ۱۰ دومیدانی داشتیم۱۰ تا ۱۲ شنا ۱ تا ۳ کبدی ۴ تا ۶ والیبال. تازه بعدش باید میومدیم خابگاه رخت چرکامونو میشستیم و درسای تئوری فردارو میخوندیم و غذا درست میکردیم و میخوردیم  وقتی راجب کلاسای صبح مجازی ناله میزنید ازتون متنفر میشم ,HATE
4169,منم همه رو خاموش کردم جز اپ‌های آموزشی از اس‌ام‌اس و زنگ تلفن نیز متنفرم ,HATE
4170,با برگذاری جشن#پوریم و دشمنی اشکار و ترور و فریب چی #مردم مارو فرض کردین تمام وجودتون از ترس ظهور #امام_زمان در رعشه است  ,FEAR
4171,منم چند وقتيه نميترسم بيشتر دلم ميخواد بدونم اطرافيانم چه رى اكشني دارن از خبر مرگم ,OTHER
4172,بهتر که بخونه  شاید براش تاثیر مثبت داشت   ,OTHER
4173,اگر از یکی‌خوشم بیادیه جوری رفتار میکنم که هیچوقت متوجه نمیشه. بعد اگر خیلی ازش خوشم بیاد رفتارم توی جهتی شکل میگیره که طرف فکر میکنه ازش متنفرم یا اصلا حسی بهش ندارم ,SAD
4174,منم واقعا میترسم....هیچوقت فاز کسی که یه بستنی ساده سفید رو با ولع میخوره نمیفهمم حتما باید یه مزه و رنگی داشته باشه خب اینا چطوری تحمل میکنن ,FEAR
4175,کراش بده دیگه، یادت میاد اعصابت خورد میشه. ,ANGRY
4176,ینی ب غیر نظر شما باطله؟ ,SURPRISE
4177,من ۳ روز بیمارستان بودم واسه همین،چون خیلی عجیب بود ,SURPRISE
4178,چرا واقعا؟ ,SURPRISE
4179,ما را به کدامین گناه فتنه گر میخوانید؟  به گناهی که خود مرتکب شده اید!؟  به موشکی که خود آتش کرده اید؟  به باطومی که خود بر جان ما کوفتید؟  آری  ما گناه کار و فتنه گریم!  که به آزرو و آینده فرزندانمان خیانت کرده و سکوت نمودیم!  ما فتنه بر جان و تمدن کهن خود کرده ایم که سکوت کردیم!!!     ,ANGRY
4180,از خاطر ترس او کارا ره کرده   و تو از او کار شان پیشمان شان ساختی  ,OTHER
4181,تو اینستا هم هستن این حسودا زورشون نمیرسه مثه ما باشن فوش میدن,ANGRY
4182,مچکرم دوست عزیزم  ,HAPPY
4183,اصلا بهت نمیاد پسری داشته باشی که کار کنه ,SURPRISE
4184,حالا ميبيني دونستن گذشته چقدر اهميت داره ؟    ممكنه بالا اورده ي كسي نصيبمون بشه  ,OTHER
4185,عاره عجیب بود  ممنونم ,SURPRISE
4186,حتمن نتیجه شو میگم دوستام برای تجربه هاشون استفاده کنن  ,OTHER
4187,اصلا اونجا خود بهشته  ,OTHER
4188,میترسم از فردا زنده زنده با ساطور بیفتن دنبالمون واسه گوشتامون!   ,FEAR
4189,مگه سلبريتيش اقا سيد محمد خاتمى باشه كه از نزديك ديدنش افتخار باشه، بقيه ديگه اصلا جزو افتخارات به حساب نمياد. ,OTHER
4190,زشته  ,OTHER
4191,چطو یعنی فیلمو دیدن ا ترس مردن؟ ,SURPRISE
4192,واقعا. منم شومه شدم. ای بابا  ,SAD
4193,اولین بار که رفت ماموریت جمله ای گفت که هنوز که هنوزه وقتی میره ماموریت ته دلم خالی میشه     گفت : وقتی ماموریتم،  صبح ها که   دکمه های پیراهنم رو میبندم، میترسم که توی غربت مرده ش..... بازش کنه    لعنت به هرچی ماموریته  ,FEAR
4194,زشت نباشه من تاحالا کیش نرفتم ,SAD
4195,نفرمایید   سوسول بازی  ,OTHER
4196,چه وحشتناک.  ,FEAR
4197,چند بار با مرگ عزیز ترین افراد زندگی رو به‌ رو‌ شدم  هیچ‌وقت هم نتونستم بهش عادت کنم فقط تحمل کردم ندیدن نزدیکترین افراد زندگیمو چیه این زندگی اینقدر ازش بیزارم کاش  کلن نبود امروز مادر بزرگمم رفت.  نمیتونم بپذیرم کنم کسی که تا دیروز بینمون بود امروز دیگه نیست ,HATE
4198, بدم میادددد ازین آدمهااا  ,HATE
4199,بگو قلب شما مهمه ولی هر کار اشتباهی عواقبی داره  بخدا من اگه تو بچگیم این کارو میکردم از ترس خودکشی میکردم اینا گودزیلان عملا,FEAR
4200,رامتین خودمون؟؟؟ ,SURPRISE
4201, چرا اینجوری میگی اخه بنظرم چرت نیست   میشه بپرسم چجوری یاد گرفتی؟  منبع خواستی داره؟  اگه داره میشه معرفی کنی؟,OTHER
4202,نه، یه پا دکتری پس ,OTHER
4203,آخ گفتی ,OTHER
4204, ینی من اون قد ادم چندشی ام حاجی:(,SURPRISE
4205,ممنونم از لطفت ,HAPPY
4206,اصلا اينجوري نيست من نه گوشيم ققل ميكنم و نه ميترسم گوشيمو بدم دست بابام يا مامان چيزي براي پنهان كاري ندارم از خدا بترس پسر  ,OTHER
4207,عجب حدیثی ⁦ ⁩,SURPRISE
4208,تمام خاطرات شیرین دوران جوونیم مال همون موقع ها هست...نمیدونم چرا میگم شیرین...شاید به خاطر جوونی خطر شو هیچ وقت با تمام وجود هس نکردم...وقتی اژیر قرمز میشد عاشق نگاه کردن ضد هواییها بودم و صدای f14 ها...وقتی خیابون بغلیمون رو زدن فقط یه کم ترسیدم... ,HAPPY
4209,آره صداشو منم شنیدم دیشب کلی ترسیدم ,FEAR
4210,من خودمم همجنسگرام  ,OTHER
4211,چرا ایقد عصبی حالا بیاین بااین شونه بزنید  https://t.co/g8keZLL8vi,OTHER
4212,خودت داری میگی آمررییککا ، آخه آمریکا یه روده راست تو شکمش هست؟ ا,ANGRY
4213,    همه که مث شما نیستن شایان   نه بابا اون بیچارم مث که دوش مشکل داشته عصبی میشده ، وگرنه قبلش مهربون بود میخاس منو بگیره,HAPPY
4214,جدی  ,SURPRISE
4215,جرعت نداری اسم بیاری  ,ANGRY
4216,خییلی وقته سرخییلی ازکوچه هامون ماستاروروی قیمه هاریخته ان وکسی حرفی نمیزنه ,OTHER
4217,چقدر همه چی ترسناک شده  ,FEAR
4218,   میگن شیخای عرب برای همبستری با دختری که دختر باشه! ۷۰۰ میلیون میدن!  همکارم میگه:شوهرم هر چقدرم دست و دل باز باشه تا آخر عمرم همچین هزینه ای برام نمیکنه!  هیچی دیگه قرار شده بلیط بگیرن من و اونیکی همکارم یه سفر بریم دبی     بی ادبای منحرف! میخوایم بریم آکواریومشو ببینیم ,OTHER
4219,انگار جیب بر بود   ,OTHER
4220,نه والا اینا زیادی هولن ,OTHER
4221,هنوز خیلیا زندن  ,OTHER
4222,والله با این نوناشون ,ANGRY
4223,میاد میاد ,OTHER
4224,آخه گاوه تو چراگاه علف میخوره چرا شیر و سر شیرش به دلار مربوطه  ,ANGRY
4225,حسود که نمیبرن اونجا    میبرن؟؟,OTHER
4226,خواهر من مى گفت فلسطينى بودى :)) بعد حتى دبيرستان كه بودم اومدن گروه خونيمون رو تعيين كردن خواهرم چون پزشكه گف نمى شه تو از مامان،بابا باشى با اين گروه خونى  يادته ميگفتم مال فلسطينى شايد تو بيمارستان جا به جا شدى منم يه نموره ترسيده بودم,FEAR
4227,پشت بوم؟؟؟   من ترس از ارتفاع دارم نمیرم اصن,FEAR
4228,چقدر خشنی تو آخه پسر چشم حسودت کور  ,SURPRISE
4229,یکی می گفت: این جواته همون رئیس خانم     Sara_Asadi_ir@  میباشد که بهش گفته بود فلان مطلب رو فلان بزن .   حالا برای فرافکنی از اون بحث اینجا این بحث رو بی جهت کشش میده ! ,ANGRY
4230,کاش میشد! اون بچه فلوریدا زندگی میکنه. به آوا گفتم خصوصی بهش پیام بده، نه توی گروه. اعصابم خورد شد. پارسال دبیرستان که پیرم میرفت، سه تا مورد خودکشی بود.  ,ANGRY
4231,عزیزم! تنتون سلامت باشه!  خدا رو شکر که وسایل بوفه‌تون سالم موند، وگرنه همسرتون اگر از زلزله جون سالم به در برد قطعا از عصبانیت شما بابت وسایل شکسته شده قطعا جون سالم به در نمی‌برد  ,OTHER
4232,کاملا موافقم برنج فقط کته..تا ۲۰ نفر هم راحت میتونم کته درست کنم بیشتر دیگه امتحان نکردم ترسیدم ,FEAR
4233,چقد جالب ,SURPRISE
4234,من به شخصه از ترس فقط میگم خدا جون غلط کردم  ,FEAR
4235,هميشه ترسناك ميشه  نكنين اين كارو ,FEAR
4236,ای بابا نگو !!! پسره طفلک  ,SAD
4237,واااااااااااااایییی دقیقاااااا همین کارو کردم دیشب و تا الان عصبیممم ,ANGRY
4238,دمش گرم......عجب بابایی ,HAPPY
4239,متاسفانه من دیدم که وکیل ها  اگه بخوان بد و نامرد باشن می تونن چقدر ترسناک باشن   تمام راه ها و بی راهه های قانون و هم بلدن,FEAR
4240,داری افساد فی‌الارض می‌کنیا!  ,ANGRY
4241,رفيق  مگه هست؟! ,OTHER
4242,یکی نیس ب این ملت بگه ک  اینجا تالارگفتمان نیس  خیلیاتون وقتی موقعیتش پیش بیاد از رییس الهه هم بدترین  نطرات عجیبم ندین برا فیو شدن  ,SURPRISE
4243,دمش گرم عجب حرفی میزده ,SURPRISE
4244,يا ميترسن ، يه سريا ذاتا نميترسن ، يه سريا ميشن حامي حقوق ازادي مار و مدعي ميشن كه چرا مارو گذاشتين تو اكواريوم و يه ييسم نسبت ميدن بهتون ,OTHER
4245,اون ملعون پشت سر پیغمبر ص هم این حرف رو میزن چیز عجیب و جدیدی نیست که بخواد اینطوری مطرح بشه  ,ANGRY
4246,منو منشن کردی کامنت دادی.. حالا نادان کیه؟!  ,ANGRY
4247,   بی پناهی بد کوفتیه.,SAD
4248,چرا مردم باید ازش متنفر باشن ,SURPRISE
4249,جسارت شد مگه؟ ,SURPRISE
4250,خدا از سر تقصیراتم بگذره یه روزی کارم دست انداختن معلم ها بودو درس دادنشون رو میبردم زیر سوال در حد آچمز کردنشون ولی به محض اولین تدریسم کوچیکترین سوتی گرفته شده، رو اعصابم بود. حال اون معلمه رو درک میکنم  ,SAD
4251,من ولی جاهای محدودیش هستم  ,OTHER
4252,کار دنیا چقد عجیبیه!    صد سال پیش همه اسب داشتند  و فقط افراد ثروتمند ماشین داشتند    اما امروز همه ماشین دارند و   فقط افراد ثروتمند اسب دارند! ,SURPRISE
4253,متنفر بودم ازین کارتون؟!!   آخه چرا یادآوری میکنید؟! ,SURPRISE
4254,چرا؟! ,SURPRISE
4255,واقعا ترسناکه  ,FEAR
4256,از سگ خیلی می ترسم  ,FEAR
4257,چقد ازاین سوال میترسم نمیدونم ۲۰سال دیگه اونجایی که میخوام اونجوری هستم یانه ,FEAR
4258,من میترسم ,FEAR
4259,دوست عزیز این هم یک جوری تیک عصبی هست و بعضی ها بااین روش با یک فاجعه برخورد میکنن.  ,OTHER
4260,حالا چند شدی ,OTHER
4261,وحشتناکه ,FEAR
4262,چه ترسناک  ,FEAR
4263,قرار بود منم بشم مهسا شکر خدا دختر یکی از فامیلامون که مامانم ازشون بدش میومد گذاشتن مهسا من شدم سارا ,HAPPY
4264,انجیرخوار   بقول قدیمیا زیر سرت بلند شده،   ولی بدموقع!   بترس از عقوبت کرونا!! ,FEAR
4265,باشه برا شما هیچکدام  ,OTHER
4266,دخترام اصلا از من نمیترسن اما باقیچی ابرو رو قیچی کردن اونم قیچی بزرگ خیاطی  باورت نمیشه منو پدرش مدتها وقتی یادش میفتادیم میترسیدم اگه قیچی می‌رفت تو چشمش چیکار می‌کردیم    اما خب اینو هم نمیتونم منکر شم همسرم خیلی عاقله،ازنظر گفتگو با بچه وکلا همه بینظیره واین بزرگترین شانسمه,FEAR
4267,اونی که با وایتکس تموم وسایل آشپزخونشو به فاک داده و اتفاقا رشته ی تحصیلیش شیمی بوده آنلاین شد  ,OTHER
4268, چی‌میگن مگه,OTHER
4269,۷ ضربه شلاق   حالا تو ک پی دی اف خونی این کتاب ما رو پیدا نمیکنی؟ ,OTHER
4270,جمعیتمون تو آزادی رو دیدید؟!  این فقط یه قطره از دریای نامتناهی فدائیان آتش به اختیار ایران بود بدبختا...  هنوز وجود ندارید اینطوری برا وطن عرض اندام کنید!  خِشتَکِتون رو سفت بچسبید تا نکشیدیمش پایین   #اجتماع_دشمن_شکن,ANGRY
4271,اثر؟ مگه تابلو نقاشیه طرف تولید کرده اونو ,SURPRISE
4272,"""دقیقا ما هم متوجهش بودیم تعجب کردیم خوب شد که گفتی:"""") """,SURPRISE
4273,وات؟؟؟؟؟؟؟؟؟؟؟؟؟  شریف  از کی علوم تربیتی داره ؟!!!!!! ,SURPRISE
4274,اون که همیشه بوده و به همین خاطر رشته‌ی پزشکی خوندن با روحیات تو، یکم ترسناکه  ,FEAR
4275,منم روز اول که اعتراض ها آروم بود رفتم. بعدش که درگیری شروع شد ترسیدم. حقیقتا وحشتناک بود   کاش جرات داشتیم تا آخر بایستیم,FEAR
4276, واو، عجب قانونی، نمی‌دونستم، خیلی باحال بود ,SURPRISE
4277,واقعا مسخره است  ,ANGRY
4278,واقعا نمیدونم چی بگم    اخه روانشناس؟؟؟؟  نا سلامتی اون روان شناس هستش و باید کمک کنه   منم میخواستم برم روانشناس چون شرایط بدی دارم ولی ترسیدم   خیلی متاسفم ,FEAR
4279,دوستان دانشگاه پردیس بندر عباس بهتره یا کرمان؟ ,OTHER
4280,خودت ی جوری ب کدو ربطش بده من خستم ,OTHER
4281,ترسناک ترشو دیدم  ,FEAR
4282,همه میگن ترسناک نیست پس اونی ک میترسید فقط من بودم ,FEAR
4283,بی ادب  ,ANGRY
4284,تازه داره احمدی نژاد بازی در میاره  ,OTHER
4285,از مارمولک نمیترسم  ,OTHER
4286,تن اگرطلب کند چه.  اگریکی بزنه توگوشتون می ایستیدنگامیکنی آخه من یکی از اون بی ادبها هستم البته درمقابل بی ادبی  ی   ,OTHER
4287,یک قراری بذارید تا ما فن پیج ها کلا طرفدار ها بیایم شما رو ببینیم با رعایت پروتکل های بهداشتی میترسم روزی که به این آرزوم  نرسم دیدن شما از نزدیک آرزومه  ,FEAR
4288,خیلی خوبه ,HAPPY
4289,  چه وحشتناک,FEAR
4290,شروع کردنش چی؟بعید میدونم بخاد ,OTHER
4291, دیدم اعصاب نداری داری بیرونمون میکنی توام:)),OTHER
4292,یعنی اقتدار روحانی ترامپم ترسونده ,FEAR
4293, من که خودم کاملا ازریاضی بدم میومد  بعد از عربی بیشترین  تنفرم از ریاضی بود ..بیشترین نمرم توی ریاضی ۶بود  ,HATE
4294,ترس از هدف انقلاب و قیام مولا صاحب الزمان  ,FEAR
4295,چرا علایق ما اینهمه شبیه همه؟؟؟ ,SURPRISE
4296,منم ترسیدم  انشالا ک چیزی نیست ,FEAR
4297, . یعنی من تا قبل این برام عجیب بود که چرا اسم پسرعمو کریم باقری، کریم باقریه. ولی این دروازه جدیدی به افق باز کرد.,SURPRISE
4298,این اگه میموند باید تعجب میکردیم   سوزش موشک های عین الاسد کم بود، حالاام که صحبتای آقا بهش اضافه شد   قبول کنید که جزغاله شد و رفت دنبال پماد سوختگی ,OTHER
4299,ولی پدر شوهرت و دنیرو دیگه حرکات فیزیکی حتا راه رفتن و حرکات دست در موقع عصبانیت یه مرد میانسالو از پسش بر نمیومدن  ,OTHER
4300,به خدا!! یعنی سه برابر طبری هم سند متقن ازش میومد بیرون که هاپولی کرده به والله اونقدری لجنمال نمیشد تو چشم خیلیا که روز عاشورا و رو منبر امام حسین با اون وقاحت اون تهمت ها رو به یه مرحوم شریف و نجیبی مثه مهندس بازرگان زد ,ANGRY
4301,واقعا نمیدونم ,OTHER
4302,خیلی با دقت هم دنبال می کنید  ,OTHER
4303,با یه روش بهترتر ترسوندیمش که دیگه عمرا پیداش شه ,FEAR
4304,یه بنده خدایی از پولدارای شیراز که قدیمی ترین مغازه های کت وشلوار فروشی دارن اومد از من ماشین بخره بهش گفتم شما که وضعتون بد نیس چرا انقدر چونه میزنی هم سر خودت درد میاری هم من   وایساد فحش خواهر مادر باباش داد فحش مادرش داد ۲دقیقه بعد گوشیش زنگ خورد همچین حاجی حاجی کرد ,SURPRISE
4305,جناب آل طه مگه فشارخون بالاوغلظت خون کافرومسلمون میشناسه؟!تبادلات آبی بدنتون بهم ریخته حالاشماهی اصرارکن مسلمونی وماه مبارکه اصل مسلمانی براعتداله نه افراط نه تفریط  ,ANGRY
4306,چقدر  وحشتناک  ,FEAR
4307,بیسواد کچل حسود ,ANGRY
4308,چرا سوتی ,SURPRISE
4309,برادرزاده ام داره قصه ی 3تا بچه فیلو برام میگه ک 2تاشو گرگ میخوره،سومی فیل باهوشیه واس گرگه تله میزاره گرگه میفته توتله بعدفیله میخورتش  حالااینکه گرگ چجوری دوتا فیلو خورده ب کنار،میگم مگه فیل گرگ میخوره؟؟؟  میگه خام که نههه میپزه بعد میخوره      والله مع صابرین... ,OTHER
4310,نمیخام خیرخواهم باشی ترسناکی ,FEAR
4311,منم ندارم چون کسی حاضر نیس منو تو اکیپشون راه بده  خودمم بدم میاد از دورو بازیایی که میکنن,HATE
4312,والا ما هم همینطوریم صبح ها  عصبانی,OTHER
4313,   با اجازه ریت میکنم  شاید یکنفر توی این موقعیت قرار گرفت  کمکش کنن نگاه نکنن یاذبا موبایل فیلم بگیرن    من راستش هم هول کردم  هم از لباسش ترسیدم سرم بلایی بیاره  همه اینا توی چند ثانیه اتفاق افتاد,FEAR
4314,منشن بی ادبی ,ANGRY
4315,صدقه سری خانم دکتر موسس شیفت عصرمون ک همه چیو راحت میده،امروز رکیک ترین فحشایی ک ی آقا میتونست بهم بده رو شنیدم چون واس دندون دردش سفکسیم ندادم احتمالا فردام باید ب خانم دکتر جواب پس بدم چرا فروش اومده پایین ,ANGRY
4316,دستم اشتبا خورد  ,OTHER
4317,میدونین چیه؟  خیلی از ماها فوبیای وابستگی داریم.  تا بدونیم به چیزی وابسته میشیم زود میزنیم زیرش و بهم میزنیم رابطه رو ,OTHER
4318,کوچیکتر مثلا ۲۴ ساله یا ۲۵ ساله  اونام تو همین جامعه ان دیگه سختیو کشیدن اگه به سختی باشه...  ولی پسرای همسنو سال خودم ۲۹ ۳۰   ترسوان ,OTHER
4319,#فوبیا  هرکسی تو زندگیش فوبیا داره  فوبیای من زیادن  ارتفاع  آب  در بسته و حبس شدن  باز بودن در کمد دیواری  و.....  یکی از اون فوبیا ها که ۳۰ ساله من و با خودش میکُشه باد و طوفانه . چون اون شهری که بودیم خیلی باد میومد و تقریبا همیشه طوفانی بود . و اونجا با زلزله خانواده امو ,FEAR
4320,همو بچه کلاغ ره میگین؟    یره بزن له بره ,ANGRY
4321,آمار و ارقام وحشتناکه  تازه من فقط کودکان زیر ۵سالو گفتم ,FEAR
4322,عجب بوقیه  ,SURPRISE
4323,اينو چجوري ديدي پس؟  ,SURPRISE
4324,چقدر میدید ,OTHER
4325,   وحشتناکه,FEAR
4326,جیمای ما خیلی خوب اند  قاطی هستیم لامصب پرانگیزه ست  ,HAPPY
4327,برام عجیب بود تو کامنت ها کسی به سکولاریسم که الان تو مملکت خودمون باهاش درگیریم اشاره نکرده  ,SURPRISE
4328,خواهم که ببوسم لب همچون شکرت را  ترسم که بگیرم سر پیری مرض قتد ,OTHER
4329,شما اگر امكان دارد اين اتهامى كه به همسرتان وارد كردن را شرح بديد ميگين ٨ ميليارد اختلاس و دزدي كردن ,OTHER
4330,  درست    تحقیق قبل از عقد,OTHER
4331,اولا گوش سمت چپی چسب زخم داشت. دوما جالبه هنوز دزد فلان و اسیدپاش بهمان بعد چند سال جستجوی بی‌وفقه هنوز پیدا نشدن  ,SURPRISE
4332,چند وقت دیگه محرمه مگه  ,SURPRISE
4333,اینا به کنار   میترسم مورچه ها بخورنت  ,FEAR
4334,درد و بلای پدر عروس تون تو سر عروس تون  ,HATE
4335,"""شبکه نسیم زیرنویس کرد مهمون امشب دورهمی """"علی کریمی"""" است  یه ذوقی همراه با تعجب کردم   بعد رفتم تو پیج دورهمی مطمئن شم دیدم علی کریمی استقلالو میگن... """,SURPRISE
4336,مگه میزنن ؟,SURPRISE
4337,نه دیگه ,OTHER
4338,-استخدام رسمی هستین دیگه؟  +خیر  -عجب! اتفاقا دخترخاله‌شون مهندس هستن و نیروی رسمی مخابرات  +به سلامتی  -حالا حقوقتون چقدری هست؟  +      یه دیالوگ‌ کوتاه بود بین پدر آقای خواستگار با دختر خانم!,SURPRISE
4339,قبلا تو همین مایه ها بودم اما الان دستام سر جاشه ؛ لازمشون دارم  ,OTHER
4340,بخدا که اعصاب نمیزارن واسه ادم ,ANGRY
4341,چه فحشی بدم زشت نباشه اخه تف تو روش ,ANGRY
4342,اره . دخترا یه مثال دارنا میزنن . زشته بگم‌ . خودت میدونی فک کنم  ,OTHER
4343,دکتر مگه یه بچه چقدر جنس میتونه با گریه از عابر طلب کنه؟؟؟  یه چیپس یا پفک؟؟؟   ,SURPRISE
4344,اقتصاد اعصاب نذاشت واس باباها  ,OTHER
4345,اتفاقا خیلی ترسوام  ,FEAR
4346,تو آپشنای پراید اینم زدن  ی لیوان نوشابه مشکی اشی مشی و یک واحد کیک یزدی بدون کاغذ زیرش  مفت، ۲۵۰ هزار تومن   کیک با کاغذ ۲۶۰ ,ANGRY
4347,مورد سومی رو یاد گرفتم⁦ ⁩⁦ ⁩,HAPPY
4348,بازو گنده نکردی که دخترا تاچش کنن فقط بیلتووووو بزززن ,ANGRY
4349,باید یه لگد بزنیم تو شکمشون بفهمن رئیس کیه  ,ANGRY
4350,امتحان می کنم الان و نتیجه رو رسما از همین تریبون اعلام میکنم     وی منتظر بک می ماند ,OTHER
4351,یه استاد داریم اگه یه حرف عجیب بزنیم بهش همین چه غلطا رو بهمون میگه که بزنه تو ذوقمون از این حرفا نزنیم ,OTHER
4352,بی حیا  ,ANGRY
4353,واسه همین دیگه دوسمون نداری خاله ؟ ,SURPRISE
4354,انقدرررر از این کلمه ی خوش به حالت، خوش به حالش متنفررررم که حد نداره   هروقت کسی این کلمه و  بهم گفت همه چی کوفتم شد    خب یه ماشاالله بگید لال نمیشید که,HATE
4355,   چطور اونوقت همچین نتیجه ای گرفتین؟!!!!!!!!!!!!!!,SURPRISE
4356,واقعا چرا نمیفهمن ,SURPRISE
4357, برادرشوهر مجرد جوگندمی نداری؟   ,OTHER
4358,فضولم   با اسم سابقم صدام کنین  ,OTHER
4359,قضا و قدر رو ما بی حالای گرفتار فوکوس گرفته  شل کنیم باس ,SAD
4360,حالا که ظریف رفت کی از خاشقجی دفاع کنه؟!! ,OTHER
4361,سال ۵۷،امریکا و اسرائیل و عنگلیس و فرانسه +ملت نادان ۵۷ی که گول یه مشت عقب مونده رو خوردن باعث بدبختی ما شدن حالا آلمان هم بهشون اضافه شده   #اعتصابات_سراسری   #EuropeDontSupportAyatollah,ANGRY
4362,مگه با چي ميخورين شماا ,SURPRISE
4363,برد دربی ؟؟؟ ,OTHER
4364,ما یه ترم یه استاد عقده ای داشتیم که مکانیک سیالات رو چنان پیچونده بود که قبل امتحان فاتحه خودمون خوندیم،با یه واسطه سوالا رو خریدیم،۵نفری اوپن بوک نتونستیم سه تا سوالو حل کنیم  ترم بعد با یه استاد دیگه شدم ۱۷ ,ANGRY
4365,واقعا یعنی قراره مثل شیر پایه پای شوهرم برم چرا هرچی کاره سخته مال منه   یعنی الان من آشپزیم خوبه باید شمالی باشم ,SURPRISE
4366,هرچی سین طا بگه همون درسته ,OTHER
4367,خیلی عقده ای ها  ,ANGRY
4368,واقعا؟!   زياد حرف ميزنم نه؟  ,SURPRISE
4369,از شرایط ورود به توییتر      دیدن سریال فرندز  متنفر از تمام سلبریتی ها  کراش روی تام هاردی و طناز طباطبایی    نداشتن پیج در اینستاگرام   نداشتن ادعا و غرور زیاد     و .... ؟,OTHER
4370,این توییتو الان دیدم ، ندیده بودمش وقتی اون توییتو نوشتم... ,OTHER
4371,چقدر مسخره ,HATE
4372,من دوس دارم خودش داوطلب بشه   اون شکلی ازش میترسم ,FEAR
4373,وا چی میشه مگه کلی آدم مبتلا شدن مردم عجیب شدن  ,SURPRISE
4374,داستان ترسناک فقط اونجا که خوابالو بودم صب  رفتم مسواک بزنم،بعد مسواک زدن موقع شستن فهمیدم مسواک بابامو برداشتم ,FEAR
4375,  بی ادب,ANGRY
4376,دوتا کار هست  خودکشی؛که البته از خودش نمیترسم از زنده موندن بعدش میترسم   و دومی انصراف از دانشگاه و رفتن دنبال علاقه بدون حامیه ,FEAR
4377,ترس از آبرو:/  واقعا اگر سکوت نکنند ادامه دار نمی شه  ,OTHER
4378,راست میگین اگ ناعادلانه باشه رو بچه خیلی تاثیر میزاره.  اخه کارایی ک من کردم همین ک اخراجم نکردن خودش کلیه  از الاکلنگ بازی کردن با جاروی بابای مدرسه و پاره کردن پرده و فاتحه دیوارارو خوندن بگیرید تاااا اعصاب معاونا رو خورد کردن ,OTHER
4379,همیشه ب شادی و گردش ,HAPPY
4380,بی لیاقت نسل ماعه که حتی پیاده روی هم نمیتونن برن ,ANGRY
4381,چقد وحشتناک  ,FEAR
4382,خب دیگه بزنی میخوری ,ANGRY
4383,واسه همین یکم تعجب کردم   موفق باشی عزیزم,SURPRISE
4384,دستی شو نداری  ؟,OTHER
4385, کو کجاست؟!,SURPRISE
4386,چقد همه چیز از صبح ترسناکه..  بیچاره مسافرای پروازی که میرفتن خوشبخت بشن ... ,FEAR
4387,عقل:خاک تو سرت   دوست صمیمی:خنگی دیگه   مادر:عقل نداری دیگه  و...    ,OTHER
4388,یعنی s400 اینقدر ترس داره ,SURPRISE
4389,نه ديگه! نه گربه ببينم خودمو مي كشم براش قوربون صدقش مي رم نه مي ترسم جيغ مي زنم   مي توني يه آپشن اضافه كني يعني بكني سه دسته دسته سوم اونايي كه سگ دوست دارن  ,OTHER
4390,بله تلنگر خوبیه    امان از روزی که خانم داخل خونه احساسی نبینه و بخواد بیرون خونه دنبالش باشه  ,FEAR
4391,والا من ام خواهر ندارم،با مامانمم کبری ۱۱ میدیدیم،تازه گاهی ام فیلم ترسناک  ,OTHER
4392,واي خدا چه ترسناكه!  ,FEAR
4393,عه چجوري؟مراحلش چجوريه؟ ,OTHER
4394,اوا، منم میترسم بریزم دور پشیمون شم ,FEAR
4395,گناه داریم ما دانشجوها ,SAD
4396,  اینو خیلی شنیدم ولی میترسم درست نباشه و ب..ا برم,FEAR
4397,هرکسی یه علاقه ای داره چرا عجیب باشه,SURPRISE
4398,سلام صبحت بخیر و شادی  ,HAPPY
4399,در این حد؟؟!!      بر اعصابت مسلسل باش  ,OTHER
4400,اره الان میخای بگی حسودم؟  ,OTHER
4401,مگه تو دختری؟ ,SURPRISE
4402,ولی اصلا ترسناک نیست  ,OTHER
4403,بنازم به تحلیلت عجب حرفی سنجیده ای زدی جناب قاضی زاده! ,SURPRISE
4404,لعنت که توهین نیست ،  توهین یعنی فحش خوار مادر,OTHER
4405,بله متأسفانه اگه با این سیبیلا بگیرم ترسناک میشم ,SAD
4406,خودمون هم جز خانواده پدری یکی ديگه حساب ميشيما.میترسم بريم کانادا باز رو به رو شیم ,FEAR
4407,من از اسمشونم میترسم ,FEAR
4408,وی معلومه از اون خواهر های فضول است ,ANGRY
4409,وقتی که اندیشه هم باشه ,OTHER
4410,واقعااا چیههه ,SURPRISE
4411,بدم میاد  ,HATE
4412,لقمه هاتونو نمیزارن ببرین داخل ,ANGRY
4413,بیخود کردن حسودا ,ANGRY
4414,ارتشی   گند دماغ,ANGRY
4415,چه جالب  ,SURPRISE
4416,من جواب نمیدم حرکتی ترسناک تر ,FEAR
4417,من فقط یک بار ریاضی گرفته بودم ۱۳ پنجم ابتدایی بودم و از ترسم خودم امضا کروم. مامانم دید چندوقت بعد و می گفت به جرم جعل امضا ازت شکایت می کنم. من تا ترم ۲ دانشگاه فکر می کردم اگه امضا کنم به جاشون می افتم زندان. انقدر تباه ,FEAR
4418,محتاجیم ,OTHER
4419,فدای تو پریزاد عزیز   مرسی از لطفت  نه میترسم بهش بگم آخه,FEAR
4420,باورت میشه به این زودی سنیور شدم ؟؟؟  ,SURPRISE
4421,چرا؟ ,SURPRISE
4422,شما با کت و شلوار میرین حموم؟!  ,SURPRISE
4423,خر تو خر بخدا،، این وسط هم ما آدمها داری لگد میخوریم ,ANGRY
4424,خواستی بیا بگو ولی بلاک نکن   از بلاک بدم میاد,HATE
4425,اگه از این تهدیدا نمی ترسیدی،توییت نمی کردی ,FEAR
4426,چه وحشتناک-_- .واقعا بی‌صاحبه این مملکت  ,FEAR
4427,این حرف شما سگخوناس ,ANGRY
4428,من دندوون عقلم رو جراحی کردم از ترس معده درد با کدئین سر میکردم  ایشاالله زودتر دردش تموم بشه، درد دندون خیلی لامصب بده.,FEAR
4429,روم بدیفال  شرمندم...  حالا از کجا میدونی  که موفرفری برا دیگران جذابس ,OTHER
4430,واقعا خیلی وحشتناکه ,FEAR
4431,ندیدی مگه   مستند بود,SURPRISE
4432,اتفاقا تو همون شرایط بودم. منم به اون شاعر ی چیزی بگم؟؟؟ وحشتناکه   تا ی مدت میشه تحملش کرد بعد به تحمل م نمیکشه چه بر۳ دوست داشتن  ,FEAR
4433,"""یک جرم جدید در ج.ا تعریف شده تحت عنوان """"فیلم فرستادن برای مسیح علینژاد"""". همینقدر مسخره.  یعنی شما اگر تعریفی برای واژه‌ی """"حقارت"""" بخوای ارایه بدی، هیچ مترادفی بهتر از ج.ا براش پیدا نمیکنی. همین نظامی که ادعای اقتدارش گوش فلک رو کر کرده. واقعا که خاعک   #جمهوری_حقیر_اسلامی""",ANGRY
4434,لوبیا پلو با گوشت گردن یا ماهیچه؟ مسئله این است  ,OTHER
4435,بيمزست واقعا  ,OTHER
4436,منم ميترسممم ,FEAR
4437,دیو استعاره از شخصی اهریمن و شرور   و مصراع کنایه داره از ترسناک بودن انسانهایی ک فقط قرآن را میخوانند.  و من الله توفیق ,OTHER
4438,طرز استفادشو بلدی آخه ،   نزنی پسر مردمو خراب کنی  ,FEAR
4439,دخترای کشوری که دم از امنیت میزنه   برا راه رفتن تو خیابونم وحشت دارن........   تمام بدنم داره میلرزه از ترس   https://t.co/4E1ytycFKU,FEAR
4440,کوکو سیب زمینی و تخم مرغه  شامی سیب زمینی و گوشته  کتلت ما کلا گوشته   حالا شما نمیدونم چی میگید ,OTHER
4441,از بس عاقلی ب قرعان  ,OTHER
4442,چرا واقعاً ,SURPRISE
4443,اصلا هر چی غذا با بادمجونه سره سر ,HAPPY
4444,با اعتماد بنفس ترین ندارین؟... ,OTHER
4445,وااای خیلی خوبه   مبارک باشه اینکار  من چند سال بفکر هستم بچه بیارم اما میترسم و سختم هست نمیدونم‌  ,FEAR
4446,عجب حرکتی.  کیش و مات ,SURPRISE
4447,گندشو درورده و منزجرکننده شده  ,HATE
4448,واقعن منم از همين ميترسم كه يه روزي تو اين غربت بچه اي داشته باشم قلبم ميگيره خداياااااااا,FEAR
4449,اعصابم خورد بود سر یه مسئله‌ای افتاده بودم به جون خونه داشتم خیلی عمیق کارای خونه رو میکردم گردگیری و جارو و....  +دایی میخواد بیاد خونمون؟  -نه  +عزیزجون میخواد بیاد؟  -نه  +پس کی میاد؟  -کسی قرار نیست بیاد  +پس چرا داری خونه رو تمیز میکنی   - ,ANGRY
4450,چنتا میخوای مگه؟ ,SURPRISE
4451,بابای من فقط فحش میده  ,OTHER
4452,ترس از کرونا ست ,FEAR
4453, دلمو کباب کردی,SAD
4454,  یا خدا  آخرش چرا اینجوری شد ؟؟؟؟؟,SURPRISE
4455,به به برو جلو نترس اون با من ,HAPPY
4456,مدارس فقط ابیتور، مگه نه؟ فروشگاه ها هم فقط بالای 400 متر مگه نه؟  ,OTHER
4457,فقط من از دخترای چشم‌ رنگی میترسم!!!  یا شماهم‌ میترسین؟!!؟     قطعا چشمِ رنگی خوشگله ، ولی ترسناکه ,FEAR
4458,کامااااان   واقعا اینجوریه؟؟؟؟,SURPRISE
4459,مگه اینکه تو خواب ببینید آمارو از ما بگیرین ,OTHER
4460,منم میترسم ازشون البته چون خیلی کاردارم همش و باعث میشن از کار و زندگی بیوفتم  ,FEAR
4461,چه بد واقعا  آدم عصبی می شه اینطوری  ,ANGRY
4462,خب من همیشه میگفتم درد داره اما من طرفدار زایمان طبیعیم و اگه روزی باردار بشم طبیعی زایمان می‌کنم.  الان اینا رو که میخونم هی وحشتم بیشتر میشه   واقعا خدا قوت ,FEAR
4463,"دوستم تعریف میکرد که دوستش ازخاطرات سال اولی که کانادا اومدند تعریف میکرده که خانومش تب شدید کرده بوده و تو تخت افتاده شوهر زنگ میزنه ۹۱۱میگه:   My wife is so hot.   اونم با تعجب میپرسه خوب الان کجاست مرد میگه:   In bed.   تلفنچی بهش میگه:   So, good for you.      #واقعی #مهاجرت",OTHER
4464,چرا اخه ,SURPRISE
4465,بد زمونه ای شده  ,SAD
4466,کسایی که ازشون متنفر بودم رو میکشتم     من گنگم  ,HATE
4467,واگذاری کیش درجلسه دوم حتمی شد   هشدار واخطار شدید به همه هم میهنان  شایعه و حرف نبود، متاسفانه حقیقت محض است!   بر اساس مذاکرات محرمانه واز پیش انجام شده بین ایران با دولت چین،اخیرا یک تیم از کارشناسان و ماموران اطلاعاتی چین وارد ایران شده اند    اگه حقیقت داشته باشه وای بر ما  ,SAD
4468,ولی من حتما میرم وام یه میلیونی  ۱۲درصدی یارانه رو ثبت نام میکنم   چون میترسم اگه نگیرم دولت میگه حتما من نیازمند نیستم و یارانمو قطع میکنه ,FEAR
4469,تعطیله از ترس کرونا  ,FEAR
4470,تو زندگیت از هیچی نترس (از طرف یه ترسو) ,FEAR
4471,ینی منم جزوشونم  من از ترس اینکه نیان بهم بگن سنت بیشتر میخوره درمورد امتحانام چیزی نمیگم ,FEAR
4472,چقدر آخه  ,SURPRISE
4473,دردمونو به کی بگیم؟  ,ANGRY
4474,یه اعتراف ترسناک کنم، چند سال قبل شرکتی که توی ایران کار میکردم مدتی پروژه نداشتیم و کار نبود، من هم بعد از خوندن چندباره ایبوک همه آثار صادق هدایت و مارکز که اون زمان تو اینترنت بود، همه رمان های آبدوغ خیاری سایت ٩٨ایا رو هم خوندم؟ غزال، بامداد خمار، همخونه  و الی آخر...,OTHER
4475,خدا كنه دختره مث من گندددددد نزنههههخ فقط ,SAD
4476, الان با یکیشون درگیر شدم  حالا ۹ سالش که فک نکنم باشه  ولی همین بهتر که بترسن و برن,OTHER
4477,خیانت یعنی:     اینکه با همکارت طوری حرف می زنی و رفتار میکنی ، که اگر همسرت بود، اینگونه حرف نمی زدی، داری خیانت می کنی. رفیق  ,ANGRY
4478,برو دکتر  ,OTHER
4479,اصلا تصوریش که اومد توی ذهنم نتونستم جلوی خندم رو بگیریم ,HAPPY
4480,از تیم ملی فوتبال متنفرم  با اون افتخارات نداشتش ,HATE
4481,ایشالا که خبرمون بیاد راحت شید  ,ANGRY
4482,کم کم ترس همه میریزه روزهای آینده بیشتر میان  ,FEAR
4483,بگو زیرزمین       پله نداشت خورد زمین ,OTHER
4484, چرا اخه,SURPRISE
4485,مرسی دوست قدیمی    فعلا دارم با ترس و لرز توییت میکنم    دیشب زلزله اومده من الان فهمیدم  ,FEAR
4486,یخچالمون برفک میزنه ننم میگه همش تقصیر توعه میگن چرا!؟؟؟ میگه زیاد درشو باز میکنی ,ANGRY
4487,داداش مگه داری غرق میشی؟ ,SURPRISE
4488,از ترس این مته  من همیشه مسواک میزنم  ,FEAR
4489,اصلاح طلبان منافع طلبانند و فقط براى اين كه ج ا دوام بياره توانسته اند وحشت به جان مردم بياندازند  ,ANGRY
4490,خداااااای من چرا؟ چطور؟ کی؟   خدایاااا اصلا شوکه شدم با اینکه اینتراکشن نداشتیم ,SURPRISE
4491,فیلم ترسناک شد که  ,FEAR
4492,نظافت چی اومده ساختمون رو تمیز کنه، قفل در شیشه ایی رو نمیتونست باز کنه،  از چشمی در دیدم بنده خدا کلی درگیره، رفت با اسانسور از اون طرف که عرا باز بشه باز کنه من سریع رفتم و باز کردم و رفتم تو خونه......  از چشمی در دیدم بنده خدا ترسید  یه نگاه خودش میکرد یه نگاه به در ,OTHER
4493,از آدمای تن پرور و آویزون بدم میاد نگاری ,HATE
4494,چرا نشه!!   تعریفتون از خانه دار فقط کار خونه ست؟! ,SURPRISE
4495,خیلی کینه ای هستی ,OTHER
4496,میدونم عزیزم ,OTHER
4497,چه وحشتناک ,FEAR
4498,یه سال کوچیکتر از خواهر من، قشنگ ترسناکه، اصلا چرا بچه بزرگ داشته تو اون سنذ ,FEAR
4499,ابدا منم موافق اینکار نیستم صفحمو منشنانم نگاه بندازی کاملا بیزارم ازین حرکت.    فقط حقمونه و کاش از الان بدونیم و تکلیف یه عده از نماینده ها برامون روشن شه,HATE
4500, بیست و دو توییت زیر را بخوانید. اگر در آن یک مدرک محکمه پسند و عقل پسند برای محکوم کردن جمعیت امام علی و اثبات ارتباط آن با اسراییل پیدا کردید به من هم بگویید و این زیر بنویسید. ترسناک است وجود چنین پروژه‌های محفلی و ترسناک تر اینکه ۱۳۰۰ نفر تا اینجا این توییت را لایک زده‌اند ,FEAR
4501,  همه چی داشت خوب پیش میرفت که آخرش فعلش با ذهنیت پاک ما یکی نبود ,OTHER
4502,قسط وام رو از حقوق کسر می کنن . این ماه پیامک اومده که قسط واریز نشده و معشوق شده با ضامن تماس گرفته می شود    رفتم بانک میگه برای همه پیامک دادیم    به راحتی رو اعصاب مردم تو این اوضاع اسکی می کنن,ANGRY
4503,اعصابم خورده یعنی  ,ANGRY
4504,مردیم از بی مکانی ,SAD
4505,کوفت حالا تو این استرس بی آبرو کن منو  ,ANGRY
4506,درسته که تندروهای داخلی و خارجی هرکدوم به نحوی از #جنبش_سبز ما سوءاستفاده میکنند ولی اونقدر ریشه‌داره که نمیتونند بخشکونند یا مصادره‌ش کنند ,OTHER
4507, راستش دلم نمیخواد پیر بشم و همیشه ارزو دارم جوون از دنیا برم ...ولی واقعا بعضی اوقات حس پیر شدن میکنم ولی ما دهه شصتی ها نسبت به دهه هفتاد هشتاد جوون تر هستیم ...به نظرم ما خوشبختر هستیم ....بیچاره بچه های قرن جدید...,SAD
4508,دلمم نمی‌خواد      ماشاالله همه سیاست دارن دیگه  بیشترش ترسناکه.,FEAR
4509,بنده رکورد دارم. 4سال بدون گواهینامه با دو بار تصادف  افتخار نیست اصلا اما واسه دوران جاهلیتمه.شرمندم از کردم.جاج نکنین,SAD
4510,چقد درد بوده ک ی دختر از پدر و برادرش متنفر  ,HATE
4511,بی ادب ,ANGRY
4512,چیپس و کرانچی زیاد میخوری انگار   تندرست و شاد باشید,OTHER
4513,خب معنیش چی میشه نمیدونم منم ,OTHER
4514,چشم،  از حالا به بعد رو همه ی توییت های خطرناک میزنم  ببخشید که ترسیدی ,FEAR
4515,اره  ترسیدم اسم ببرم بریزن سرم ,FEAR
4516, دوباره اختلاس/ اختلاس چهار میلیارد تومانی رئیس سابق بانک ملی تنکابن!    رئیس کل دادگستری استان مازندران:  کیفرخواست پرونده اختلاس رئیس وقت بانک ملی تنکابن صادر شده است.  مبلغ اختلاس انجام شده بیش از چهار میلیارد تومان بود.    کشور امام زمان که بدون اختلاس نمیشه...  میشه؟؟؟ ,ANGRY
4517,نه دیگه پشیمون شدم، کار ترسناکیه ,FEAR
4518,از لباست نمیترسم،دزدی بلد نیستم ,OTHER
4519,اه من ک متنفرم از این لوس بازیا ,HATE
4520,اخ گفتی  ,OTHER
4521,چشم سید چشم قربونت برم  ,OTHER
4522,چرا این حس واسه من قشنگ نیس ؟؟؟  ,SURPRISE
4523,اینجوریام نیست زن حتی اگه درآمدزا هم نباشه به اندازه کافی توی‌خونه ی اون مرد داره فداکاری میکنه  اگر قراره مهریه نباشه بعد طلاق همه ی اموال مشترک هم تقسیم بشه،مرد هم پا به پای زن توی خونه کار کنه،همونطور که زن کار میکنه و ......   با چندتا توییت نمیشه اینجوری از مردا طرفداری کرد ,OTHER
4524,نوش جونت عزیزم ,HAPPY
4525,مگه میشد بهتر از این گفت؟!  ,HAPPY
4526,احظار 1 و 2 رو پشت سر هم دیدم والان میترسم از جام بلند شم۔ یه سنگینی بدی رو توی فضای اطرافم حس میکنم۔ پسر دایی خل من ۹ سالشه و بهم گفت ببینش چند تا فیلم دیگم گفت که دیگه غلط بکنم  ,FEAR
4527,مملی زرنگ شدیااا ,SURPRISE
4528,یه ویدئو لاست میذاشتین این دفه واقعی ترسناک  ,FEAR
4529,تو حرم بحث و دعوای سیاسی درگرفت ناجووور! اینقدم پررو بودن وجواب مردمرو می‌دادن با وقاحت، اصلا من کف کردم ,ANGRY
4530,راست میگی    از همین تریبون استفاده میکنم و میگم ازت بدم میاد ,HATE
4531,خدا ترسی کم شده آقا خداترسی کم شده     ,OTHER
4532,میگم یه وقت زشت نباشه من کلا نمیدونم فیو و کوت و غیره و ذلک چیه ,SAD
4533,از شعار دادن متنفرم با عرض پوزش ,HATE
4534,این ترس به مرور زمان از بین میره و موندگار نیست ولی امیدوارم همیشه موفق باشید ,OTHER
4535,یه اهنگ تو گوشیم هس  نمیدونم از کجا اومده   چند شب پیش یهو پلی شد وسطاش صدا جیغ بچه و فریاد زن و..  میومد  کلا اهنگ ترسناکی بود دگرگونم کرد  از اون موقه جرات نکردم تنها بمونم,FEAR
4536,انقد بدم میاد وقتی خبری نیست میگی داماد، بعدشم تو افریده شدی جور منو بکشی خواهر جونم ,HATE
4537,فکرشم وحشتناکه  ,FEAR
4538,اره  خودمم میترسم ,FEAR
4539,نه خانومی خیلی خیلی چندشه خیلی بیشتر از هر خیلی دیگه ,HATE
4540,دستش پاره شده زخم شده یذره ,SAD
4541,دانشگاه مگه مسجد داره!؟نمازخونه رو میگید آیا؟ ,SURPRISE
4542,در این مورد به دعای دوستان نیازمندم! ,SAD
4543,گربه و سگ دوتا از دوستام از بالکن افتادن و مردن   من وحشت دارم از پنجره ی باز چه برسه بالکن  ,FEAR
4544, چرا انقدر عصبانی؟!,SURPRISE
4545,نه نزد جیغ بنفش کشیدم ترسید خودش ,FEAR
4546,میریم میگیم ما رو از دست یه مشت نادون که گول دروغ‌های امثال حسن فریدون و احمدی نژاد و خاتمی و مرحوم مغروق در استلخ رو خوردن نجات بده  ,ANGRY
4547,مرگ عجیب بنجامین باتن در فیلم کیس عجیب بنجامین باتن.  خیلی مورد خوبی رو گفتین، ممنون  ,HAPPY
4548,اینجوری که داری تهدید میکنی همون اولی هم میترسه بیاد  ,FEAR
4549,کارت درسته. بجز خدا از کسی دیگه نترس ,OTHER
4550,چجور فیلماییه مگه؟ ,SURPRISE
4551,با من بيچاره هم همينكارو كردن...البته من از ٣ سالگي تو مدرسه ها بودم  وتو كلاسا اول تاپنجم دست به دست ميشدم .چون مامانم معلم بود و منم سر زبون دارهمكاراش عاشقم بودن بخاطر همين من از مدرسه متنفرم ,HATE
4552,شما آواتارت نشون میده زشت نیستی  ,OTHER
4553,ممنون از این همه لطف واقعا شرمندم کردید ,HAPPY
4554,حقانیت تیم برتر و فوتبال واقعی،  دلچسب و تهاجمی رو الاهلی در بازی امروز خود با استقلال ثابت کرد!  ,HAPPY
4555,چرا آخه ,SURPRISE
4556,از شادمهر بعید بود ,SURPRISE
4557,از ادم سیگاری بدم میاد    وقتی میشه حرف زد...,HATE
4558,دیگه از فحش گذشته کوکی‌جون ,ANGRY
4559,منم فحش میخورم   https://t.co/5aDJoZg6Qr,OTHER
4560,مگه ازدواج اینقدر مسخرس که با یه کلمه ردیفش کنی ,SURPRISE
4561,الان سالمی؟ ,SURPRISE
4562,چرا اتفاقا تَهِ نامردیه ,ANGRY
4563,منظورت ۱۲۴ هزار بود داداش ,OTHER
4564,خدایا فاطمه رو نجات بده ,OTHER
4565,خب معلومه که اینجوری نمیگن ,SURPRISE
4566,ترس لعنتی از قضاوت شدن به اشتباه جلوی اینکارو میگیره  ,FEAR
4567,چطور ممکنه ؟   https://t.co/XmCLbyyzpu,SURPRISE
4568,به خدا زندگی برام شده یه زندونه پر از ترس و دلهره که هیچ راه فراری ازش ندارم   الان که دارم اینو مینویسم اسک نو چشمام حلقه زده  ,FEAR
4569,عجيبه همه platform دارن ميبينن   داستانش برام جالب نبود اصلا، سراغش نرفتم https://t.co/Ki4VVUU50F,SURPRISE
4570,سر اين خيلي ضربه نخوردم، چون از خبرنگاراي صدا سيما بدم مياد كلا  ,HATE
4571,خیاطم خودم    ست میدوزم برا هر دومون  ,OTHER
4572, توییتر باحال تر از اونیه که فک میکردم!  آدم های خوب توش زیادن، فاز منفی هست!۲۴ی ناله کن هست،. بانمک هست، فیک هست، خلاصه همه جوره هست    ولی با این وجود تو این چند ماهه که باهاتون آشنا شدم متوجه شدم آدمهای دوست داشتنی هستید حالا با هر گرایشی      سال خوبی داشته باشید ,HAPPY
4573,من یک قهرمان داشتم ودارمش هنوز تو زندگیم و اون عشقمه .همه جوره پشتم بهش گرمه     #قهرمان_زندگیم,HAPPY
4574,من یه فکر شیطانی دارم موقع رفتن یه پول قلمبه میگیرم ازدواج سوری میکنم  ,OTHER
4575,انسانیتم آرزوست،  چقدر بعضی از ماها خبیث و ترسناک شدیم، به کجا میرویم؟؟   بمیرم برای دل اون پیرزن   ,SAD
4576,میترسیم این حرفا شعاری بیش نباشه و نابود بشیم ,FEAR
4577,نکنه تو هم مثل مموتی ترسیدی  ,FEAR
4578,متنفرم از این حااالت  ,HATE
4579,چجور سبکیه؟ ترسناک و جنایی هست؟ من این سبک خوشم میاد. مثه دکستر ,OTHER
4580,واسه منم پیش نیومده تاحالا.. چون زیاد توالت عمومی نمیرم بریزع هم نمیرم بدم میاد ,HATE
4581,بی ادبه کی بودی ,OTHER
4582,واقعا چیه این دنیا  ,SAD
4583,الان نمکی توییت میخونه؟؟؟     این توییتارو میزارید تنها اورش یه رعشه ای که به تن ما میفته  ,ANGRY
4584,همچین نوشتی انگار خودت مستندهای راز بقا رو ندیدی ,SURPRISE
4585,"یعنی بهتراز حمیراهم مگه هست؟!, ",SURPRISE
4586,بد جایی میای خو  برای آرامش اعصاب بهترین جا اینستاس  اینجا فقط اعصاب خوردکنیه   ,ANGRY
4587,ژی ژی جان‌بیا نفرت منم بذار روش دوبله بشه ,HATE
4588,حالا خيلي خب سه تا زدين دوتا هم خوردين ما چهارتا زده بوديم يكي خورده بوديم هرچي هم دلتون ميخواد بگيد نگه نداريد عقده ميشه ,OTHER
4589,مریضی با درد و رنج خیلی سخته.   منم میترسم.  امیدوارم یه مرگ سریع و راحت داشته باشم.,FEAR
4590,شما وقتی ناراحت و عصبی میشین میرین : استخر،پارک،سینما و....  منم پا میشیم خونه رو جارو میزنم  زیر مبلا رو لته میکشم  گردگیری میکنم  الانم کفری بودم سرامیکای کف خونه برق افتاد...    بالاخره ننه م یجور بارم آورده همیشه حمال باشم ,ANGRY
4591,وحشتناکه ,FEAR
4592,با هر توییتی که میزنی رشته مخالفان رو پنبه میکنی و کفرشون درمیاد، من و خانم طباخی @jostejougar1   و الباقی هم تهمت و تیر و ترکشاش رو میخوریم یه لوپ لوپ شانسی هم نمیدی بهمون    این رسمشه آخه ؟ وزیر جوان تو مسلمون نیستی  ,ANGRY
4593,ژانری خودش مریضه  از ایدز بدتره که ,SAD
4594,مسخره بود ,ANGRY
4595,خیلی ترسناکه این قضیه ,FEAR
4596,   سگ‌پی پی کنه تو این زندگی اصن  ,ANGRY
4597,آخ گفتی ,OTHER
4598,دقیقان ,OTHER
4599,تبریک میگم به هر دوتون ⁦ ⁩⁦ ⁩⁦ ⁩  همیشه باهاش مثه یه دوست باش    ( به این فکر کردم که وقتی من سربازی م تموم شده –سال۸۴– دخترک بدنیا اومده!!! ترسیدم راستش!),FEAR
4600,به دلیل حبس بودنم تو اون وضعیت از هر اهنگی که پخش شه بیزار میشم ,HATE
4601,ترسیدیم  ,FEAR
4602,عصن ما اینجا ورژن بی ادبمونیم ,OTHER
4603,انتصابی و انتخابی تفاوتی ندارن، مردم فکر می کنند که انتخاب می کنند، هیچ انتخاباتی در کار نیست، فکر می کنم مردم این رو به خوبی فهمیدن و دیگه فریب امثال تو شارلاتان رو نمی خورن  ,ANGRY
4604,اخ اخ   اخه یکی نیست بگه بچه برو سر جای خودت بشین  مگه شوخیه   من با این سن میترسم چه برسه به‌بچه ,FEAR
4605,ممنونم از دلداریت     من ترسم بعد از رد شدن بحران رو میشه تو لحظه شجاع ترینم بعدش که رد میشه یکهو میگم یا خود خدا   چکاریه بود,FEAR
4606,چه جالب ,SURPRISE
4607, چرا اخه؟ ,SURPRISE
4608,از ترس تب کردن ایلیا بعد واکسنش خودم تب کردم و فعلا واکسن کنسل شد      [ گرگ بیابون مادر نشه ],FEAR
4609,۱۶۵۰ غذای گربه؟  ,SURPRISE
4610,  انگیزه هامون رو عشقه واغعا,OTHER
4611,راس میگی اااا  من از قارچ متنفر بودم   ولی الان کل ذرت مکزیکی رومیکنم قارچ   از شلقمم بدم میومدالان خوشم میاد,SURPRISE
4612,"""واااااای خدایاااا    پس‌منم بدم میاد اسم شوهرم """"محمد"""" باشه  """,HATE
4613,هستن از اقوام نزدیک و بسیار چندش و غیرفابل تحمل ,HATE
4614,کلا هرچی دارو دوا تو خونه بوده زدی تو رگ ,SURPRISE
4615,ترسناکو هیجان انگیز  ,FEAR
4616,نترس آقایون قانونا مجبور به ثبت ازدواجن ,OTHER
4617,مگه من عصبی ام ؟ ,SURPRISE
4618,ان شالله زودتر خوب میشین...اصلا نترسین یه ویروسه به اندازه پلانکتون...شما میتونی... ,OTHER
4619,بلاك و ريپورت اخه لنتي چرا دلمونو ميخوايوني ,ANGRY
4620,یعنی هر کی میگه بیار خدا روزی رسونه جوری پاره پوره ش میکنم که نتونه پاشه   انگار خداشون نشسته اینا گه کاری کنن بعد هی پول بندازه تو بغلشون. اینا هم که فقیر بدبخت بیچاره ن همه شون توریستن.  حالا هی برن از قبرس خر وارد کنن تو این مملکت  ,ANGRY
4621,باریکلا به شومااا ما کودک بودیم و جاهل ,OTHER
4622,متنفر بودم و هستم از کارتونش ,HATE
4623,بستگی به روحیه و اینکه از اول کدوم بخشها کار کرده باشی داره  .من از بخشهای داخلی و سی سی یو متنفرم .فقط اورژانس و جراحی  ,HATE
4624,ماما جونم تو ماهی خوب بشی زود الهی     ولی ما کادر درمان خیلی طفلکی هستیم . هیچکی باورش نمیشه که ماهم ترس از درد و سوزن و فوبیای اتاق عمل داشته باشیم,FEAR
4625,همینا ب زندگی دونفر گند میزنن  ,ANGRY
4626,من هستم  مامانم هستن  مامانش نیز هم   سه نسل زن یه خونواده  هر سه بچه بزرگ  هر سه لجباز و یه دنده  هر سه یکه و تنها  هر سه زندگی های عجیب   امشب قرار سه نفری سال رو تحویل کنیم  چه شود سال ۹۸   چهار نسل بشیم‌ ایشالله ,HAPPY
4627,ترم اول کارشناسی من بودم۱یاسوجی و۱تهرونی و۱پاوه‌ای و۱خویی مادر برام نون خشکه گذاشته بود تو عصرونه من همش با ولع نون خشکه با ماست و پنیر میخوردم هرچی تعارف میزدم کسی نمیخورد تا بعد۳ماه یکیشون خورد گفت چه خوشمزس ما تا حالا نمیخوردیم چون فک کردیم اینا نونای ته سفرس   من   دوستان ,SURPRISE
4628,نه بچه همین جام  ,OTHER
4629,  جوابی گرفتی؟,OTHER
4630,الهی بمیرم . ان شاالله زودتر حالش خوب بشه  ,SAD
4631,  واقعا ترسناکن,FEAR
4632,فقط نظرایه ملت خدایی هر دوتاش ترسناکه ,FEAR
4633,یعنی خودتم هستی؟ ,OTHER
4634,اینم شد مشکل  ,OTHER
4635,   واقعا ترسناکه,FEAR
4636,من كرمونيم اما يادم نمياد چنين غذايي  ,SURPRISE
4637,ولی من از دوران دبیرستان متنفرم خیلی سیبیل داشتم مامانم هم نمی ذاشت بردارم واقعا آدم گریزم کرده بود  ,HATE
4638,حالا اون رو میگیم یجور دکتره حیواناته ، اینا لوازم پزشکی میسازن  ,SURPRISE
4639,میگن والا  ,OTHER
4640,وای  چه وحشتناکه,FEAR
4641,بی خیال مشتی    ,OTHER
4642,واای کاش می‌شد!  ,SAD
4643,ادم میترسه والا  ,FEAR
4644,کی میخواد تموم بشه  ,SAD
4645,حامد همایون  ,OTHER
4646,نترس احتمالاً مکان شده  ,OTHER
4647, خو با این تصور وحشتناک خوبه هنوز، باهام صحبت می کنی.  ,SURPRISE
4648,اینطوری به شعور مردم که توهین میکنی، فالور از دست میدی. واسه خودت میگم ریسمانی که ازش تاب میخوری پوسیده. آنفالو شدی  ,ANGRY
4649,   عجب مهمونی ای بوده که همچین آهنگ صحنه داری رو پلی کردن ,SURPRISE
4650,خیلی از دوستان رو دیدم نیاز به داکتر داشتن و از ترس مونده تو خونه و نرفته داکتر فکر میکنی با این ترس بدنیا اومده،؟ حتی شکستگی پا رو دیدم و جرات رفتن ندارن وقتی یه لقمه نون نباشه دیگه ... ,FEAR
4651,ازتون متنفرم. الآن ما چجوری بیایم رشت؟  ,HATE
4652,خوبه که متوجه شدید. ,HAPPY
4653,من از گل هاي خندان اين انتخابات ميترسم ,FEAR
4654,عزیزمم   الان چطورین؟؟,OTHER
4655,صدسال تنهای یچی فرای چرت و پرت بود!  جالبه کتابای که جایزه گرفتن همشون چرندن!  طبل حلبی پدیده چرندیاته رسما ,ANGRY
4656,از کدوم اموجی متنفرین؟    خودم :      یعنیا وقتی کسی اینو میذاره حس میکنم تو دلش سیصدتا فحش داده نمدونم چرا :/,OTHER
4657,منشن سفید میذارم  میترسم بلاک شم   ,FEAR
4658,مگه تو چن سالته حداقل ۲۲سال پیش گیر دادی ب داییت زن بگیره هاااا ,SURPRISE
4659,اگ صدف وخرچنگ و شاه میگو بیارن چی     بیا بگو چی خوردی کوفتت نشه ,ANGRY
4660,اییی از ریش و ته ریش متنفرم  ,HATE
4661,اصلا یه چیزیه  ,OTHER
4662,شما که بالای پنج هزاری، ما مظلومها چی بگیم؟  #TrumpSupportPahlavi,SAD
4663,به نظرم عاشقانه ترین حرکت یه زوج بیدار کردن همدیگه برا نماز صبحه      #عاشقانه,HAPPY
4664,با احترام ب اصفاهانیای عزیز اما ب شدت بدم میاد از لهجه اصفاهانی  ,HATE
4665,من چن سال پیش تو جاده بندرعباس شیراز یه تصادف دیدم زن و شوهر له شده بودن سربازه داشت جمشون میکرد تو کیسه   از اونموقع از پراید میترسم,FEAR
4666,چطورممکنه  ,SURPRISE
4667,واسه ما که خیلی پتی بود، دیگه سراغ توپ نمیرفتیم منکه ازش میترسیدم قیافه وحشتناکی داشت زن همسایمون ,FEAR
4668,۴ تا بیمارستان و ۳ تا درمانگاه وسط شهر تهرون با عصا گشتم یه آمپول بزنم هیشکی نزد، دیگه بعد دوساعت عصبی شدم به پرستار گفتم نمی‌زنی نزن فقط بگو چرا نمی‌زنی؟گفت سر چندرغاز تزریقات مسئولیت نمی‌پذیریم، ممکنه تشنج کنی، داروی تقلبی زیاد شده، می‌مونی رو دستمون! کلی تاحالا اینطوری مردن! ,ANGRY
4669,اخه اینکه هربار با جهت باد موضعشون عوض میشه اعصابمو خورد میکنه  میگن نه به کودک همسری   بعد تو داستان این دختر ۱۳ ساله میگن عشق بوده چرا باباش مخالفت کرده     یه جا میگن چرا قصاص میکنید  الان میگن چرا قصاص نمیکنید     من قول دادم با اب باشم ,ANGRY
4670,مگه اسم تعیین کننده‌س  ,SURPRISE
4671,آخ دقیقا ,OTHER
4672,من ازشون بدم میاد اللخصوص داداش خودم,HATE
4673,این بماند که دختر برادر خانومم بهم میگه اندی، هنوز ربطشو پیدا نکردم!    دیشب میگه:  - اندی  + بله عمو جان  - تو شکمت نی نی داری؟!  + نه عمو جان    - پس چرا شکمت گنده‌س؟!!  من    بقیه    شما هم کوفته    هر کی بخنده بلاک میشه!,ANGRY
4674,و اینک  در آلمان هم، #کرونا، از رگ گردن به ما  نزدیکتر است.. در شهری با فاصله چند کیلومتری ما یک مهد کودک آلوده شده.. گویا یکی از مربیان به ایتالیا سفر کرده بوده.....  مردم تمام مواد ضد عفونی را خریدند و فعلا چیزی گیر ما نیامد   نترسید نترسید ما همه با هم هستیم..    #کرونا_ویروس,FEAR
4675,الان دیگه خواجه حافظ نمیدونه ,OTHER
4676,مجاهدا، شما تو ورشو چه گهی میخورین؟؟   فرق شما آدمکشای فاسد لچک بسر با جمهوریعسلامی چیه؟؟ برین گمشین بابا!    #WarsawSayNoToMullahs   #AlternativeIsPahlavi,ANGRY
4677,جنبه لطیفه ندارید دیگه از امشب بر میگردم سره تم ترسناک خودم ,FEAR
4678,الان نه ولی در آینده ی نه چندان دور حتما یه اکانت فیک میزنم و باهاش توییتای 18+ میزنم و هر توییتی رو که نپسندیدم منشن بی ادبی میزارم واسش  این همه مودب بودنو برنمیتابم ,ANGRY
4679,عجب چیزی ..! ,SURPRISE
4680,خيلي زندگي غريبي دارن ,SURPRISE
4681,واسه کجایین؟ ,OTHER
4682,چ ارتباطی میشه با یه خشک مذهبی عقده‌ای داشت  ,HATE
4683,آدمای توی شرایط بحرانی گاهی تصمیم های عجیب میگیرن!  اون دختر بعد از اون اتفاق کارش شد شکست عشقی دادن پسرا... شد یکی مثل همون پسر!  ,OTHER
4684,بگن مهندس خب ,OTHER
4685,ترس واسه چی؟! ان شاالله خیلی زود خوب می شی  ,OTHER
4686,الان من کات کردم اعصابم ریخته به هم  ,ANGRY
4687,عه ؟چه جالب ,SURPRISE
4688,البته اون استفتاء که جدی نبود!! بود!؟    خوبیش اینه که یکروز بیشتر عبادت می‌کنیم!  ,SURPRISE
4689,مردم از ترس  ,FEAR
4690,نه من به اون شدت نیست  ولی خب اونی که تو گفتی من بودم سکته رو زده بودم از ارتفاع به شدت میترسم فرقی نداره خودم باشم یا کس دیگه ای  ,FEAR
4691,شوووما که یه دونه ای  چیشده  چی میگه   https://t.co/yIEVsIYdVT,OTHER
4692,تهش کج شدی آخه  ,OTHER
4693,کجاش خنده داشت  ,SURPRISE
4694,گیز میز همینجوریش اندازه یه اختلاس شرکت نفت درآمد داره  ,ANGRY
4695,مرسی، ایشالا. ,HAPPY
4696,ترسناکه   فقط چشم و ابرو مشکی ,FEAR
4697,آخرای فیلم خیلی عصبی شدم مخصوصا نینیه بدنیا اومد،خیلی فحش دادم ب شوهره  خدا مارو ببخشه! ,ANGRY
4698,حالا قرص که خوبه، بعضی ها از حرف زدن با روانشناس هم می‌ترسند ، یعنی کلا از حرف زدن می‌ترسند  ,SURPRISE
4699,دوست پسرش بوده؟! چجوری پسره رو نمیشناخته؟لابد دیت اول هم بوده و رفتن شمال  ,SURPRISE
4700,نفرت انگیز ترین موجودات قبل از سوسک همینان ,HATE
4701,ممنون مرسی  ,HAPPY
4702,یه گاز از سالار زدی یه تیکه از روکش مگنوم خوردی؟! ,OTHER
4703,کار نظام سرمایه‌داری و استکباره :))))))  نون سنگک و لواش نذاشته بین ایموجی ها ,OTHER
4704,واییییی نگو سوسک همینم اینجوری توصیف کردی رو دارم می‌خونم با تمام وجودم حسش میکنم و واقعا میترسمممم از سوسک اونم نوع پروازی  ,FEAR
4705,چند شب قبل خواب ميديدم دارن به زور بستريم ميكنن ضجه ميزدم نميخوام، بعد با لباس بيمارستان دلتنگ و افسرده روي تختم نشسته بودم.. بيدار كه شدم يادمادرم و بستري هاي متعدد و طولانيش افتادم، چقدر ميترسيده هربار  ,FEAR
4706,حالا که جمع هنرمندا جمعه یه فکری هم واسه هدر من بکنین ، بدجوری سردر پیجم خالی مونده  به بهترین پیشنهاد مبلغ خدا میلیون دلار تومن جایزه تعلق میگیره  ,OTHER
4707,چرا دوشبِ تمام استخونهام میسوزه،  دیشب رو با دیکلوفناک سرکردم  ولی امشب مقاومت کردم تا الان     #سلامتی,SAD
4708,مرسی  ,HAPPY
4709,خیلی وحشتناکه ,FEAR
4710,همیشه توهم اینو دارن که میتونن مردم و سلبریتی هارو کامل کنترل کنن چون دوستشون دارن  ,OTHER
4711,خودت ترسیدی ماسک زدی ,FEAR
4712,بخش رادیو بیاریدش. کلا از هرگونه نور بدمون میاد ,HATE
4713,دیگه از یه جایی به بعد ژانر #IToldYa ترسناک و نا امید کننده میشه  ,FEAR
4714,چه وحشتناااك  ,FEAR
4715,یکمم شعور خوبه  دلیل نمیشه همراه مریض ناراحتی یا عصبانیتشو رو سر خدمه یا شما خالی کنه  دم از فرهنگ هم میزنیم اونوقت  ,ANGRY
4716,اینو خب مگه ویگن نخونده قبلا؟! ,SURPRISE
4717,واااي منم فوبياي گربه دارم ,FEAR
4718,همینم وحشتناک بود کلا عاشقی یادم رفت ,FEAR
4719,تو به دریا نزدیکی مگه؟ ,SURPRISE
4720,از این آدما تو این دوره زموووونه زیااااااااد پیدا میشن زیاداااا ,OTHER
4721,واقعا حتی فکر کردن بهشم وحشتناکه ...  مرسی عزیزم  ,FEAR
4722,خوب این یه قانون بوده. این خوبه،رسمای عجیب تر هم بوده ,OTHER
4723,واقعا از این کار بدم میاد این چه کاریه آخه زیاد پیش میاد آخه ,HATE
4724,مبارک باشهههههه  بسلامتی   ایشالله خوشبخت باشید  ,HAPPY
4725,نرمش قهرمانانه  ديوانگي بود؟!به امام  فحش ميدي؟ ,SURPRISE
4726,این دیگه از اون حرفا بود ,SURPRISE
4727,بی لیاقت ,ANGRY
4728,دیگ چیزیه ک با ترس بهشون گفتن  از بچگی اگ اینگارو نکنی خدا فلانت میکن  و اینا ... ,OTHER
4729,عجب.برقرار باشی.دیروز فرصت پیش اومد اینستا  چک کنم دیدم آهنگ مورد علاقه ام رو گذاشتی.اون آهنگ عارف رو صبح ها با صدای بلند گوش میدم انرژی میگیرم ,SURPRISE
4730, الان چه رنگیه ؟,SURPRISE
4731,خوب بود به نظرم رفتم تجربه خوبی شد  ,HAPPY
4732,مربوط به اتفاقات بعد مرگ بود   اخرشم کسی که مرده بود رفت بهشت خیلی مزخرف بود هنوز ترس بچگیم یادمه,FEAR
4733,این داستانا را تعریف نکنید میترسیم گفتتش هیچ سودی هم نداره ,FEAR
4734,ما اینیم دیگههههه   الكي مثلا من شاخم ,OTHER
4735,   نترسید  سنتون از این حرفا گذشته  دیگه سیاستمدارا کاری به کار شما ندارن ,OTHER
4736,چه وحشتناک ,FEAR
4737,وحشتنااااک ,FEAR
4738,ساعت ۴ صبح خوندمش ، اتاق تاریک بود ، یهو از ترس پا شدم چراغ را روشن کردم  ,FEAR
4739,همین که این توییت رو نوشتی ینی گشاد نیستی ,OTHER
4740,این چرخه ادامه داره   ,OTHER
4741,"۳ ساله کلاس اولست,خنگ کثیف,خاک بر سرمزدورش,من ک جمعه قراره برم دور همی شراب ناب بزنم ب بدن ",ANGRY
4742,عروسی که خوبه عزیزم خیلی خوبه توجشن شادی بقیه باشی بجاش من از عزاها متنفرم ,HATE
4743,میدونی سکه چنده؟  کوفت هم بذاره سر سفره مرد باید بخوره دم نزنه  ,OTHER
4744,وای فرزانه تو رو خدا میترسم. ,FEAR
4745,كازرونيا عصبي نيستن .ببين ديگه به كجاشون رسيده بريدن  ,OTHER
4746,زبانم بجز ناسزا باز نیست و ترسم از آن است که بمانم بر این روش همچنان ,FEAR
4747,    بَدَم مياد ميپرسن   اين ديگه رمز نيست   چه برسه از نوع شريفش  ,HATE
4748,چون دندون پزشکی ترس داره ,FEAR
4749,بی ادب ,ANGRY
4750,همه رو بلدی؟؟؟؟     #MTVHottest BTS @BTS_twt,SURPRISE
4751,قاضي هاي بلاد شمال و ميد وست چي ميزنن  ,OTHER
4752,ديگه واسه چي ميگن ,SURPRISE
4753,چند سال آینده هم ی معلم خواهند داشت که مث اسب میزددشون و میگفته به #رییسی رای بدین و اونا هم از ترس به #روحاني رای دادن...وگرنه قلبا اعتقادی به اون و برنامه هاش نداشتن...بخدااااا ,OTHER
4754,در این یعنی از قانون خبر ندارن؟ ,SURPRISE
4755,آخ که چقد ترسیدیم  ,FEAR
4756,هویحوری اکانتتو شخم زدم  ,OTHER
4757,بابا ببینید همو عصبی شدم اصن ,ANGRY
4758,چه دهن سلویسی بوده.یکدفعه میخواستی با چندنفر گردن کلفت هستی بهش بزنگی بیاد ببینه بگرخه. ,ANGRY
4759,تقریبا،  ,OTHER
4760,از تعهد ترس نداریم، از اینده هم ترس نداریم، چون بلاخره دیر یا زود آینده میرسه، ولی نمیخوایم حداقل اون رو هم درگیر کنیم، وگرنه این ما و میدون ,OTHER
4761,وااااي خوش بحالت  بهترين حسه به نظرم، اگه داريش قدرشو بدون ,HAPPY
4762,این ها را قطعا نمی شود به کسانی که از ترس برف قیامشان را کنسل کردند ربط داد ,OTHER
4763,من دیدم حقیقتا  ولی از یه ما به بعدش احساس کردم دارم خامه بالا میارم  چون از رنگ صورتی متنفرم و توی ام ویشون زیادی استفاده کرده بودن  بلینکا نریزن سرم صلوات ( هر چند میدونم دیوار کوتاه تر از من پیدا نمیشه و کلی هیت میخورم ),HATE
4764,پس چرا شماره های امریکائی  یا همون شماره مجازی ها کار میکرد   بعد مگه فیلتر نکردین چرا ب خودتون میگیرید  بابا از فیلتری در بیاریدش اه  توف توش,ANGRY
4765,در ضمن آنتاليا مگه كشور جداست؟ ,SURPRISE
4766, چندشم میشه از,HATE
4767,خدانکنه برادر  اماجواب کلوخ انداز قلوه سنگه ,ANGRY
4768,همين ديشب منم يه همچين توييتي زدم   ميدونم تو دانشكده ما خيليا با اون اقا مشكل داشتن اما پايان نامه هامون چي ميشد.. ازينكه تا الان لالموني گرفتم از خودم متنفرم,HATE
4769,خوشبحال بچه های کوچتون ,HAPPY
4770,من تا حالا بهت فحش دادم؟ ,SURPRISE
4771,روانشناسی شناختی ,OTHER
4772,فیلم ترسناک دیدم و حس میکنم پشت پرده یه جفت چشم قرمز زل زده به من  جنا شبا نمیرن بخوابن ؟ هرچیم بسم الله میگم نمیره گمشه  ,FEAR
4773,حفظکم الله ,OTHER
4774,بیچاره ها  ,SAD
4775,قلبم برات مچاله شد  ,SAD
4776,واقعا حضور بعضی فیلم‌ها توی جشنواره عجیبه  ,SURPRISE
4777,از دخترای باهوش نمیترسن! برعکس این خودشونن که خنگن و دنبال یکی مثل خودشون میگردن   به امید روزی که نسل خنگا تموم بشه ,OTHER
4778,یارو از مریوان به خاطر در خطر بودن امنیتش قرار کرده پناهنده شده انگلیس  شما میگی رائیس جمهورش کنن  ؟؟؟,SURPRISE
4779,یه دختره نصف شب از ترس زورگیرا از رو پل پریده  ,SAD
4780,فملی و فولاد دارم  از تاپیکو میترسم  خرداد خیلی اذیتم کرد,FEAR
4781,اعصاب نمیزارن که  ,SURPRISE
4782,عجب  خدا حفظشون کنه,SURPRISE
4783,عهه ژلوفن تویی؟ ,SURPRISE
4784,یه موتوری خواست کیفمو بزنه کولی بازی در آوردم رفت ولی از صدای موتور وحشت دارم,FEAR
4785,ممنون عزیز دلم.دلگرمی دادید.داشتم میمردم از ترس.ممنون ,FEAR
4786,چ غلطااااااا مبارکه هر دوتاااااش کله خر جوووون  ,HAPPY
4787, خيلي خوبه كه، من ولي ميترسم ,FEAR
4788,اصلا از الان شب بخیر  https://t.co/41HUkhZDU9,OTHER
4789,همه از مرگ میترسند و من از اشتباه ,FEAR
4790,واقعا کیه ,OTHER
4791,فداااااا  توام همیشههههه قلباااا شاد باشی ,HAPPY
4792,دیدن آدمای خرافاتی مث تو  ,OTHER
4793,دیر عصبانی شدنم بزرگترین اخلاق بدمه. چون باعث میشه شدید عصبی بشم و حرفای خوبی نزنم ,ANGRY
4794,چی بگم بخدا، طرف کوت کرده نوشته عقده موج میزنه ,ANGRY
4795,مردن که همه میمیرن   وسایل رو کجا میخوای ببری؟,SURPRISE
4796,در هر حال نتیجه‌ی ترستون خوبه  ,HAPPY
4797,رابطه مستقیمی بین فهم دین و بیزاری از اون وجود داره پس  ,HATE
4798,یعنی چی انتراکشنات رو کسی نمی‌دید؟  ,SURPRISE
4799,ما ترسناک نیسیم ,FEAR
4800,والا الان همه یاد گفتن مخصوصا دخترا  -عزیزم فکر نمیکنی اضافه وزن داری(چاااقی)  +نخیر هیکل خودمه دوسش دارم.     اقا من نمیدونم ملت گشادیشونو چرا با فمنیسم قاطی میکنن اخه,ANGRY
4801,دیگه والا فکر کنم با این اوضاع احوال مادربزرگها و پدربزرگها از پس مخارج شب چله برنیان ,SAD
4802, عالی,HAPPY
4803,چقدر حس بدی.انگار تودلتون پراز غمه ,SAD
4804,دشمنامون که کله زد و روسیاهن  به قدرت پروردگار...    در کل با چارتا رکعت نمازه دست وپا شکسته و عمل کج و کوله چه توقعی دارید ازما...  پررو به لطف و رحمت خدا امیدواریم فقط,HAPPY
4805,یاد رضا پالان افتادم که اونم از زمین خاکی شروع کرد ولی  خاکستر تحویلش داد  ,OTHER
4806,من از غرورش ترسیدم نگفتم و یهو دیدم بلاک شدم  ,FEAR
4807,تو بعضی موارد هستن    مگه اینکه خودشون خیلی آدمای خوبی باشن,OTHER
4808,ایشالا  ,HAPPY
4809,اره ترسناک هم هستش ,FEAR
4810,شک الکتریکی..!!    میترسم..    آره مشکلات دیگه ای هم داشته... ,FEAR
4811,راحت باااااش،من هم دوست داستم هم میترسیدم. ,OTHER
4812,من دقیقا این مشخصات رو دارم! فحشم میدم! الان من عنم یا چی؟؟؟ تو رو خدا مشخص بفرمایید  ,ANGRY
4813,واقعاااا هععععی ,SURPRISE
4814,ترسو تر از این حرفام ,FEAR
4815,بی ادبا ,ANGRY
4816,بعد لو میرفت میرفتین زندان اونم پدرش طلاقشو میگرفت شما میپوسیدین تو زندان ,SAD
4817,من ریاضیم بد نبود،ولی بدم میومد،هم از خودش هم بچه های که میرفتن ریاضی:))) دور از جون می‌گفتیم پسری که ریاضی میخونه چیه؟؟؟همون اتفاقا برای پزشکی هم نرفتم تجربی چون عاشق باغداری و کشاورزی بودم ,HATE
4818,"""حالا اگه پروپرانولول اون """"لو"""" رو نداشت، با استامینوفن کدئین اشتباه گرفته میشد؟    یا مثلا همکلاسیاش مسخرش می‌کردن؟    نمی‌چرخه رو زبون آخه  """,OTHER
4819,ایششش  توییتم دو تا فیو میخوره  میترسم جاج نشه  همش به فکر حمله بودم   اره بابا چروک چروک,OTHER
4820,عجب چیزی گفت واقعا چرا ,SURPRISE
4821,منم میام  ,OTHER
4822,  عجب کلکی زدی ایول,SURPRISE
4823,تیکه انداخته به مسئولین ایرانی، اینقدر به این گیر نده حالا.  ,OTHER
4824,اقا مهدي، هممون از فكرش هم مثل سگ مي ترسيم برادر من، تو مَردي كه ازش مي نويسي، زود خوب شو خودت رو لوس نكن ,FEAR
4825,باور کن فکرشم ترسناکه از ترس جونت از شهرت با ی کوله پشتی بخوای فرار کنی  ,FEAR
4826,عجیبه یه لقب ندادی بهمون چلیپا جان ,SURPRISE
4827, مگه کودکستانه؟,SURPRISE
4828,انگار از سلامت اونا خبردارن   کارا میکنن آدم میمونه ,SURPRISE
4829,از بچه ای که گنده حرف بزنه اصلا خوشم نمیاد     بچه باید خنگ باشه ,HATE
4830,دقیق   کمر بسته ملت بکشه این مردک بی تدبیر,ANGRY
4831,نکنه وقتی بزرگ بودی باهات اینکارو کردن ,SURPRISE
4832,من از این حجم‌‌ از بی تفاوتیِ خودم دارم میترسم ,FEAR
4833,چندروزه عصبانی هستید بانو ,OTHER
4834,هیچ وقت فکر نمیکردم ی روزی بیاد ک باشگاه رفتنو پیاده روی رفتن برام ممنوع باشه    این کرونا واقعن چ کوفتی بود افتاد ب جونمون  ,ANGRY
4835,از لباس اتو كردن بيزارم اغلب چروكم ,HATE
4836,تازه ی چیز دیگه هم هست، هرچقد دلت بخواد میتونی اختلاس و تجاوز کنی بعد فرار کنی، این اپشن و هیچ کشوری نداره  ,ANGRY
4837,رشتی مگ ,SURPRISE
4838,خیلی اوضاع عجیب شده. اول صیانت از آرا، الانم این. چرا اینطوری میکنن؟؟!!  ,SURPRISE
4839,همیشه فوبیای اینکه نکنه یه گندی بزنم نذاشته به اون مرحله برسم  ,FEAR
4840,چرا اون سوسکه بعد از یه روز طولانی حالا که میتونست از مخفیگاهش بیاد بیرون،باید تو رو ببینه و از ترس جونش مجبور شه دوباره به مخفیگاهش برگرده؟ ,OTHER
4841,خدارو شکر همین یک بار جزو دسته نگران ها قرار نمیگیرم ,HAPPY
4842,شرایط هتل‌های مکه و مدینه رو زدن تو کاروان حج. یه‌لحظه تو دلم خالی شد از اینکه یک ماه تنها برم سرزمینی که عشق و نفرت توامانیم نسبت بهش. معلوم نیست چه اتفاقاتی بیفته.  کاش می‌شه ده روزه اعمال و زیارات رو بجا آورد و برگشت.     #حج۹۸,FEAR
4843,میمون دروغگو ,ANGRY
4844,از اسانس موز و توت فرنگی متنفرمممم ,HATE
4845,خرگوش بهتره حالا فوقش تو انبار هم باشه مشکلی پیش نمیاد ,OTHER
4846,  خدا رو شکر پیدا شد ,HAPPY
4847,قرمه سبزیه مگه جا بیفته  ,SURPRISE
4848,تو خوده تَرسی ,FEAR
4849,ای جمله #خررررر پرستان درعین #خررررر پرستی چون مرده‌ی فسرده   روبه صفت ریاکاررسواوروسیاهید  دجال ِ خر؛ریایی، کرده خدای خویش،یابو  یابویِ خودپسندید،آن روح یِ یابو  روحش فروخت بشیطان،چون ظلمت وسیاهی  دجالِ خر، خمینی!زان پس بودشیاطین   در کسوت قداست #ظلمات_الشیاطین_خامنه_ای  آمدزمانه دیو,HATE
4850,این حرفا چیه !!  کی همچین اراجیفی رو به تو نسبت داده مشتی ؟؟؟!!!  شما آقایی   از خیلیا سری   دلت گُندس   خودمم کوچیکتم   نبینم ازین حرفا دیگه با وفا  ,OTHER
4851,الان کجایی ,SURPRISE
4852,نوکرم مرسی  ,HAPPY
4853,در نهایت میان تو اجتماع همه درگیر میشیم  اون خطرناکه,FEAR
4854,سوالات انحرافی واسش ارسال شده  ‌همچین دانش اموز پدر سوخته ای همچین معلم بدجنسی هم داره ,ANGRY
4855,"""انقد به حرفم اعتقاد دارم که مو به مو شو یادم باشه. تو پین کن هر روز ببینیش  واسه قسمت """"برگشتن فوج فوج جوونا از دین"""" جواب نداشتی و ندارین، زدی تو خاکی """"سگ و توله و تپه و مموتی""""!    بلبلی بزن مث...  """,ANGRY
4856,عههه منم وقتی میترسیدم مامانم اینو میخوند ,SURPRISE
4857,ما هم عجب وضعی داریم تو خونمون بابام یکاری میکنه یا دست به یک جایی میزنه سریع میگم دستتو بشور میگه قبل از کرونا انقدر وسواسی نبودی میگم ربطی به وسواس بودن نداره من میترسم اگه خدایی نکرده کرونا بگیری ما متوجه نشیم یک وقت خدایی نکرده بخاطرت ما هم بگیریم اینجوری وسواسم جون دوستم ,FEAR
4858,یکم ترس داشت   ولی خوب بود,FEAR
4859,نه داداش،مگه حقوق نجومیشونو،پر،بدیم اینم که نمیکن،نامردها کوفت تون شه ,ANGRY
4860,شاید ویژگی بدی باشه اما از گریه کردن جلوی کسی متنفرم ,HATE
4861,برو عامووووووو   یادتون رفته چه اشکی میریختین وقتی تراکتور زدتون ؟؟؟    تقصیر ماس که انتقام شمارو گرفتیم ! بشکنه این دست که نمک نداره  ,OTHER
4862,اين مال خودمه  هركيم از اين به بعد زر بزنه بلاك,ANGRY
4863,  بیا اینم از خوبیش زنگ هم نزنه میگی چرا سراغمو نمیگیره؟!   شایدم اگه زیاد کلافت کرد چاقو لازم شده یه دونه از اینا بفرست براش  ,SURPRISE
4864,همینطور ممنووون  ,HAPPY
4865,دزد دزد میاره منافق منافق موریانه موریانه خدایا عاقبتمون بخیر کن ,SAD
4866,یه لحظه ترسیدم بعد رفتم بیوتو دیدم خیالم راحت شد ,OTHER
4867,من نمیدنم چرا خیلیاتز دیدن مو تو غذا اینقدر متنفرن من مشکل ندارم زیاد درش میارم ادامه غذا ,SURPRISE
4868,معارف ۸۵ سخت ترین معارف تمام ادوار بود. یه مشت مزخرفاتی که معلوم نبود از چه سوراخی در آوردن. فیزیک ۸۴ هم واقعا ترسناک بود. یادم افتاد دوباره اعصابم خرد شد  ,FEAR
4869,اره از سروصدا هم بدش میاد  همه رو زابه‌راه کردم  ,HATE
4870,نسبت به پرسنل مدارس پسرانه بدبین شدم  البته دور از جون شما  ,SAD
4871,مرسی هستی اصلا  ,HAPPY
4872,دوست دارم  ,HAPPY
4873,عه خب پس خیالم راحت شد  ,HAPPY
4874,برا من کار به جراحی کشید دوتا پایینیو با فاصله یک هفته کشیدم  بالاییا نصفه نیمه در اومدن ولی میترسم برم بکشمشون ,FEAR
4875,همه دوستانی که برای دعواهای خاله زنکی شون به مردم کویر القاب متوهم و کم عقل و... رو دادن، حواسشون هست به مردم نازنین شهرهای کویری ایرانمون توهین کردن؟  به خدا نازنین تر از این مردم ندیدم  میان دعوا کمی هم فکر کنیم  ,OTHER
4876,اکست پیش منه چقدر میدی ندمش دست بابات ,OTHER
4877,وااای دقیقااااا   البته منم همین فکرو میکنم از بس همه چی دروغه  ,SAD
4878,خسته نباشی  ,OTHER
4879,عجب    تو این شرایط بحرانی,SURPRISE
4880,بیمار واگیر دار همه جا رو گرفته عشق و حال .... ,SAD
4881,کدوم خری همچین حرفی زده  ,ANGRY
4882,وایییی ببین کی اومده    عاواتارشو  چه بهت میاد  ,HAPPY
4883,مگه شک داشتین ,SURPRISE
4884,آقای قلیان شما اهل بشرویه هستید؟  سلام ما رو هم از نهبندان داشته باشین ما خیلی ارادت داریم ,HAPPY
4885,مرسیی عزیز دلم ,HAPPY
4886,چهره ی واقعی آدمها در عصبانیت نمایان میشود  ,OTHER
4887,عجب نامردیه  ,SURPRISE
4888,آخ آخ کاکو اینا خیلی ترسناکن ,FEAR
4889,دزدیه دیگه مگه دزدی اینه ک از دیوار خونه مردم بری بالا  ,ANGRY
4890,زشته ,ANGRY
4891,همينكه اعتراض ميكنى خيلى مردى  ,HAPPY
4892,مامان سوباسا هم قبوله   از بچگی متفاوت بودم ,OTHER
4893,وحشتناکید وحشتنااااک  ,FEAR
4894,چرا گفت یمن بعد ۲ سال مقاومت؟ ,SURPRISE
4895,شما کوالا ندارین که مردم بخاطرتون به هر دری بزنن ,OTHER
4896,چه فیلمی  ...شبی که دیدمش کلا تو فکر بودم و اعصابم داغون بود,ANGRY
4897,آخ آخ میبینی ,OTHER
4898,زاویه سازی دیگه چه کوفتیه ؟ ,ANGRY
4899,عجب دوره زمانه ای شده!  ,SURPRISE
4900,خب پس هیچی ,OTHER
4901,میترسم منم شیطون بشم ,FEAR
4902,من ۱۰۰ تا دارم و خیلیم ماهن همشون سوز به دلت  ,HAPPY
4903,خیلی مسخره است  ,HATE
4904,چی؟ ,SURPRISE
4905,ینی چی چطوری  ,SURPRISE
4906,عجب خیر مودبانه ای....   خدا رو شکر اگه می گفتی..بله...من اصلا بلد نبودم ,SURPRISE
4907,آخ گفتی  ,OTHER
4908,خوشش میاد ازت . عصبیه چرا تو چرا خوشت نیومده  ,OTHER
4909,یک نویسنده دسته دهم افطاری نخورده مبتذل که بروشنی ذات عقده ای و ندید بدید و متحجر خودشو عریان نشون داد!  مادرم یک کتاب امضا کرده ازش داره. وقتی رفت با ذلالت و خاکبرسری با #روباه_بنفش افطاری کوفت کرد گفتم بده جرش بدم. حالا برده قایمش کرده. ,ANGRY
4910,چرا خب ,SURPRISE
4911,قلم خوبی دارید   واقعا ترسناکه حتی خوندنش چه برسه به تجربه کردنش   افسوس که قدر سلامتیمونو تا وقتی هست نمیدونیم ,FEAR
4912,من متنفرم همش خالی بندیه ,HATE
4913,چطوریه ,SURPRISE
4914,کاملا صحیح ,OTHER
4915,انگار به بلوغ عقلی و عاطفیه کامل نرسیدن واقعا منم متنفر شدم از ازدواج و رابطه انقد که همه پوچ و الکین ,HATE
4916,این جمله مال ما بود تو برای چی زدی.  ,SURPRISE
4917,وای منم بدم میاد ...,HATE
4918,خیلیم ممنون  ,HAPPY
4919,اینقدر از آدمه مست بدم میاد که میتونم یدونه بزنم تو گوشش بگم به خودت بیا (۱در ۱۰۰۰ کیوت میشه),HATE
4920,اخ گفتی ,OTHER
4921,24 ساله باهمیم ,HAPPY
4922,در واقع من از تاریکی مطلق تو مکان های ناشناس میترسم ولی مثلا تو اتاق خودم دقیقا شرایطه خواب ایده الم تاریکی مطلق  ,FEAR
4923,چی میگن اینا فازشون چیه خدایی ,SURPRISE
4924,از وقتي تو اومدي دس كشيدي رو سرم گفت نترس ديگه نمي ترسم  ,HAPPY
4925,متنفرم از دیس بازی رپرای ایرانی ,HATE
4926,سیر و پیاز متنفرم  ,HATE
4927,نه اونقد بیرحم نیستم ,OTHER
4928,سگ کشی ,OTHER
4929,"""صداش شبیه """"سایه"""" نیست؟!  همون دختره که چند سال پیش رفت کانادا!  شایدم خودشه و یه اسم جدید واسه خودش انتخاب کرده   @xsoall""",OTHER
4930,ای وااای  ,OTHER
4931,تا این‌حد ازش بدت میاد ,SURPRISE
4932,منکه ۲۷ سالمه تو کدوم دسته میشم؟؟ ,OTHER
4933,آخ معدم جر خورد وا قعیت مشخصه،،، نمیدونم چرا ,OTHER
4934,خداییش یدونه ای رفیق       مثل همیشه شرمندم کردی   ,HAPPY
4935,عجیبه. پس چرا من قهوه میخورم بیشتر خوابم میگیره ,SURPRISE
4936,من نه مغرورم (تاحالا از بالا به کسی نگاه نکردم)  نه زشتم (اونایی که دیدن میتونن تایید یا تکذیب کنن)  نه فلانم (برچسب های مختلفی که زده میشه)  نه ....  من فقط تنهایمو با هرکسی تقسیم نمیکنم  ,ANGRY
4937,متنفرم از غذاشون   طعم بی طعمی داره  ,HATE
4938,چه ترکیبیه اخهه ,SURPRISE
4939,بعد جمهوری اسهالیم وضع لنگو می‌بینیم  ,SAD
4940,دس وردارین از سر این دل پاره پاره ما ,SAD
4941,جدیدن ۴ ۵ تا روانشناس پشت سر هم فالوم کردن، خیلی نگرانم..  حس میکنم دست ب دست هم دادن درمانم کنن...   ,FEAR
4942,از آرزوهایم که محال شد چه بگویم...  ,SAD
4943,میزارم زر بزنن و چیزی نگم  ,ANGRY
4944,چطور اینجا ازتون سوال میشه یه آها میگید اونجا با دختره حرف زدید کامل ,SURPRISE
4945,جدی خیلی ترسناکه ها یهو ادم هیچجارو نبینه     امیدوارم بیناییشو بدست بیاره دوباره ,FEAR
4946,باز تو خودتو قاطی بزرگا کردی ,ANGRY
4947,ممنونم .شرمندم کردی ,HAPPY
4948,خداوند سلامتی بهت بده  آمین   ,OTHER
4949,یادمه دبیرستان به زور معلم پرورشی منو گرفت بیا نماز ولمم نمی‌کرد اون لحظه اومدم بگم بااا غصل ندارم  ولی از ترس عواقبش نگفتمو... نمازو خوندم ,FEAR
4950,نگو که با همون چاقو گوجه خورد میکنه ,SURPRISE
4951,فقط تعجب کردم ، اینجا به طور جواب آدمو میدن ، چایی که جای خود داره   البته همه اینطور نیست ولی حجم بالای مریض و تعدا کم پرستار باعث میشه این انتظارات یکم عجیب,SURPRISE
4952,اصلا نمیترسم حس خوبی بهش دارم ,HAPPY
4953,این پست کاملا سرکاریه  ,OTHER
4954,عجب،یعنی شرکتها آبدارچی ندارن ,SURPRISE
4955,واقعا از یه گمراهی نجاتم دادی  ,HAPPY
4956,چرا عکسم ترسناکه؟,FEAR
4957,چی بگن . احتکار کردن پسرا رو  ,OTHER
4958,پسرخاله ام برام کلی کیک و بیسکوییت سوغاتی فرستاده   ذکر هم کرده حتما برسونن دست شخص خودم واینکه دلش خیلی برام تنگ شده   حالا هرچی این منو دوست داره خواهرش ازم بیزاره  ,HAPPY
4959,باشه عزیزم    میترسم برم دکتر,FEAR
4960,چرا من تو رو بلاک اند ریپورتت نمیکنم آخه   https://t.co/NFgvuGvMme,ANGRY
4961,اینا میمیرن اگه یبار دروغ نگن و از دهن مردم حرف نزنن ,ANGRY
4962,خوش بحالشون از من که می گن ترس داره ,FEAR
4963,درود تایگر جان سپاسگزارم رفیق قدیمی از مهرت   و خوشحالم که هستی   دلم براتون تنگ شده بود  ,HAPPY
4964,منم میترسم ادرس بپرسم جوری ادرس میدن ادم فکر میکنه کلا اصفانی نیست ,FEAR
4965,تو حق داری    ب اعصابت فشار نیار  ,OTHER
4966,نه اگه مطمئن باشم با آمپوله دیگه هیچ دردی حس نمیشه  اصصصلا نمیترسم ممنون رفیق,OTHER
4967,نوید جان اسکرال که کردم خودش انتخاب کرد ولی خب معلوم دیگه در قالب رمان کدومه  ,OTHER
4968,نع   باید همش استرس داشته باشی الان همه آبگوشت رو می خورن   درضمن عکستون ترسناک   اشتهام کور شد ,FEAR
4969,نههه لباس خودمو تو تنش دیدممم ... مامانش لباسمو قرض گرفته بود که از روش بدوزه( مامانم بدون اینکه به من بگه بش داده بود ) ولی دخترش واسه مراسمی پوشیده بودش... الان که دارم میگمش باز عصبانی شدم همونقد ...,ANGRY
4970,کتک کاری با خواهربرادر چیز عجیبیه؟ ,SURPRISE
4971,اشتباه پاک شده خوشحال نباش دوباره می نویسم    پست اونی هست که با دروغ و تهمت و کذب نون در میاره نه کسانی که این کذاب شیاد را رسوا می کنن,ANGRY
4972,چرا رایگانه  فقط نمیدونم چرا رئیس جمهوراشون با وعده تغییر ساختار بیمه ای و درمانی کاندیدا میشن  ,SURPRISE
4973,چ ترسناک بود این جمله ,FEAR
4974,   چرا آخه؟  ,SURPRISE
4975,بگو با کتاب چک نکنه اعصابش خورد میشه انقدر فیلم بده  ,ANGRY
4976,خدا رحمتش کنه ,SAD
4977,چرا بدشدن بیاد ,SURPRISE
4978,الکی میگن ,OTHER
4979,آخه خيليا هم با كارت نظام پزشكى ميان دارو ميبرن  ,OTHER
4980,خیلی کوفتیه این حساسیت بهاری ,ANGRY
4981,چی میگه؟؟؟ ,OTHER
4982,آخ گفتی  ,OTHER
4983,به نظرم ماهان رو ول کن  همون النگو گوشواره و سنگ و ... بفروشی اعصابت آروم‌تره  ,OTHER
4984,خاک بر سرش  ,HATE
4985,1/9  یه #تلنگر بمناسبت شهادت امام هادی(ع)؛    یه حدیث ازشون میتونیم بگیم؟؟  میتونیم۲خط درموردشون صحبت کنیم؟    بخاطر معجزاتی مثل زنده کردنِ مرده، به ایشون مسیحِ ائمه هم میگن!!     میخوام چنتا از معجزاتشون رو با ذکر منبع براتون بگم، واقعا عجیبه   ادامه ,OTHER
4986,مگه داریم ؟,SURPRISE
4987,میدونیم خودمون  ,OTHER
4988, ای بابا   من میخوام بگم میتونم چت کنم یا قدرت چرت و پرت گوییم بالاست ولی میترسم بد برداشت بشه,FEAR
4989,چقدر ازین مهاجرانی بدم میاد. ,HATE
4990,  عجب جوکی گفت..ناموسا خودشون خندشون نمیگیره؟ قطعی اینترنت در ایران علمی فرهنگی بود؟!  ,SURPRISE
4991,از کجا میدونی؟ ,SURPRISE
4992,مثل اینکه علی فرفری سرش کلاه رفته   جمهوری اسلامی چند میده مگه ؟ بفرست برای صداوسیما بگو منم همین قدر میخوام,SURPRISE
4993,از جونت سیر شدی انگار  ⁦ ⁩⁦ ,SURPRISE
4994,چند درصد تلفات میده؟  تلفات هر روز چقدره؟  چرا امار ایران اینقدر عجیبه،استرسم خیلی بالاست  ,FEAR
4995,همچی تو صحبت کردن انسانه وقتی خوب صحبت کنی میتونی روزاعه دیگرانم خوب کنی  ,HAPPY
4996,                  من در همین حد در توانم بود،خودت سعی کن بترسی,OTHER
4997,از اختلاف سنی زیاد متنفرم ,HATE
4998,چرا؟ ,SURPRISE
4999,شما خیلی خوش شانس بودی که در جغرافیایی متولد شدی که  کاملترین دین را به تو هدیه داده  ,OTHER
5000,شما فعلا همونجا که هستی بمون !دیگه اعصابمون نمیشه هشتک بزنیم  برای شماکه  ازاوین درت بیاریم .اینا هم به ما محل ندن خسته شدیم اینقدر که هرکی یه کلمه حرف  زد رفت سیاه چال. ,ANGRY
5001,وحشتش رو بجون خریدیم و غرق درش هستیم حتی بعد فارغ التحصیلی ,HAPPY
5002,میترسم اخرتم ما محکوم بشیم به اینکه چرا حرفشونو گوش ندادیم باهم ازدواج کردیم ,FEAR
5003, نخند...بتررررس,FEAR
5004,مرسی  ,HAPPY
5005,اه کاری بدتر از آشپزی نیست. منم متنفرم ,HATE
5006,  متنفرممممم از این,HATE
5007,ازدواج تو ایران ترسناکه متاسفانه  ,FEAR
5008,موافقم ، فقط میترسم بعد رامسر بیاد بگه هفتاد درصد آمادگی داریم یه چهل درصد دیگه به آمادگی کامل میرسیم ,FEAR
5009,  چرا اخه,SURPRISE
5010,ایران رو هر چی قفلی بزنه دیه هیچکس نمیتونه درسش کنع  ,OTHER
5011,کدوم کشوری؟!  ,OTHER
5012,مگه اینجا حرف رسانه ها مهمه؟مگه طبق قانون عمل میکنن؟مگه اصن قانونی وجود داره؟ ,ANGRY
5013,درود بر شما  ,HAPPY
5014,شاید گربه ش اومده نشسته رو کله ش و نمیزاره بخوابه مثه گربه من ,OTHER
5015,   عجب باحال بود ,HAPPY
5016,مرسی ازتون   بودنتون دلگرمی بوده ,HAPPY
5017,خود این اکانت و تمام کسانی که ریت کرده هم هستن   https://t.co/fG3EEPq2WZ,OTHER
5018,دلم میخواد زبونشونو جر بدم دیگه حرف نزنن ,ANGRY
5019,صاحب‌خونه من هم گفت در این اوضاع باید هوای هم‌دیگه رو داشته باشیم، پارسال ۶۰ تومن رهن بوده، امسال ۶۰ تومن دیگه بذار روش، شرایط سخته   کور بشم اگر دروغ گفته باشم,SAD
5020,از اینهایی که تو بیوشون مینویسن بک ندی حتمااااااا آنفالویی خیلی میترسم   و از ترسم حتمااااااا بک نمیدم ,FEAR
5021,آره شک نکن  کتک من گله هر کی نخوره خله  ,OTHER
5022,توهمات یک استقلالی ,OTHER
5023,موافقم باهات کاملا ,OTHER
5024,مگه اونایی که با خامنه ای دشمنن تا حالا از نزدیک دیدنش؟  هشتگت رو قبول دارم ولی استدلالت نه ,SURPRISE
5025,میشه برای ماهم دعاکنی  ,OTHER
5026,همیشه از وابسته شدن به چیزی(معتاد شدن) دوری میکردم ولی بعد از کار طولانی این ترم شدیدا به کافئین معتاد شدم به صورتی که امروز چشم  راستم و پیشونیم داشت پاره میشد با یه مخلوط هات چاکلت، نسکافه، قهوه آروم شد   • بترسم یا نترسم؟,OTHER
5027,دارم 25صفحه خلاصه ی درس مزخرف تنظیم خانواده مینویسم بخاطر یه استاد عقده ای ,ANGRY
5028,  نگید به این نفهم ها شغلتون را,ANGRY
5029,_محمدرضا تف کن چی خوردی؟  +موچه (مورچه)  _چرا خوردی تف کن کثیفه  +نهههه  _چرااا ؟  +بوخودم(میخورم)   _خوردی خوب بود؟/:  +خومزه بود(خوش مزه بود)     من   #پسرعمو,OTHER
5030,خیلی حس عجیبه ک فک کنی الان مردی   ان شالله عمرتون باعزت ,SURPRISE
5031,من کم نمیارم  ,HAPPY
5032,یه رفیقی دارم رفته یکی ازکشورهای نزدیک قطبو۳،۴ترم وبرگشته،تیزهوشم هست،الان میخوادبره ادامه بده،تقریبادیگه امکانش نیست!وقتی پرسیدم چرااومدی؟!!گفت؛اول غربت،دوم خورشید!پرسیدم خورشید؟؟گفت؛آره،یا نیست،یاوقتی غروب میکردنمیرفت پشت کوه،میرفت توزمین!ترسناکه!جدی.  من  ,FEAR
5033,الان نمی دونم از خرسه بترسم یا از شوهر عمه تان.  از همین تریبون اعلام میکنم شوهر عمه ها آدمای خوبی ان. ,SURPRISE
5034,اعوذ‌ بالچای من الخستگی شدید.  ببین حتی آیه هم داریم براش.  چیه اون قهوه آخه؟  ,OTHER
5035,تو‌گه میخوری باهفت جد و ابادت ارازل اوباش که محکوم میکنی چی کاره ای تو؟؟سگ کی باشی؟؟ام الفتنه ,ANGRY
5036,عاقبت هول بازیه ,OTHER
5037,خیلی چندش بود من ک حالم بد شد ,HATE
5038,مگه شماهم خابگاهی    پنبه بذارید گوشتون.یا سیم هندزفری و پاره کنید  ,OTHER
5039,ترس هم داره، اومدیم اونا هم موقعیت اینایی که نصب کردن فهمیدن اون وقت چی؟ ,FEAR
5040,بلاک شدم دیگه نمیتونم بهش پیام بدم میترسم زنگ بزنم یهو فحشم بده چون واقعا بعید نیس ازش   ,FEAR
5041,من میترسم ببینن و نه تنها که دستها رو نبرن که محو پرتقالشون شن ,FEAR
5042,Descent   ترسناک مرسناکم نیست ,OTHER
5043,دیگه میرید شمال جنگلارو اتیش میزنید بزنید  لااقل باشلوارک نرید نونوایی   بربری حرمت داره  شما برو نون باگد بگیر کوفت کن هموطن  ,ANGRY
5044,متنفرم از اين آدمها  ,HATE
5045,حالا عصبی نشو پسرم ,OTHER
5046,رجل در عربی به معنی مرد نیست مگه؟   خانم امرأة میشه ها,SURPRISE
5047,تاریکی ,OTHER
5048,استاد رائفی پور  ,OTHER
5049,وا   زر زده میتونی شکایت کنی ازش,ANGRY
5050,خانومی واقعا عنه   ولی من از مهربانو بدم نمیاد,HATE
5051,تو کارتن ژان وال ژان من از اون پلیس بود، جاسوس بود؟ (( ژاور)) حالم بهم میخورد و آخرش هم متوجه نشدم که اون تو او کارتن چه نقشی داشت. خلاصه که خیلی ازش تنفُّر داشتم. یه آدم فروش واقعی بود نامردِ چِندش. خیلی بیخود بود خلاصه. ,HATE
5052, فك كنم بهمون ميگن معتاد نامرداااا,ANGRY
5053,دوست دارم با اسم اکانت تون شوخی کنم،   حیف که میترسم. ,FEAR
5054,وااي     منم تو دانشگاه رفتم انتشارات ديدم استاد انديشه اسلامي كه اتفاقا شيخ هم تشريف داشتن سوالا دستشه داره ميده واسه چاپ، منم زود از سوالا كه دستش بود از پشت سر عكس گرفتم      حااال داد عجيييب ,HAPPY
5055,چرا من اینو   بیست ساعت پیش نوشتم  چهارتا  فیو خورد ,ANGRY
5056,آره دیه. بی ریا ست.. بفرمایید تو حالا چرا دم در؟ زشته کاکا جات ,OTHER
5057,هر چی اخلاق گند داری که   من خیلی زود عصبی میشم  خیلی راحت ادم های زندگیم رو کنار میزارم ,OTHER
5058,چقدر هر شب این شعر و براش می‌فرستادم. الان نمیدونم کجاست و سرزمین کیه؟؟؟؟   ,SAD
5059,منم از اول با قلبم  دوسش داشتم و این برای اکثر هم دوره ای ها و سال بالاهام عجیبه   نمیدونم چرا نگاه بچه ها به رادیو یه رشته لوکس دوست نداشتنیه ,SURPRISE
5060,اوه شت  من بودم همون لحظه اشهدم میخوندم:))),FEAR
5061,عجب .. پیدا میشن  ,SURPRISE
5062,وای دقیقا اینقد بدم میاد که چی اخه. ادم حریم خصوصی نداره  واسه خودشون برمیدارن میزارن تو اینستا  ,HATE
5063,به قول حضرت مولانا: همچو نی زهری و تریاقی که دید؟ مچو نی دمساز و مشتاقی که دید؟ ,OTHER
5064,شانس من بده دادا، هر کی گیرم میاد بد میزنه    حقیقتا روم نمیشه به دکترا بگم میترسم  ,SAD
5065,ب جون من چرا..من سر پیازم یا ته پیاز ,SURPRISE
5066,منم واقعا میترسم....هیچوقت فاز کسی که یه بستنی ساده سفید رو با ولع میخوره نمیفهمم حتما باید یه مزه و رنگی داشته باشه خب اینا چطوری تحمل میکنن ,SURPRISE
5067,چون اعصابش خورده و نمیخواد حرف بزنه...  ,ANGRY
5068,ای وای!!!ولی منم از خطرات موشای سوری شنیدم!!همیشه استادمون میگفت مواظب باشید گازتون نگیرن....قیافشونم خیلی ترسناکه،چشمای قرمز و دندونای تیز ,FEAR
5069,نشون دهنده‌ی ذات صلح جوی شماست.  ولی تو اون موقعیت طرف مقابل چی بفهمه ازون خنده‌ها، جای بحث داره.  منم هروقت خیلی از چیزی یا کسی عصبی میشم، اگه جلوم دربیاد،خندم میگیره ,OTHER
5070,فاک غربت  ,SAD
5071,انصافا خیلی ترسناکه ,FEAR
5072,جالبه    چرا؟!,SURPRISE
5073,چه فال خفنی گرفتی  شماره کارت بدید  ,SURPRISE
5074,تاریکی ,OTHER
5075,بعدا که بغضت اومد بیا ,OTHER
5076,داماد عاشق شده  توی جلسه اول خواستگاری قبول کردن شش دانگ‌خونه پدر داماد بزنن به نام عروس   بعد چندجلسه وقتی داشتن رونوشت برمیداشتن از میزان مهریه ، پدر داماد نوشته سه دانگ ، پدر عروس اعتراض کرده و پدر داماد نه گذاشته نه برداشته جلوی همه خوابونده توی گوش داماد...    بعضیا چقد عجیبن ,SURPRISE
5077,عجب آدم بیعشوری واقعا ,ANGRY
5078,میگن تو جهنم یه عقرب جراره هایی هست که ادم از ترسشون به مار غاشیه پناه میبره  ,FEAR
5079,کیه که بفهمه ,SAD
5080,میترسن مردم  ,FEAR
5081,کی بریزیم خونتون ,OTHER
5082,اینهمه کمالات از یه مرد واقعا تعجب برانگیزه ...سرورید علیرضا جان ,SURPRISE
5083,واسه بابای مهندس؟  ,OTHER
5084,این ماجراها برای شما اعصاب خوردکنی هست برای ما سوژه خنده    4صبح آمده سلام کنه  ,HAPPY
5085,ترسی ندارم ؛ولی امسالم قسمتم نشد ,SAD
5086,سوپر نچرال    البته یکم باید نترسی ,FEAR
5087,عجیییییب ,SURPRISE
5088,ی مرضی ک دارم اینه با هرکی تو توییتر مشکل دارم بلاکش نمیکنم اتفاقن هرروزم توییتاشو چک میکنم حرص میخورم   فک کنم خعلی وقته پیاز شدم  ,ANGRY
5089,دقیقاً چند هفته پیش هم که ما نیرو میخواستیم بگیریم با چنین پدیده‌ای مواجه شدیم   خب چرا چنین میکنند؟,SURPRISE
5090,طفلی چی کشیده تو اون دوروز  ,SAD
5091,ولی با رفتن نجوا صفا از گپ ک هیچ از توییترم رفته اصن   مگه نه اوزگلا؟؟  @hhamtaaa @Nafiseh_Isapour,SURPRISE
5092,من آنفالو كردم؟؟؟!!! من از اين رفتار بيزارم معذرت ميخوام،مطمئناً دستم خورده و متوجه نشدم ,SAD
5093,بعله واقعا    البته ترسناک تر اینه که متولدین ۹۰ هم ۱۰ ساله میشن  ,FEAR
5094,سواله پرسیدی اخه   https://t.co/aJ5ZJRW3Zt,SURPRISE
5095,از همش ,OTHER
5096,الان دیگه نمیشه گفت؟؟ ,OTHER
5097,خر خودتی  ,ANGRY
5098,اینا دیگه مرزهایه شارلاتانی جابجا کردن  ,ANGRY
5099,جانم بانو جان زینب ,HAPPY
5100,مثل آیدین باشیم که سردر صفحه ش عکس ظریف روبا مصدق زده کنارهم و هرروز با چشمهای اشک آلود به رهبر معنوی خودش دکتر ظریف نگاه میکنه وانرژی میگیره که بیاد درفضای مجازی به مبارزه علیه دشمنان نظام وانقلاب ادامه بده  بدبخت لااقل عکس آقا رو بذار. الان هم از مصدقیا فحش میخوری هم از ارزشیا ,ANGRY
5101,ممکنه ,OTHER
5102,مبارک باشه. خوشبخت بشن  ,HAPPY
5103,ینی هاهاها   عجب      مریضی شما هم داستانی شده ,SURPRISE
5104,خب منتظرش نذار   هربار     تو       هم  ببراش بنویس  خداحافظ  ,OTHER
5105,همسایه جدیده ڪلید نداشت بهم گفت از دیوار میپری در و باز کنی ؟  جوری مثل گربه پریدم بالا دیوار و در باز کردم که آخرش با ترس بهم گفت  البته خونه ما هیچوقت خالی نیست  همیشه هستناااا ، فقط الان نمدونم کجان     پ.ن : همسایه فکر کرد من دزدم  ,FEAR
5106,     دیگه لفظ عامیانه اومدم بانو.     امشب بدجوری عصبانی هستیداااا,OTHER
5107,یا امام زمان عجل علی ظهورک  ,OTHER
5108,چرا؟؟ ,SURPRISE
5109,ما هم از تو بدمون میاد   لالای لاااای  ,HATE
5110,انقدر از این جمله اینطوری شروع میشه بدم میاد و اینکه بحث رنگی نکنیم و یسریا میگن بازیای خارجی ملی حساب میشه...   اصن اینارو نمیفهمم، ولی آخرش داستان عوض شد دیگه    مثل این میمونه که طرفدارای بارسلونا و رئال یا منچستر یونایتد و سیتی بگن بازی ملی و کشوریه...  ,HATE
5111, ترسیدم,FEAR
5112,اینا که خوبه مامان من میگه اونجاست میگم اونجا کجاست میگه اونجا دیگه  ,SURPRISE
5113,   ممدا خورده شیشه دارن,ANGRY
5114,معلومه دیگه...کی بدش میاد از تو تختش تو کلاس شرکت کنه ,HATE
5115,سون اپ ک شیشه اش شفافه چجوری از توش شربت چهار تخم و ندیدی ,SURPRISE
5116,از ترافیک فردا صبح‌ نیایش متنفرم  ,HATE
5117,۱۰-۱۱ ساله بودم،هروقت به دوستم زنگ میزدم و باباش گوشی رو برمیداشت،قطع میکردم.چون چندبار با لحن خاصی می‌گفت صدات قشنگه،دوست دارم حرف بزنی   و من هنوزم فوبیای تلفن حرف زدن و وویس گذاشتن دارم!,FEAR
5118,شهرستان‌نمیدونی جریانش چه جوریه؟!؟!  ,SURPRISE
5119,نه راستش من عاشق ریاضی بودم! الانم دارم دکترای ریاضی میگیرم! فقط نگرانم بخدا! اینجا بچه ها تو دبیرستان خیلی بیشتر از بچه ها تو ایران یاد میگیرند! من فقط خیلی نگرانم! همین! ,FEAR
5120,نمیدونستم خب  تقصیر من که نیست؛ اون چه اسمیه آخه ,OTHER
5121,واااای چقد خوابشون سنگینه آخه   یکم از من یاد بگیرن   خدا رحم کرده واقعا,SURPRISE
5122,متاسفانه این ترس واسه خیلی از دختراست از جمله خودم ,SAD
5123,عجب تهدیدی!!                        واقعا باید بترسه ازت ,FEAR
5124,هیچوقت اونایی که از آمپول میترسنو درک نکردم! چیه آمپول ترسناکه آخه ,SURPRISE
5125,چطوری اخه ,SURPRISE
5126,ای گفتی ,OTHER
5127,مرسی ,HAPPY
5128,سپاه ندارین؟ ,OTHER
5129,وای مرسی مرسی  ,HAPPY
5130,نکشیمون الک ,OTHER
5131,فقط کوفت ,ANGRY
5132,کلاس اول میزامونودورتادورچیده بودن، کلاسمونم یکم شیب داشت یه دختر تپل گوشه کلاس نشسته بود. وسطای زنگ اول دیدیم از زیر پامون یه اب باریکه داره رد میشه خودشو حسابی خیس کرده بود  دو زنگ بعدشو تو حیاط بودیم تا کلاسو تِی کشیدن:)),OTHER
5133,وحشتناکه ,FEAR
5134,یکی شوهر میخواد یکی طلاق میخواد یکی پول میخواد یکی بچه میخواد یکی قد میخواد  لاغری میخواد خوشکلی میخواد یکی کوفت میخواد زهرمار میخواد من جای خدا بودم سال یه بار برای همه این خواست ها یهBlack Friday میزدم   ,ANGRY
5135,صدف بانوی عزیز عیدت شاد باش امیدوارم که همیشه محکم و استوار باشی ,HAPPY
5136,غذا مگه کرم میزنه ؟!!! ,SURPRISE
5137,و ترسناک  ,FEAR
5138,مکان؟؟؟ ,SURPRISE
5139,ممنونم دوست گلم.آرزو میکنم سال خوبی داشته باشید ,HAPPY
5140,خیللللی سخته واقعن ,OTHER
5141,نقد و ول کنم نسیه رو بچسبم؟ ,SURPRISE
5142,انقدر بدم میاد مردها راجب زنان نظر میدن  ,HATE
5143,میاد بابا میاد  ,OTHER
5144,شکسته نفسی نفرمایید قربان     خوب بودی وهستی وخواهی بود  ,HAPPY
5145,بخدامنم همنو میگم  وقتی پشت هم باشیم ازمون ترس دارن ,OTHER
5146,رنگش چه فرقي داره؟؟ ,SURPRISE
5147,  کجا دقیقا؟؟,SURPRISE
5148,من از  جاش میترسم خواهرام حجامت کردن جای تیغا پشت شون مونده ,FEAR
5149,میدونستم ,OTHER
5150,بیا بیا.   ما را ز سر بریده می ترسانی  ما گر ز سر بریده می ترسیدیم در محفل عاشقان نمی رقصیدیم,OTHER
5151,نه عامو همشون از ترس بنده اومدن خونه‌ی شما قایم شدن ,FEAR
5152,فوبیای مادر زن ، ترسناک‌ترین فوبیای دنیا !     جالب بدونید ترس از مادرزن یا Pentheraphobia رایج‌ترین و شایع‌ترین ترس و فوبیای دنیاست که بیش‌تر آدم‌های ازدواج ‌کرده در یک زمانی از این ترس رنج برده‌اند  ,FEAR
5153,عشق ینی همین  ,HAPPY
5154,چشم رنگی روشن یه جوریه  چشم رنگی تیره جذابه    یکی از دوستامون چشماش سبز عسلی روشنه  تو تاریکی برگشت سمت  ما جفتمون سکته کردیم    چشماش ترسناک شده بود واقعا,FEAR
5155,من هيچ سالي تا الان واسه عيد خريد نكردم   بدم مياد  ,HATE
5156,از ملا علی پرسیدن گفتن یعنی چی با ۴تا حرف اینا به هم محرم میشن؟  ملا علی ۴تا فحش آبدار بهش داد  شاه به شدت عصبانی شد  ملا گفت من که کاری انجام ندادم۳؛۴تا کلمه گفتم.  ملا گفت همونطور که این الفاظ شما رو عصبانی میکنه  ۴تا لفظ عربی هم این دوتارو محرم هم میکنه   الان فحش بدم ناراحت نمیشی؟,OTHER
5157,خب اوناییکه من دیدم این بوده ,OTHER
5158,متنفرم از ظرف شستن مخصوصا قابلمه و ماهی تابه  ,HATE
5159,دقيقااا شانس من داشتن دوستاي خوبي مثل شماست به بهه  اصلنشم ماچ ب كله ي خودت ,HAPPY
5160,رقیه جان خودت برای ما کاری کن...  شاید خدا به خاطر شما ما را هر چه زودتر به غریب ترین پدر جهان برساند ,OTHER
5161,اولین باره یه چیز گرون خریدم (روغن آرگان کره ای) میترسم بهش دس بزنم خراب شه  مغزم فقیره کلا ,FEAR
5162,همه دارن این فوبیا رو . فقط کم و زیاده ,FEAR
5163,بیخیال بابا اینا هولن ,ANGRY
5164,از کجا می فهمند؟   ,SURPRISE
5165,سنگیناش با پسره    (متنفرم از ای رسم و رسوما ),HATE
5166,همین منوچهری دامغانی خودمون؟         عجب موجود عجیبی بوده!  واقعا در بیان همچین جزئیاتی از تخیل رده باید به جنون رسیده باشه,SURPRISE
5167,فیلم ترسناکه مگه  ,SURPRISE
5168,دم شوهر عمه ات گرم  احتمال عمه شما خیلی بهش فشار میاره که از خرس دیگه نمیترسه   ,OTHER
5169,آ ه،واسه همین حسودی میکنیم ,OTHER
5170,من انقدر میترسم که همیشه به دکتر میگم سه تا امپول بزن  ,FEAR
5171,خداروشکر نیس من حتی از دست دادن بدم میاد  ,HATE
5172,دقیقا، از بیکاری متنفرم واسه همین هر تایممو با یه چیزی پر کردم ولی الان قرنطینه نابودم کرده   منم خوشوقتم ,HATE
5173,باید رو خودم کارکنم تا اون خنده لعنتی توش اینقد رو اعصابم نباشه   @weareoneEXO,ANGRY
5174,بدبخت رو چطوری پیچوندیش ,OTHER
5175,فقط از یه ایرانی بر میاد  ,OTHER
5176,بله واقعا منم ترسیدم اما نتونستم نگاه نکنم  ,FEAR
5177,یه خواب ترسناک دیدی که خیلی روت اثر گذاشته با گذاشتن یخ برطرفش کندادا ,OTHER
5178,اخ که چقدر از پاییز بدم میاد ,HATE
5179,اخه تو چرا منو فالوو نميكني  ,ANGRY
5180,باند چیچیه.  ما که فقط نقد فیلم و فلسفه میکردیم.  من فحشامو جای دیگه میدم!     ,ANGRY
5181,چرا خب؟ ,SURPRISE
5182,من بدجور يكيو سر كار گذاشتم هنوزم ازم متنفره ,OTHER
5183,عجب سوال سختی   ,SURPRISE
5184,شوهر عمه س دیگه  همیشه کارای عجیب وغریب میکنه,SURPRISE
5185,میخوام ولی نمیشه . اصلا راه نداره با سوسک کنار بیام  جدی میگم هر کاری تاحالا کردم نشده . فوبیا دارم,FEAR
5186,نیازمندی ها  سحر ، حرم ، ۲رکعت نمازِ زیارت ,OTHER
5187,نمیدونم چرا البته کیفمو زدن ها  هنوز ترسشو دارم,FEAR
5188,تک پرس ۱۸۰ کیلو داداش ,OTHER
5189,فکر خوبیه ممنون از راهنماییت ,HAPPY
5190,انشاالله آرومتر بشید به حرفام فکر کنید  الان عصبانیتتون رو درک میکنم ,OTHER
5191,سگ تو روحت که اینقد جدی دلقکی  ,ANGRY
5192,آره ما مثل ماشین هشتگ میزنیم!  وقت میذاریم  زندگی مون رو میذاریم  وحشت تو از اتحاد ما دیدنیه!  به جرات می تونم بگم توییتر تاثیرگذارترین رسانه است   #WeSupportPolandSummit,HAPPY
5193,همه اختلاس کننده ها  ,OTHER
5194,تا حالا کسی نگفته فریب خوردین  بدبختت می کنند      میگن امام زمان عج  ظهور کنه اول گردن بعضی مسوولان حوزه ها رو می زنه,ANGRY
5195,جاااااآن؟  واسه کجای پایینتون دقیقا؟؟؟؟ ,SURPRISE
5196,کلا از سرک کشیدن تو زندگی بقییه نفرت دارم  نمیدونم بعصیا چجور به خودشون جران میدن اینقدر صریح برا بچه داری کسی نطر بدن ,HATE
5197,یعنی با اینهمه صحنه و حوادث وحشتناک واقعی تو مملکتمون بازم دنبال هالووین هستی ,SURPRISE
5198,طباخی جان واقعن کجاش خوب بود. انگار نطق انتخاباتی می کرد ,SURPRISE
5199,یه جوریه  ,OTHER
5200,خاک عالم،!!نگین،،،الان دکتر زالی و جهانپور میشنون و میگن اینها،پروتوکولها رو اجرا نمیکنن!اونوقت سلامی با یه بلندگو میادومیگه:چرا؟!..‌همین شماهایید منشا کرونا!!! ,OTHER
5201,بگو نترس ,OTHER
5202,تا رشتو تموم بشه فشار عصبی ترکوند منو خدا به داد شما رسیده اون موقع ,ANGRY
5203,عجب دقیقه تو دقیقه ای شد  ,SURPRISE
5204,مگه انیمیشن ۴بعدی هم داریم ,SURPRISE
5205,کمی تند باشه ,OTHER
5206,زوداشکم درمیاد مخصوصاوسط دعوااگه یکی سرم دادبزنه خیلی جاها ج داشتم ولی بغضم نزاشته بگم ازین حالت خودم متنفرم نمیدونم براچی گریه مکنم دقیقا ,HATE
5207,خدایا شکرت هیچ وقت به استتد نگفتم  نون بازومو خوردم ,HAPPY
5208,همینجا خبر خوب شدنتو میدی ترس چیه مشتی ,OTHER
5209,وایی ,OTHER
5210,یه خورده دوز خشونتت بالاس و برگهایم ,SURPRISE
5211,این بی خیالی ملت بی خاصیت مارو گاعیده. تو فکر عیدن ,ANGRY
5212,اگه اینو نوشتی که دوستی رو هول بدی که مستقیم این کار رو بکن وگرنه هرکی هرکاری میکنه چقدر اهمیت داره مگه   چرا انقدر حرص میخوری برادر  ,OTHER
5213,برای من پیغام اومد لاک شده رمزوردتو عوض کن اینکارو کردم و تونستم وارد شم علتش چی بوده نریمان خان لندن نشین !!! ,SURPRISE
5214,وااای دقیقا همین شکل جدی چه خوب ک اینجا هست اعصابم نابود بود ، چسبید  ,HAPPY
5215,چ ترسناک ,FEAR
5216,امروزه تقریبا همه مادرا بچه هاشونو شدید دوس دارن و این باعث لوس بازی و ترسو شدن شده  ,OTHER
5217,دنیا کیه کلک؟ ,SURPRISE
5218,تو خطرناکی ,FEAR
5219,از لندن توییت میکنی؟   ,SURPRISE
5220,"""ای بابا میخواستم """"خیر"""" و بزنم اشتباه شد بله نمیشه کاریش کرد؟ اعصابم خورد شد   اه بد شد  """,ANGRY
5221,مرسی مرسی از محبت شما  ,HAPPY
5222,هم زشتم هم اخلاق ندارم چشم,SAD
5223,مگه حاملگی افتخاره؟؟؟ ,SURPRISE
5224,د آخه اینم به احتمال ۹۹% مثل اون ماشین آب سوز که رشید پور آورد شارلاتانی بیش نیست می خواد مخاطب‌جمع کنه  ,ANGRY
5225,عسلی باشه ترسناک نیس جذابه ,HAPPY
5226,نایاکی‌ انقدر تو امریکا اسمش بد‌ درفته که دیگه فحش‌ حساب میشه  #ProtestAgainstNIAC,OTHER
5227,پوست و مو نه، چشم آره ,OTHER
5228,ان شاء الله. تشکر از دعای خوبتون  ,HAPPY
5229,خودتون با لیست درپیت امید گند زدین به کشور حالا طلبکارم هستید؟!  درست عمل میکردید طرفداران خودتون به لیست اصلاحات با سرلیستی انصاری رای میدادن.  تقصیر را گردن این و اون نیندازید...  منتظر #مجلس_انقلابی باشید ,ANGRY
5230,   هیچ دروغی پایدار نمی ماند.  کسی که دروغ می گوید می ترسد و کسی که می ترسد اشتباه می کند. چنین کسی آمادۀ روبرو شدن با ترسش نیست و اگر همچنان به پنهان کردن ترسش ادامه بدهد، همان ترس، او را از پا در خواهد آورد.  این یک قانون جهانی است و با هیچکس تعارف ندارد.  ,OTHER
5231,انقدر از این متکاها و چک و لگدای علاقه‌مندانه خوردم من  نمیشه بدون درد ابراز علاقه کرد مگه؟؟؟,SAD
5232,شماره هم باید بدی تازه وگرنه که دیگه شورشو از بی ادبی دراوردی  ,ANGRY
5233,رفتنم نمیاد   الان نباید یکی بود میرفت برام یچیزی میاوورد  شکم منم بی حنبه اسم خوراکی میاد گشنش میشه ,ANGRY
5234,دوسه سال طول میکشه تا حالت خوب بشه    بعدش واسه خودت زندگی میکنی و میتونی اونجوری که دلت میخواد رقمش بزنی    از هیچی نترس تو خیلی قوی هستی که ۲۷سال دوام آوردی به خودت ایمان داشته باش روزای قشنگی پیش رو داری ,OTHER
5235,چ عاشقانه ,HAPPY
5236,الان کاملا قانع شدم که به شدت از مهریه متنفری  ,HATE
5237,سروری  ,HAPPY
5238,چقدر ک بدم میاد ازش ,HATE
5239,به دختر داییم میگم بیا توییتر جو خیلی عالیه بچه ها اکثرا با هم دوستن  میگه : وااای نه شماها خیلی بی ادبین  آیا ما واقعا بی ادبیم ؟ ,SURPRISE
5240,چیزی نمیشه گفت  صدامون بجایی نمیرسه   ,SAD
5241,تو دیگه تو تایم‌لاین انقلابی‌ها مرده محسوب می‌شی  دست و پا نزن  پروژه‌ت نا تموم موند  ,HATE
5242,برا خانوما چه سرگرمیایی هس من برم خیلی میترسم از دندون پزشکی ,FEAR
5243,یاد داداش فضول خودم افتادم اعصابم خورد شد ,ANGRY
5244,ترس چرا   مث یه رفیق دور همی خنده گریه شوخی شیطونی  ,SURPRISE
5245,عجب!!!! با چه مجوزی به خودشون یه همچین اجازه ای میدن؟؟؟ ,SURPRISE
5246,کوفت ,ANGRY
5247,نمیخورییییی؟   چطور میتونی گوشت نخوری رضا ,SURPRISE
5248,فردا شب جمعست ، میترسم v.behdasht درخواست نامتعارفی داشته باشه ازمون  ,FEAR
5249,به چشم خواهری خیلی خوبی  ,HAPPY
5250,خدانکنه که   عزیزی ,OTHER
5251,من میگم چرا فالوت نداشتم!!!  تعجب کردم  ,SURPRISE
5252,اوف اوف  منم بدم میاد  ,HATE
5253,به من انقدر شده کارمند بانک یا غیره تبریک میگن اما من اصلا خوشحال نمیشم میدونی چرا چون شناسنامه ام رو چند ماه بزرگ کردن و تاریخ تولد واقعیم نیس   تازه چند ثانیه تعجبم می‌کنم تا دوزاریم بیفته میگم اوه مرسی,OTHER
5254,آره  میدونم ,OTHER
5255,خیلی بده..  متنفرم از این صداها  ان شاء الله مشکلات همه حل بشه  ,HATE
5256,جای وحشتناکیه ,FEAR
5257,شعار بدن مشکلشون حل میشه؟!   واقعا که پیرمرد خردسال!  همون تو با شعارهای مزخرف بندتنبونی ات ما را به روز سیاه نشوندی بسه پیرمرد فاسد خرفت.,ANGRY
5258,احتمالا عدم صدور مجوز بصورت مستقیم نبوده یه چیزی مثل «هرجور خودت دوست داری» بوده که هر مرد فهمیمی متوجه منظور مستتر درونش میشه  ,OTHER
5259,واقعا امتحان میکنید؟! چه حالی داریا,SURPRISE
5260,آخ گفتی  ,OTHER
5261,"""   ما """"باور"""" داریم خدایی قوی‌تر از قدرت‌های کفر داریم!   اما """"باور"""" ما در """"فهم"""" اون‌ها نمی‌گنجه!""",OTHER
5262,به یک نفر خانوم پرتلاش و سحرخیز جهت تعویض کارت ملی ، تعویض شناسنامه ، پیگیری سه عدد کارت بانکی که(گم شده ، مسدود شده ، رمزش فراموش شده ) و گرفتن رمز پویا برای هرسه عدد نیازمندیم.     پ.ن:از کاربانکی و کار اداری متنفررررررررم ,HATE
5263,ای وای بلا دور باشه ازت,SAD
5264,خدا از سر تقصیراتت بگذره نصف شبی ما رو میترسونی  ,FEAR
5265,چرا وقتی پای اعتقادات مردم وسط هست روشن فکریتون گل میکنه؟ این همه دزدی و اختلاسی ک انجام شد کدوم قبرستونی بودید ,ANGRY
5266,محرم کیه؟  ,OTHER
5267,بعضی آدمها رو آدم درمانده میشه چی بهشون بگه.... اینم یه نمونش بوده....  ,OTHER
5268,بهتره بگيم عجيب بود  ,SURPRISE
5269,منم  چراا واقعاااا؟؟!,SURPRISE
5270,شما به اعصاب خودتون مسلط باشین ,OTHER
5271,دقیقا   امثال پدر شما دیگه الان خیلی کم پیدا میشه خدا حفظشون کنه   انگار دیگه مردم محبت کردن رو کلا فراموش کردن,SAD
5272,می‌دونم    ولی رنج زنان قدیم برام غیر قابل تحمله، گاهی اوقات میترسم که نکنه همسر آینده منم اینجوری باشه ,FEAR
5273,ممنونم  من چون تاحالا جایی مشغول نبودم همه ش ترس از کار دارم و اینکه روزمه مو مسخره کنن یا هیچوقت مورد قبول واقع نشه ,FEAR
5274,امروز نخوردم صبحونه و عصبیم ,ANGRY
5275,حالا فكر كنيد با اوضاع فاضلاب شهري!اون يكي منجي بدبخت چي ميكشه!   (عجب لاطائلاتي بخورد ملت ميدن),ANGRY
5276,مردک دو دوره ریس جمهور بوده یه دوره دیگه با تقلب شده تازه یه دوره دیگه هم میخواسته با شارلاتان بازی بشه، اونوقت ملت صداشون درومده شدن کودتاچی  ,ANGRY
5277,خب سالاد اینا چی میل دارید؟؟ ,OTHER
5278,خو اگه درد موقته ک خوب میشه دیگه ,OTHER
5279,ب آ چیه؟؟؟ ,SURPRISE
5280,از ترس چاق تر شدن هی کمتر خوردم ,FEAR
5281,ای بابا شرمندمون کردی که عزیز جان ,SURPRISE
5282,اوووووه این دیگه خیلی وحشتناکه ,FEAR
5283,کاش این باشه  دو بعدازظهر، با لباس فرم، بدون آرایش، خسته و زااار، داری میای خونه ت! برات بوق میزنن   نگه میدارن   صدا میزنن   چشم و ابرو میان!!!  من خودم اون تایم از خودم بیزااارم  نمیدونم اینا واقعا چطور میتونن ,SURPRISE
5284,منفور بنظر میاین ,HATE
5285,الان من ترسیدم  ,FEAR
5286,تولد چی هست اصن؟؟؟  ,SURPRISE
5287,از واسه اون دختره kim که قشنگ‌تر بنظر میاد  ,OTHER
5288,چقدر ما دهه ۶۰ ای ها عجیب و غریب و زود بزرگ‌شدبم با کوله باری تجربه  ,SURPRISE
5289,امروز راهبرهای آموزشی اومده بودن مدرسه، به بچه‌ها میگم بازرس اومده، هرکی درس نخونه میبرنش زندان!  میگن: مگه میتونه، شورش میکنیم و پدرشو درمیاریم   حالا زمان ما، بازرس بچه تنبلا رو سوار لندروورش میکرد و میبرد، ۵۰۰متر که از مدرسه دور میشد، ولشون میکرد!  هنوزم از بازرس میترسم ,FEAR
5290,ای بابا گندشو دراوردی ,ANGRY
5291,من کجام ترسناکه؟ ,FEAR
5292,تو این زمینه هم کسی رو هنوز مثل آدم پیدا نکردم ,SAD
5293,اخه واسه قد  شاید فک کرده سنش و پرسیدید ,SURPRISE
5294,فقط ميتونم بگم دنيا و آدمهاش خيلي عجيب هستند و هركدوم از ما از اين رشتو ها توي درونمون داريم كه باهاشون ميجنگيم و زندگي ميكنيم، گاهي از انسان اين موجود دو پا خيلي ميترسم ,FEAR
5295,چه وحشتناک  ,FEAR
5296,شایدم درست باشه...   ولی میشد یه اصطلاح قشنگتری هم به وجود بیاد برا این جور مواقع:))    ذهن منم درگیر شد ,SURPRISE
5297,واقعا نمیدونم چرا پسرا فک دیگ کردن ,SURPRISE
5298,دقیقا وقتی فالوت میکنند ترسی وجودت رو فرا میگیره انگار زامبی دیدی  ,FEAR
5299,این صفت بزدلها و ترسوهاست ,OTHER
5300,من هنوزم متنفرم  گاهی هم که خوابم میبره انگار از وحشیا آوردنم بس که خواب ظهر بهم نمیسازه ,HATE
5301,زشت نباشه رسانه ای که رئیسش توسط رهبر منصوب میشه را قمارخانه می نامید!  ,ANGRY
5302,زشته اینو نگو ما قر نداریم تو کمرمون  ,OTHER
5303,ولی من ترسم اینه گوشیت بدن مریضی جا نمونه ,FEAR
5304,   یه همکار خیلی خوب و آدم حسابی داشتم فقط یه عیبی داشت هر وقت بازخواستش میکردم و ازش ناراحت میشدم میخندید. یه بار دیگه عصبانی شدم گفتم خانم یه دفعه دیگه بخندی اخراجت میکنم . همونطور که میخندید اشکش سرازیر شد گفت من عصبی که میشم و میترسم میخندم    دیگه شدیم بهترین رفیق همدیگه,SURPRISE
5305,گفتی ,OTHER
5306,شتتت  ب چ دردی میخوره ,ANGRY
5307,خخخخخ   عجبی از یه کار ایرانی تعریف کردی داداش  ,SURPRISE
5308,اخه داری غر میزنی ,ANGRY
5309,الهیی ,OTHER
5310,ولی راهنمایی از همه چی متنفر بودم، حتی از ورزش، تاریخ هم اشکمونو در میاورد! فقط معلم شیمی خوب بود، هیچ خاطره خوبی از راهنمایی ندارم  ,HATE
5311,واییی چه وحشتناک ,FEAR
5312,یه شرایط فوق العاده سخت بود وضعیت آب و هوا  و میدون جنگی که اونجا بود  ... فقط دعا میکردیم کسی آسیب نبینه تو اون وضع.... کی بشه فرهنگ سازی شه یسری چیزا تو فوتبال ایران   الکی الکی دو امتیاز پرید  ...,SAD
5313,از هرچی مواد ضد عفونییه بدم میاد دیگه    دا هر زاد ریکا دادی وریر  ,HATE
5314,چطوری به ذهنت میرسه اخه؟ ,SURPRISE
5315,نجف دریابندری مگه اون مترجم خفنه نیست؟کتاب آشپزی هم داره؟ ,OTHER
5316,من از همه چی بجز ماکارونی و خورشت قیمه متنفر بودم  دیگه حساب کن چی بودم  ,HATE
5317,حرفشون درست بوده ! من امروز برداشت کردم.از کل واریزی ۲۰ت کسر شد! یعنی درواقع واریزی کامل بود ولی ۲۰تومنش قابل برداشت نبود  منم تعجب کردم,SURPRISE
5318,من نمیترسم یعنی تا وقتی به من نزننش نمیترسم ولی وقتی قرار باشه من بزنم  جیغ میکشم هوچی بازی در میارم تهشم داد بیداد میکنم اگه بتونم در میرم ,FEAR
5319,بخدا اعصاب نمیزارن واسه ادم ,ANGRY
5320,خداوندا ... میترسم بشه اون سروری که چند وقت پیش بعد از 2 سال آپتایم ریستارتش کردم و دیگه بوت نشد !  ,FEAR
5321,اون صد البته  فقط دوست دارم بدونم عکس العمل مامانتون چی بود؟  من که بجای شما میترسم ,FEAR
5322,من واقعا نفهمیدم این توییت رو. میشه یکم واضح تر بگید؟  اینقدر حرف های مختلف شنیدم که ترسونده شدم از خواستگاری رفتن. ۲۸ سالمم هست ,FEAR
5323,به اونایی که تماشا می کنن حس امید میده؛  اما اونایی که تو صفَن همشون فوبیای نرسیدن نون دارن!! ,OTHER
5324,نمیخواد بده بخورم  ایجاد رعب و وحشت میکنه   و الا یه هفته سمن دارم سوپ میخورم ,FEAR
5325,اگه منم همچین معلم شیمی ای تو مسیر زندگی قرار میگرفت الان بجای نفرتب ک ب شیمی دارم عشق و علاقه بود  ,OTHER
5326,تافل واقعا پنج هزار دلار؟؟ ,SURPRISE
5327,۴۹سال پیش چجوری شیو میکردن ,SURPRISE
5328,چجوری اخههههه  ,SURPRISE
5329,عجب جیگری نازی هستی عزیزم ,OTHER
5330,اگه به همین میزان اکتفا کنن که خوبه! میترسم بعدش اپدیت های جدیدتری ازشون ببینیم! ,FEAR
5331,تاکور شود چشم حسودان،البته بدجوری از اینهمه همبستگی #مردم_ایران میسوزید   نوش جان,ANGRY
5332,چقدر خوبی شما  ,HAPPY
5333,درکش وحشتناکه واقعا  ,FEAR
5334,واسه بعضی‌ها عجیبه  ,OTHER
5335,انشاءالله با کسی که ازش متنفری ازدواج کنی ,HATE
5336,من: کتلت برات لقمه بگیرم بخوری؟؟   خواهرم: نه گفتم که کتلت دوس ندارم   من: کتلتو جلو خر بذاری گوشتخوار میشه تو چجوری دوس نداری؟؟   بابام: الان ببین سینا گوشتخوار شده   من:   خواهرم:     برگرفته از واقعیت,ANGRY
5337,میگفتی گزینه  همه یا هیچکدام ,OTHER
5338,راستش من چون تابحال اینکارو نکردم میترسم بیام پایین خودم بزنم بلد نباشم ضایع شم ,FEAR
5339,دیگه از مرگ نترسونمون  ,OTHER
5340,ترسناک ولی خوشمزه  ,FEAR
5341,خیلی نامردیه ,SAD
5342,یکی از دوستام داداشش خیلی گیر بود بهش. یه بار لجمو در اورد منم رفتم پیج زدم به اسم داداشش فالوش کردم. از ترس پیجشو پاک کرد هنوز عذاب وجدان دارم,SAD
5343,ما رو که بردی اونجا و آب خالی هم ندادی!!!!  تک خوری کارِ ناجوانمردانه‌ایست!!!! ,SAD
5344,یه ذره هم پرخوری کن چاق شو  ,OTHER
5345, واقعا ترسناک,FEAR
5346,یکی بهش بگه بدبخت شدی بدبخت شدی ,OTHER
5347,تونل ترسناکه  ملت رو میشن توش عرعر میکنن ,FEAR
5348,وقتی بگیم میرن     چند بار بگیم اصن ؟  ,SURPRISE
5349,راستش بلد هم نیستم   دوست دارم یاد بگیرم ولی چون همش بیمارستانه و منم میرم و میام میترسم ناقل باشم. وگرنه صددرصد میومدم,FEAR
5350,حواسم جمع، شما بپا تبرت اشتباهی ریشه کسی رو نزنه!  ,ANGRY
5351,نه بابا منم دارم گولش میزنم که بیاد ,OTHER
5352,از مرده اش هم میترسند ,FEAR
5353,گولم زدیا ,OTHER
5354,يه بار يكي از ارزشياي كلاسمون بهم گفت چرا ميذارين شما رو به اسم كوچيك صدا كنن،شما نازنين نيستين شما خانوم فلاني هستين  و كلي حرف ديگه و موقع گفتن اين حرفا از عصبانيت بغض كرد و يه ليوان يه بار مصرفي كه دستش بودُ جر داد   ,OTHER
5355,آره اصلاً ارزش خبری این توئیت به همون #شگفتی اشه.  ,OTHER
5356,همسایه های ما انقدر فضولن  که دخالت میکنن   و در خونه اون طرف رو میزنن ببینن  چی شده ,ANGRY
5357,پروتر ازین حرفان   میترسم سرفه کنم منو تو اتاق خونم قرنطینه کنن ,FEAR
5358,من همیشه از پروفسور اسنیپ میترسیدم  ,FEAR
5359,هادی اگر‌ تویی که کسی گم نمی شود...   میلادت مبارک هادیِ دلها,HAPPY
5360,«عارمان میاد»   مدتها بود این اصطلاح رو نشنیده بودم  شما کرمانشاهی هستی؟,SURPRISE
5361,جالبه ما واسه ۱۰۰۰ تومن بدهی شب خابمون نمیبره و از عواقبش میترسیم ولی به اینا هیچی نمیشه هرروز دارا تر هم میشن ,SURPRISE
5362,بدم میاااااد از چاپلوسی ,HATE
5363,یه پسره هست هرروز میاد ماشینش میذاره پارکینگ انقدرررررر ازش بدم میاد چجوری بکشمش ,HATE
5364,میترسم بگم جنبه اشو نداشته باشه  ,FEAR
5365,واقعاً ک..   زودترم اعتراف نمیکنن آدم با پشت دست برع یه جاهایی یه چیزایی خرد بشه بریزه تو اون یه جا ها..   اعصابم خرد شد چایی لطفن.  ,ANGRY
5366,"""متنفرم ازینکه هنوزم که هنوزه ازدواج و به اصطلاح """"عروس شدن"""" برا دخترا موفقیت و ارزش محسوب میشه!دخترخالم نزدیک ۳۰ سالشه،دکترای زبان فرانسه داره و ۴ ساله فرانسه اس، هروقت ازش حرف میشه خالم میگه""""باید سن پایین ازدواج کرد با مدرک پایین، هرچی بالاتر بره دیگه دلش نمیخواد ازدواج کنه"""" """,HATE
5367,عاره راست میگیا ,OTHER
5368,گفتی طوطی یاد معلم کلاس پنجم خودم افتادم.  که خیلی از عبارت #طوطی‌وار استفاده میکرد.   بعد من همش فکر می کردم میگه #تو_دیوار  هی با خودم میگفتم درس خودندن تو دیوار چجوریه؟! و هی تعجب می کردم.  ,OTHER
5369,چقدر ترسناک  ,FEAR
5370,میدونیم میــــــــــــــــدونیم ,OTHER
5371,قاضی صلواتی شدی؟؟؟ ,OTHER
5372,فوبیای منه ,FEAR
5373,فک میکنن تو خوده خوده ناف نیوجرسی هستن  ,OTHER
5374,اهمیتی نداره اون انگل‌ها از چه کسی متنفر هستند مهم اینست که ملت ایران عاشق چه کسانی هستند  جاوید باد خاندان پر افتخار و شریف پهلوی  ,HATE
5375,برای ما ترسوها وحشت داره   یه دوستی دارم ۲۰سالگی ازدواج کرد  چند ماه پیش دیدمش در حالی که با دخترش تو پارک تمرین میکردن  دخترش فوتسالیست حرفه‌ایه!   ,FEAR
5376,خر ک فحش نی ,OTHER
5377,زن خوب دیگه از نوع بدش باورت رو به شیطان و جهنم زیاد میکنه ,OTHER
5378,اخ گفتی ,OTHER
5379,والا..از صبح تا بوق سگ کار میکنی ...انگار نه انگار...   ,SURPRISE
5380,الان چیشد اسمش؟ ,OTHER
5381,دم‌تون گرم  ,HAPPY
5382,من برات میترسم  نگرانتم  مواظب خودت باش ,FEAR
5383,چله برداشتم اصن  ,OTHER
5384,اصن واقعا ,OTHER
5385,شما به بزرگی خودتون ببخشید  نفهمند دیه،چیارشون کنیم ,ANGRY
5386,اصن دلار که گرون شد ملت حب دنیاشون یهو ریخت ,SURPRISE
5387,چند کیلو پرس سینه میزنی؟ ,OTHER
5388,من از دوس پسر دوستم خوشم نمياد  دليلشم حسادت نيست،دليلش چيزايي كه از پسره ديدم،ديدم چقدر دوستمو ازاد داد،بي مسئوليتيشو ديدم،ازش بيزارم ولي هيچوقت به دوستم نشون نميدم...  شايد دليل دوستت همين باشه ,HATE
5389,چوبشو یادمه ,OTHER
5390,برو باباااا،آره چون همه عمه هات،تو بگو چرا وقتی گفتم نوتیف داری دیگه جواب ندادی ,ANGRY
5391, بنده خدا فک کنم از ترس هیولا خوابش برد!,FEAR
5392,ولی من ازش متنفرم ,HATE
5393,نژادپرستِ بی ادب  ,ANGRY
5394,تناسلی چکار کردی زم داده دادو بیداد میکنه؟ راستشو بگو ویشگونش گرفتی؟ چه آتیشی سوزوندی زود باش بگو مردم از فضولی ,OTHER
5395,آقا حامد کجا؟؟؟؟؟؟؟؟؟؟  دی اکتیو نکنی یه وقت.   ,SURPRISE
5396,از این ننر بازیا بیزارم ,HATE
5397,خشم و کینه ای که بافحش هم تخلیه نمیشه خواهرک. هم خشم از این ادمخواران، هم ادمایی که اذیتمون کردن ولی زشته تواین سن ، بلند فحش بدم ,ANGRY
5398,من موزیکایی ام که میگفت دانلود میکردم  ,OTHER
5399,چرا؟ ,SURPRISE
5400,بهانه ست که   به چه زبونی بگه نمیخواد  ,ANGRY
5401,ترسم اینه که زیباترش در راه است ,FEAR
5402,وای من فوبیا دارم به شنیدن اینا  ,FEAR
5403,شاید   واقعا   ,SURPRISE
5404,چرا میبینی  ,OTHER
5405,به تنهايي اونقدر عادت ندارم ،ولي اعصابم خورد شده كه همش بايد بكپم تو خونه چون پايه ندارم  ,ANGRY
5406,"یکی هس خیلی خوبه زیادی,   حالا من هرکاری میکنم توئیت بیاد توذهنم که به اون ربط نداشته باشه لنتی نمیشه,انگاری همش میخام واسه اون توئیت کنم,   شمام شدین از این خل ذهنی ها ؟   یا من قاطیم اول سالی  ",ANGRY
5407,مدیرعامل شرکت یکی از دوستام دیروز تو خونه دوست دخترش سکته کرد و مرد! حالا همه موندن چطور جمعش کنند. به منم زنگ‌ زدن یه رب مشاوره دادم    این تازه سفرکرده جز گنگ ماست، تا آخرین لحظه انتقامش گرفت و سبکبال رفت!    #کجایند_مردان_بی‌ادعا,OTHER
5408,مرسی عزیزم ,HAPPY
5409,عجیب قبول دارم ,OTHER
5410,از معقول رفتار کردن متنفرم ,HATE
5411,اگه واقعا اون فسادها بوده ورسیدگی نمیشده واقعا برگزاری اون فساد های چند میلیارد تومانی گول زدن  وسر گرم کردن مردم بوده    در ضمن منتظریم اون اقازاده هایی که املی لاریجانی ازش یاد کرده محاکمه بشند ، چرا کسی از اونا سراغ نمیگیره، نکنه خودیند؟ دختر وزیر نیستند که مدام نمایش بدن ,ANGRY
5412,كوله به دوش از شركت زدم بيرون اومدم ترمينال غرب سوار شم واسه رشت  فكر ميكنيد چند؟ هفتاااااد هزارتومن  انگار از خواب اصحاب كهف بيدار شدم  ,SURPRISE
5413,خب توییتو خوب بخون دیگه نوشتم جواب رد که ,OTHER
5414,باشد ,OTHER
5415,دختر دیدم و هنر مندم و از ریاضی به طرز اسفناکی متنفرم  ,HATE
5416,دقیقا هربار که روسری رو به اجبار سر میکنم انگار یه جون از جونهام کم میشه   همین مساله منو غیراجتماعی کرده!   حس نفرت تمام وجود آدم رو میگیره وقتی کاری رو به اجبار انجام میده.,HATE
5417,نه دست خودت   پستات همه خوبه ها  همیشه پستای من میبینی عصبی میشی ولی,OTHER
5418,چقدر بعضيا عقده دارن آخه ,ANGRY
5419,تخم جن مگه نبودن؟   تخم سگ فحش خیلی بدیه ها  ,SURPRISE
5420,از بچگی ؟   خب منم قبل از دارو اینجور شدم یه مدت خوردم و چون متنفرم از دارو، نخوردم و کم کم خودم درستش کردم,HATE
5421,باور کردنی نیست  ,SURPRISE
5422,از پیاز متنفرم ,HATE
5423,خب چیشد اخرش؟  الآن میدونه ,OTHER
5424,حرف نداره مشتیه  ,HAPPY
5425,لوسیون چی   خارج کشور آقایون همه لوسیون پوست برای جلوگیری از خشکی پوست بعد از حموم استفاده می کنند حتی تو تلویزیون تبلیغ میشه  موردش چیه؟ ,SURPRISE
5426,جابجایی  تو دیگه  ,OTHER
5427,پس یدونه نصف و نیمه بگم.شب رفتم حموم اومدم بخوابم وقتی سرمو میچرخوندم رو بالش گوشم میفتاد صدای عروسی میومد اخرش رفتم پیش ننم خوابیدم از ترس,FEAR
5428,آدم تا آخر عمر میترسه تو هر زمان از یه چیز زمانی دیگه نمیترسی که زندگیت تموم شده باشه ,FEAR
5429,از کودکی به کرد و کردستان علاقه داشتم  از بس که فقط ازشون صفات و رفتار خوب دیدم و شنیدم  ,HAPPY
5430,آره واقعا. البته هنوز سرد بود کمی و خیلیییی شلوغ ولی به ما که خیلی خوش گذشت ,HAPPY
5431,نخورتت یه وقت؟؟!!     از چی میترسی؟؟ دوستته دعوتت کرده، نهایتش اینه که جیغ میزنی و فرار میکنی ,SURPRISE
5432,نمیدونم امیدوارم پیدا بشه براتون ... من فکر کنم انقدر تنها بودم که ترس دارم ,FEAR
5433,مملکت نداریم که سرزمین وحشته  ,FEAR
5434,کجاست اشناشیم ,OTHER
5435,طرف با اکانت سرتاپا فیک و ناشناس میاد فحش میده که چرا حمایت نمیکنی  ,ANGRY
5436,میگم چرا منو فیو نمی زنی ,OTHER
5437,منم اولش عصبانی میشدم  دیدم از دست زفته ,OTHER
5438,مسخره‌ش نکنین خب :)))) منم میترسم  ,FEAR
5439,پلیس فتا میگه من‌نبودم. قاضی هم گفته من نگفتم . پس کی بوده؟ حتما کار کار مردمه . مردم دستور دادن ، زنگ زدن گفتن اینا چیه فیلترشون کنید مثل تلگرام که مردم شکایت داشتن . بعد مفسدین اقتصادی چی مردم نمیخوان؟   ,ANGRY
5440,اول واقعا تعجب کردم   منی که نه سر پیازم نه ته پیاز!  ولی الان میبینم خیلی خوب شده  بنده خدا وقت و بی وقت زنگ میزد و میخواست غیبت کنه، منم جواب نمیدادم و ناراحت میشد ,SURPRISE
5441,هر کسی که منو بغل نکنه زنبور نیشش بزنه!!  رو مبل نشسته بودم دومی اومد بوسم کرد منم بغلش کردم  اولی هم خودشو جا کرد تو بغلمون  سومی اما نشسته سر جاش و میگه هر کسی که منو بغل نکنه زنبور نیشش بزنه!   میگم پررو خوب توام پاشو بیا اینجا  میگه نه خودش باید بیاد اینجا ,OTHER
5442,ممنونم، دلتون شاد باشه ,HAPPY
5443,از الان از ترس اینکه تاسوعا و عاشورا راه های شمال بسته بشه ریختن جاده چالوس جا نمونم یه وقت   همینقدر...,FEAR
5444,  بی لیاقتاااا,ANGRY
5445, چرا !؟,SURPRISE
5446,شاید باورتون نشه ولی من حتی یه بارم مختارنامه ندیدم   حتی ندیده ازش بدم میاد ,HATE
5447,قرار نیست واسه صنف خاصی توییت بزنی  ، یه توییتم واسه مهندسا بزن ، فردا همه میرن سمت دکترا، دیگه کسی به مهندسا  دل نمیده ,OTHER
5448,چقدر جالبه،بمونید برای هم ,SURPRISE
5449,سخت نگیر   با ترس هات روبرو شو.  توی دو متری ام بود خفتش کردم ,OTHER
5450,نمیترسوندن اصن  ,OTHER
5451,کاملن درست میگی نسرین جون  منم شنیدم که مثلن میگن: مگه روان شناسا هم عصبانی میشن ؟  خب بله که میشن  اونا هم انسانن دیگه  ,ANGRY
5452,آقا همین شما اگه یکی شاکی بشه شاکی میشی میای اینجا لت و پارش می‌کنی که  ,SURPRISE
5453,یعنی میخت حلال این سگ‌‌صهیونیزم‌ها  ,ANGRY
5454,کیه؟  https://t.co/E0lbhO20ew,OTHER
5455,شما اگر چاقی چرا حرصتو سر من خالی می‌کنی!؟ ,SURPRISE
5456,ما ترسناکیم خدایی ن خدایی  ,SURPRISE
5457,وقتي ميگي به خاطر تو اصن نگران ميشم    (وي توييت هاي قبلي را در نظر ميگيرد),FEAR
5458, منم این ترسو دارم,FEAR
5459,از گناه متنفر باش نه از گناهکار .... ,HATE
5460,  ممنونم ازت از ظلمات دراومدم   ارادت  ,HAPPY
5461,میترسم حتی لایک کنم ,FEAR
5462,من حتی وقتی اینو میخونم تپش قلبم میره بالا  نه بخاطر خجالت  بیشتر بخاطر درد و ترس  کاش بیای بگی نه عزیزم اصلا ترس نداره ,FEAR
5463,وای ، وای.باور کنید از زمانیکه این خبر رو شنیدم.وحشت سراسر وجودم رو در بر گرفته حالا یکی عکس ویروس کرونا را با ماسک پست گذاشته بود.ویروس کرونا هم از این ویروس وحشت داره.حالا چکار کنیم؟! ,FEAR
5464,البته استکهلم سه نفره . باقیشون اوپسالا و یوتبوری و اینان ولی بیخیالی و ریلکسی مردم اینجا برام عجیب و غیر قابل تحمله ,ANGRY
5465, اینجا مدیریت نیست، و این خیلی خطرناکه,FEAR
5466,باید سوارکاری یاد بگیری بعدش ترست میریزه ,OTHER
5467,حقیقتا  ,OTHER
5468,اصلا مگه داریم؟  ,SURPRISE
5469,بافتن همراه دیدن بازی فوتبال  ,OTHER
5470,من از این طبیعت با این قانوناش بیزارم ,HATE
5471,نمیشناسمت، ولی ازت متنفرم  !    پ.ن: کدوم دانشگاه؟,HATE
5472, چه توانی,SURPRISE
5473,ای کاش خواهرم بودی که اینقدر از آمپول نمیترسیدم  هنوزم میترسم  ,FEAR
5474,نمیدونم واقعا  ,OTHER
5475,۱۳+۱ نمیشه؟ ,OTHER
5476,چقدر اعصابمو خورد میکنن اینا ..  یه جمله الان جاشه بگم ..ولی زشته نمیگم  ,ANGRY
5477,اخ گفتی  بدم میاد از این مدل ادما یکی نیست بگه اصن به تو چه ,HATE
5478,مگه دراویش یه مشت انسان خیلی نایس و مهربون نبودن که با تمام کائنات در صلح قرار داشتن؟  مرسی  توییت خیلی خوبی بود ,SURPRISE
5479,سلام عمو شهرام  شما_  ثابت شده هستین  ,OTHER
5480,عجب سعادتی داشتی  ,SURPRISE
5481,اگه سهمتو درست انتخاب کرده باشی ترسی از شاخص کل نداری  ,OTHER
5482,مرسی شیرین خانم زیبا سلامت باشید شب و روز پاییزی شما هم خوش  ,HAPPY
5483,بی محلی به کراش ,OTHER
5484,"""چند دقیقه پیش هم سردار قاآنی یه میس انداخته بود!  پیام داد من خونه ام فردا ما سیزده به """"تو"""" میکنیم نیروهای آمریکا از ترس سیزده به """"دَر""""     +گفتم حله حاجی """,OTHER
5485,اره درسته لقب سردار واسه همین بهش داده بودن.. میگم که تنها خوبیش همین آشنایی ماهاو حتی دهه ۸۰و۹۰ایا که نمیشناختیمش بود    پ.ن. شایدم ترسیدن کسی بپا خیزه و تهرانو فتح کنه ,OTHER
5486,خيلى قشنگه   من عاشق موسيقى كرديم با اينكه متجه نميشم چى ميگن,HAPPY
5487,واقعا!؟   پس چی‌میخوان ,OTHER
5488,تنکیو موری ,HAPPY
5489,یکبار اگر وحشت آژیر قرمز رو تجربه کرده باشن هر مزخرفی که میاد تو مغزشون لیز نمیخوره بیفته رو زبونشون. من با فیو و ریت زدنش بیشتر مشکل دارم! یعنی همفکرش زیاد هست  ,ANGRY
5490,پریساجون ,OTHER
5491,ممنونم عزیزم   هفته تون عااالی ,HAPPY
5492,مگه قطع شده؟ ,SURPRISE
5493,وای خداااا  خیلی وحشتناکه ,FEAR
5494,"""والا میاد منشن میده """" بی ادب """"  """,ANGRY
5495,نه ایشون فقط به دلارررررر میگیرن مواجبشون   شما برو آبو بریز اونجا که داره میسوزه  ,ANGRY
5496,اینجا ملت اینقدر نسبت به معلمای قدیمیشون عقده دارن ما میترسیم بگیم معلمیم  ,FEAR
5497,دفعه اول که در این باره شنیدم تصور کردم شایعه است!  عجب  ,SURPRISE
5498,اللته بهتره قبلش رفع فیلتر بشه تا تو این برآوردها این‌چند هزار ضدانقلاب و سلطنت طلب و منافق انقدر بچشم‌ نیان ,OTHER
5499,من ترسناک نیستم ای ام مظلوم ,OTHER
5500,خب چرا نمیرید ازش شکایت کنید  میشه از رو حساب و شماره کارت بانکی اگه ب حسابش پول ریختید شکایت کنید ازش حساب هاشو تو بانک ها ببندن ,OTHER
5501,چرا چرا می دونم  ,OTHER
5502,همینطوره واقعا کار بزرگ و  ارزشمندی هست ولی متاسفانه بهش توجه نمیشه ,SAD
5503,منظورت این اقا چاقه ک نیست ؟/ ..عاق عزت...,OTHER
5504,آغوش پر مهر امام رضا   هر لحظه   #امام_مهربان ,HAPPY
5505,"""فعلا"""" بهم آره نگفته که ، پس نمیتونم بغلشم کنم  """,OTHER
5506,ترکیب هر چیزی با اخلاق منحط اسلامی وحشتناکه  ,FEAR
5507,یه وقتایی عصبانی میشم میگم دفعه آخرت باشه حرفم و قطع میکنی  چه معنی داره ، یه بارم با یکی تازه اشنا شده بودم هی میپرید وسط حرفم یه دفعه دادکشیدم سرش که بی تربیت دیگه حرفم و قطع نکن،    فک کنم یکم بده اینطوری !!,ANGRY
5508,یه همسایه داریم خیلی آدم ناجوری تو کوچمون. یه خونه بزرگ ویلایی دوتا تلیسمن و ۲تا پرادو دارن.تواین سرما با زیرپوش و پیژامه تو کوچه واستاده بود به حرف.من که دیدمش با بدجنسی گفتم وای یخ نمی زنه مردک قاچاقچی، دخترم یهو میگه ماااادر این چه حرفیه میگی شاید گوسفنداشونو فروختن خب  ,ANGRY
5509,انقد بدم میاد اینجوری ,HATE
5510,موافقم مادقیقا یکیشوداشیم توخانوادمون خفمون کردازبس از شوهرشو علاقش ب خودش میگف سریه سال جداشدن چن شوهر عصبی بود میزدش زد بچه هاشم سقط کرد ,ANGRY
5511,خیلی ریز یه سری پیشگویی هایی کردی که وحشت برمون داشت   ,FEAR
5512,یه آشنام داریم، ماهواره نخریده، میگه پسرم هنوز کوچیکه و این چیزا واسش سمه، مغزش آلوده میشه   _اون شب با پسرش نوبتی قلیون میکشیدن   _وقتاییم که حال نداره، ماشینو میده پسرش برونه     پسره ۱۳ سالشه,OTHER
5513,نترس چیزیت نمیشه کوردی جان  ,OTHER
5514,اخه نه که همه توییت فاخر می زنن گفتم دست اون بی خودا رو هم بگیریم ,ANGRY
5515,شهرزاد چرااااا عاخه ! بيچاره به اين خوبيه كه!! اولين نفري هستي ميشنوم متنفري ,SURPRISE
5516,سیمکشا خرن  ,ANGRY
5517,میکردی؟؟ الان نمیکنی ینی؟؟ ,OTHER
5518,خیلی ترس داره بنظرم ,FEAR
5519,اخ اخ عکسا وحشتناکه ,FEAR
5520,اصلا پل خیلی ترسناکه  ,FEAR
5521, نگوووو ترسناکه,FEAR
5522,دو سه ساله نمیترسم   ممنون اسپرسوی عزیز  ,HAPPY
5523,یه اقایی از من توی محل کارم خوشش اومده من بهش گفتم نمیتونم باهاش باشم    امروز‌مادرشو فرستاده بود سراغم    مادر هم نمیدونم اومده‌ بود وصل کنه ،جدا کنه   دوتا کلمه میگفت بعدش‌ میگفت فققققط غرورمو برای بچم دارم میشکنم هیچ فکر دیگه ایی نکن خانم :))  هنوزم فکر میکنم ازش میترسم :)),FEAR
5524,زیرا مشتی بزنم در دهن استکبار شاه حسن و اون یکی #آشنا شون  ,ANGRY
5525,خیلی دوست دارم شرکت کنم اما چون زیاد کتابخوان نیستم میترسم بیام و اونجا دچار ضربه روحی بشم. پس نمیام. ,FEAR
5526,گفتم  ,OTHER
5527,تغییر علاقمندیها  پذیرش کامل شرایط  ترک موقعیت.  در غیر اینصورت دیوانگی شما را فرا میگیرد.  لطفا زمانی که آرام شدید و تمرکزتون رو به دست آوردید، خوب فکر کنید و در هر صورت بکوشید که از نفرت افزاها فاصله بگیرید.  ,OTHER
5528,بابا ترسیدم ,FEAR
5529,خرگوشا خیلی ترسو هستن طفلی ها  ,OTHER
5530,میپرم بهش جوری که اگه از خودم متنفرش نکنم امتیاز اون مرحله رو از دست دادم ,HATE
5531,مثل نقطه و ویرگول و علامت تعجب و گیومه و... ,OTHER
5532,اونو ديگه چرا؟ ,SURPRISE
5533,آقا دزده،  آقا گرگه ، آقا سگه ، آقا موشه و ...  خورشید خانم ، فرشته خانم، عسل خانم و....   چرا هر چیزی ک چندش آور و خشن و ترسناکه کنار جنس مرد اومده ؟! ,SURPRISE
5534,به خودم مربوطه فضولا اه ,ANGRY
5535,چه وحشتناکه واقعا ,FEAR
5536,ماشالا ب نگهداری  ,HAPPY
5537,ضمنا اون دوست مون که توییتش گذاشتم گفت صبا آذرپیک لااقل یه بار بهش منشن دادم چون سواد و منطق جوابگویی نداشت از ترس بلاکم کرد ولی شما دیگه چه تون بوده بیخود و بی‌جهت بدون اینکه حتی یه منشن بهتون بدم از چی ترسیدی بلاکم کردی   https://t.co/0N1VAc52j9,SURPRISE
5538,والا با اون حجم از علائم نگارشی که شما به کار بستی، هرجور خودت صلاح میدونی داداش. من غلط خوردم  ,OTHER
5539,از ترس خودمم میفتم کنار جسدم ,FEAR
5540,من دیگه واقعا دنبال یه پسرم که اسمش محمد نباشه   حتی مورد داشتیم تا مرز خاستگاری رفتیم بعد فهمیدیم اقا رو مجتبی صدا میکنن ولی شناسنامه‌ش محمد مجتبی بوده!!! حداقل ترکیبی نزنین  ادم گول میخوره خب,OTHER
5541,آره انگار ,OTHER
5542,این ترس من از آمپول چرا نمیریزه پس  ,SURPRISE
5543,همون دیگ   قیافم بچگونه میزنه اینا هم فک میکنن هم سن و سالشونم,ANGRY
5544, نه مگه میشه با شاملو و ابتهاج قهر بود,OTHER
5545,اونقدر بدم میاد از کسایی که در مورد قیافه مردم نظر میدن ,HATE
5546, عجب باگی,SURPRISE
5547,داریم مگه؟   ,SURPRISE
5548,فكر مي كنم خيلي اوقات و ترس هم دارم اما نمي دونم چرا آدم نميشم ! ولي باز به لطف و كرمش اميد دارم . از حق الناسها و غيبتها مي ترسم  ,FEAR
5549,بگم نمیدونم کدوم سمته عجیبه؟؟ ,OTHER
5550,عزیییزم    فضای اتاق برای پرواز کافی نیس ,HAPPY
5551,خب میترسم آدرسم لو بره سرمو بزنن  ,FEAR
5552,قدیمین ,OTHER
5553,:داستان ترسناک  الو از نیروی انتظامی تماس می گیرم ,FEAR
5554,شما با تخطئه کردن پیشگویی ما ره به جایی نمیبری استاد.   بخدا سر لج بندازی ترکیب هیئت رییسه رو میکوبم کف توییتر قند خونتون بیافته ,ANGRY
5555,کی؟  ,SURPRISE
5556,عمرااااااااااا، انقدر خنثاست  ,OTHER
5557,خب این نفرت انگیزه  برای همین که اینجوری نشم کلی حرف به جون خریدم و الان چند روزه سوژه ی جاجرام   البته مهم نیست. مهم اینه که خیالم پیش خودم راحته,HATE
5558,تو برادر همون نیستی که چیپ زد؟  ,OTHER
5559,امروز عجيب ترين كيس مشاوره سال امد پيشم . عجيب از اين نظر كه اومده بودن كلاه منو بردارن .  بابا... اون مدرسه كه شما توش درس خوندين من جلب سيار مديرشو دارم    خلاصش اينكه مي گفتن فعلا ٢٠ هزار دلار بده :)))) مصائب_وكالت,SURPRISE
5560,ترسیدم!  گفتم نکنه روزگار فشار بیاره و اونوقت... قلم خوب و...   توییت ۱۴۰ کاراکتری ۱۰ دلار و بالای ۱۴۰کاراکتر  بیست دلار... ,FEAR
5561,ممنونم‌ لطف کردید نه خوشبختانه اصلن ترسو نیستم برای من هر اتفاقی‌بیفته مهم‌نیست فقط برای عزیزانم‌نیفته،بازم‌ممنون ,HAPPY
5562,کاکو خیلی از حرفاتو قبول دارم ولی یکم عصبی شدی  با فحش و خشونت نمیشه با جهل و تعصب مبارزه کرد چون اونا مطمئنا تو این زمینه قوی ترن!!  در ضمن همینطور که بقیه دوستان هم گفتن پای طناز طباطبایی رو وسط نکش ,ANGRY
5563,من از این جوراب کوتاها بدم میاد  ,HATE
5564,عجیب...  ,SURPRISE
5565,ب خاطر علاقتون باید شاباش بدیم   عجبا ,SURPRISE
5566,قدیمی های توییتر؟   مگه پادگان ,SURPRISE
5567,اینا دیگه دارم شورشو درمیارن  بسه دیگه  با اسم حاج قاسم هر کسی داره  هر غلطی میکنه   ,ANGRY
5568,تو مترو خانومه گفت حجابت!  چیزی نگفتم  دوباره گفت  بازم رومو اون وری کردم  بعد گفت چرا فیلم نمیگیری؟  گفتم برا چی بگیرم؟  گفت میخام مشهور شم ,OTHER
5569,وااااای  کجا؟؟؟؟,FEAR
5570,تقریبا میکنیم اینکارو ,OTHER
5571,دیدمش اعصابم خرد شد ,ANGRY
5572, من اصن رفته دیفالت مغزیم,OTHER
5573,اینکه ترسناک نیست ,SURPRISE
5574,یعنی این شدنیه؟  باورش خیلی سخته(نمیگم شما دروغ میگید) خیلی تعجب اوره,SURPRISE
5575,برای مادراتون چی می‌خواین بخرین؟      #فضولم,OTHER
5576,عجب دیوونه ای بوده اون دیگه ,SURPRISE
5577,منم فعلا با این مریضی جدید نظری ندارم میترسم مغزم ناراحت شه باز بزنه شت و پتم کنه ,FEAR
5578,خانوما ک عطر مردونه نمیزنن ,SURPRISE
5579,همون‌طور که حواس شما به بیماران هست، اونا هم حواسشون به شماست   خدا قوت عزیزم ,HAPPY
5580,تفکرات افراطی ممنوع ,ANGRY
5581,اخ اخ گفتی   انقدر بدم میومد ظهرا میخوابیدن  ,HATE
5582,می خرن؟  باید بستننی و بدی بهش  بعد میگن چرا عمه ها رو فحش میدید ,ANGRY
5583,  سلام مگه قرنطینه  نیست چرا این خالت اینا هی میان خونتون۰ ,SURPRISE
5584,از اون منزجرتر کننده تر اون مرد متاهلیِ که تو مجازی همه فکر میکنند مجردِ و زیر پست خانم ها در حال غش و ضعف رفتنه،دیدم که میگم  ,HATE
5585,آفرین به فهم و شعورت  ,HAPPY
5586,بله در تایید فرمایش شما یاد محاکمه ی ماری انتوانت در انقلاب کبیر فرانسه افتادم ،که وقتی بهش گفتن مردم از شدت ناتوانی نان ندارند بخورن ،ایشون فرمودن :خب برن کیک خامه ای بخورن .همینقدر نادان از جامعه وحقیقت موجود در ان . ,ANGRY
5587,ترسیدم  ,FEAR
5588,عجب فکری...    ,SURPRISE
5589,حالا من بودم زرد میکردم از ترس ,FEAR
5590,تو این وضعیت مالی اره ننه ,SAD
5591,پاینده باشی ,HAPPY
5592,اره سال اخر   دختره میترسید کسی بفهمه، ۲۵ نفر رازشو نگه داشتیم تا اخر سال ,OTHER
5593,از سوسک میترسم ,FEAR
5594,حتی بیانش هم ترسناکه  ,FEAR
5595, من یکی رو تو کمتر یک دقیقه از خودم متنفر کردم :/ نمیدونم برم منت کشی یا نه,HATE
5596,تا حالا کربلا نرفتم، ولی میترسم برم اونجا و از زیارت هیچی نفهمم! آخه معمولا یا مسئول میشم یا بچه فامیلو باید نگه دارم   بی میل هستم کلا,SAD
5597,#وی داره میره ماموریت برون مرزی و سیرن غمگین و ترسیده اس.  ,SAD
5598,خوبیاتون از خداشون باشه. ولی من خودم بشخصه از بحث غذا خیلی میترسم. غذاهای لذیذ مامانامون کجا و این غذاهای..... کجا. ,FEAR
5599,گاهی وقتا باید بخاطر اینکه از گرسنگی تلف نشی از همون غذاهایی ک متنفری استفاده کنی البته خیلی وقتی فقط تلقینه ک از این غذا متنفریم ولی بعد خوردن و امتحان کردن حسابی پاگیر اون غذای میشی ,HATE
5600,استادام ک بدشون میومد از روشم بشون برمیخورد انگار شیمیو اینجوری یاد میگرفتم ,HATE
5601,ما هم به شدت نگران جان در بندی ها هستیم  ,FEAR
5602,کمدام کرمی هستن   ازشون متنفرم  @weareoneEXO  @layzhang  #EXO,HATE
5603,عالی ,HAPPY
5604,چون ب شدت از این تیپ درس ها بدم میاد  ,HATE
5605,به به عجب دانشگاهی  ,HAPPY
5606,و این نشون میده تو کله ی خیلیا جای مغز،   کار گذاشتن که خیلیم ترسناکه!!!,FEAR
5607,آخ ک چقدر از این مقدس سازی الکیشون بدم میاد...یعنی کاری ک تو این بحران ازشون برمیاد همینه؟شهید راه خدمت؟تجهیزشون کن که زنده بمونن چرا برای مرده شون نام گذاری میکنی؟ ,HATE
5608,:/ این دیگه چیه ,SURPRISE
5609,چقدر ,OTHER
5610,نترس از هیچ چیز و هیچ کس   تنها بترس از وجدانت ,OTHER
5611,نه داداش از بچش متنفره میخواد بذارش سر راه   خدایی چی میگذره تو مغزتون از یه مادر همچین سوالی میپرسین؟,SURPRISE
5612,منم از گربه میترسم ,FEAR
5613,عالی ست بانوی اردبهشتی ,HAPPY
5614,آره آره ,HAPPY
5615,کاش مجبور نشم عروسی بگیرم و بتونم با ی مهمونی کوچیک سر و تهشو هم بیارم.اصن از لباس عروس و کفش پاشنه بلند متنفرم ,HATE
5616,عمو نوروز جونم چرا آخه  ,SAD
5617,بجاش دکترید ,OTHER
5618,چ وحشتناک ,FEAR
5619,اره چرا به اون خانم محترم همون لحضه شماره ندادی خجالت بکش  ,SURPRISE
5620,انقدر دوست دارم بيام زير توييتاي غمگين #شيفت_شب تون مسخره بازي دربيارم كه از ناراحتي دربياييد كه نگو. ولي ميترسم تو دلتون فحشم بديد. ,FEAR
5621,این آهنگه اونقدر ازش بدم میاد که بلااااااااااک ,HATE
5622,شت شت شت .جدی میگی؟؟؟ مگه میشه؟؟؟چجوری از بچشون گذشتن بابا مامانت ,SURPRISE
5623,خوب دایی جهنمم واسه مادرا.چیز دیگه نموند بدیم انصافا ,OTHER
5624,اون خنگولارو باش که ده تومن میدادن تاب سوار شن ,OTHER
5625,فک من ب زور بربری رو تحمل کنه لاستیک آخه ,SURPRISE
5626,امروز یکم عصبانی بودم   بابام با این حال منو دیده میگه:   ناراحت نباش دخترم اگه خودش نیاد پیامش میاد     یعنی اون شخص کیه که بابام میدونه ولی خودم هنوز نمیدونم؟! ,ANGRY
5627,چقد عصبی!  یه کم کوتاه بیا  چیزی از کره زمین که باقی نموند ,OTHER
5628,آخه توبایدواسه هرچیزی حرص بخوری دختر.پیرمیشی که ,OTHER
5629,همچین چیزایی هم میگن؟! ,SURPRISE
5630,باشد مشتی بر دهان استکبار  ,ANGRY
5631,سلام   منم امیدوارم سال خیلی خوبی داشته باشی  ,HAPPY
5632,واسه اینم میترسم خسته بشی ,FEAR
5633,واااای ننرسیدی از خرس؟  از گاوای وحشی؟  چه سرتقی بخدا  انقد بدم میاد ,HATE
5634,چرم‌مشهد مگه اونجا شعبه نداره؟ ,SURPRISE
5635,چه وحشتناک ,FEAR
5636,من خارج ایرانم میترسم دستگیرم کنن ,FEAR
5637,مگه خواستگاریه  ,SURPRISE
5638,تولد داریم اونم دوتا تولد ....  بابا و داداشم هردوتا ١/١ بدنیا اومدن   کلی فردا هم عید داریم و سال تحویل و هم تولد بازی   البته هر سال داریم  ,HAPPY
5639,صد البته   اما میترسم...  از اینکه مبادا نوجوونامون بابت این نوع طرز برخورد از راه راست منحرف شن :),FEAR
5640,آخه میدونم از اخلاقم متنفری ,HATE
5641,  بابا افغانیا تقریبا صد ملیون میفروشن رو دستشون باد کرده بچه مگه,SURPRISE
5642,من ازت متنفرم   دیبی کلاه قرمزی,HATE
5643,در میخانه رو که شما بستین  ,ANGRY
5644,الله اکبر به این شعور      به کجا داریم میریم ما آخه ,ANGRY
5645,نه تو قبول نیستی   تو کلیه‌ت درد میکرد اگه سالم بودی و نمیرفتی شرط بود ,OTHER
5646,تولدت مبارک  ,HAPPY
5647,-الو علي آقا:ميخوام از Play Store   اینستاگرام  بريزم روی تبلت خواهرم ولي خطا ميده  +اول  SHAREIT   نصب كنيد بقيه از گوشي خود تون انتقال بديد    -گوشيم ويروس داره  ميترسم اين هم ويروس بگيره    +     فهميدن دختر بود ديگه ,OTHER
5648,امروز صب انقد عصبی بودم کلیدامو برنداشتم....مامان ک امشب خونه نمیاد ابجی بزرگمم احتمالا ۱۰ میرسه...این خواهرکوچیکمم معلوم نیس کجاس....اخ ک چقد من بدبختم     الان اومدم مسجد محل نشستم......تا یخ نزنم,ANGRY
5649,کتلتو هر روز هم آدم سرخ کنه بخوره باز کمه، یه روز با ماست خیار، یهروز با خیارشور گوجه، یه روز ساندویچی  ,HAPPY
5650,منم متاسفانه همینطوریم از تاریکی خونه میترسم.ولی ترسم بیشتر از اینه که بچه ها هم مثل من بشن که متاسفانه بچه اولم از تاریکی اتاق می‌ترسه و تا وقتی لامپش روشن نیست تو اتاق نمیره.مادر ترسو بچه ترسو تربیت می‌کنه  البته ناخود آگاه ,FEAR
5651,یه جا پس برای ما ردیف کن ,OTHER
5652,این مجازی خیلی مسخرهست  ,ANGRY
5653,بیخیاآال تولدتونه   بادکنکای تو پروفایلتونو بترکونید اعصاب خودتونن خورد نکنید  ,OTHER
5654,مادرت ترسوند،شمام میترسوندیش،کتک چرا ,SURPRISE
5655,اصن کینه ای نیسم حتی گاهیم خودم از این خصوصیتم عصبانی میشم چون گاهی واقعا لازمه. ولی هرکار میکنم نمیشه ,ANGRY
5656,مگه چي زيرشه؟ ,SURPRISE
5657,اقا بذا بخوابم فردا رمزگشايي كنيم  تو خونه تنهام واقعا ميترسم  ,FEAR
5658,از سوسک میترسی؟ ,FEAR
5659,خیلی زیاد :) ,OTHER
5660,مگه کی داره میاد   نمیدونم دیگه,SURPRISE
5661,دقیقا منم همینو می‌گفتم با خودم چند روز پیش تبلیغ این سس‌های بیژن بود انگار ,OTHER
5662,یا اباعبدالله  ,OTHER
5663,اینم جالبه  ,OTHER
5664,بدبختی چیزی نیست که بهش عادت کنیم ولی ما خیلی ترسوییم ,FEAR
5665,خودتو گفتم    ما یه دانشگاهو سیگاری کردیم  از کفاش شدن میترسونیم ,SURPRISE
5666,جدیدا تمام پادشاه‌ها و ملکه‌های سایر کشورا، حتی اونایی شاه و ملکه ندارن، مهاجرت کردن ‌ب توییتر فارسی...  یه چند تا رعیت موندیم بین اینا...  ملک و املاک و چرا ول کردید اومدید اینجا سَرورانم‌؟!   ,ANGRY
5667,اون اهنگ شادمهر بود میگفت از مردم شهر بیزارم....  فکر کنم این دوستت اون اهنگ رو زیاد گوش میده  ,OTHER
5668,چه عجب یکی منو فهمید ,SURPRISE
5669,راستش میدونم که اینجا نیستی تعارف الکی نمیکنم ولی نوش جون تون خسته نباشید ,HAPPY
5670,روهان داره برام کتاب میخونه. کلمه تنورو نمیدونه چیه   اصلا بچه تنور ندیده ب عمرش  اصلا نرفته ب عمرش نون بگیره ک اصلا هیچ نونوایی دیگه تنور نداره.  چ دنیای ترسناکی داره میشه,FEAR
5671,چطور پیداش کردی ,SURPRISE
5672,بعضیا شورشو در میارن   از فیلتر عبور کرده   مردم رای دادن   رای نماینده نماینده ها را هم گرفته    مجلس هم که انقلابیه   از چی می ترسید,SURPRISE
5673,بهشون بگو قراره دو سه روز دیگه فیلتر بشن مهمونیشون کوفتشون بشه  ,ANGRY
5674,منم هستم دلیلشم اینه از اسانسور میترسم  ,FEAR
5675,سلام، نمیشه این رو جایی گزارش کرد؟ این وحوشت و بی شرمی رو باید بشه پیگیری کرد. جناب معمار اعصابمون رو حسابی بهم ریختید.  ,ANGRY
5676,خدایی منم همین فکر رو دارم کاری به سر ملت آوردن که آخر آرزوش مرگ شده  ,SAD
5677,زنده باشید، سایه تون کم نشه ... همینطور برای شما  ,HAPPY
5678,الان پست طنزه دیگه ؟؟؟؟   کامنتا ترسناکه  ,FEAR
5679,خیلی خوبه نترسی، من هنوزم با این سن میرم دکتر میگم آمپول ننویس ,FEAR
5680,منون  لطف دارید   البته بیشتر به خاطر مامانم بود,HAPPY
5681,میترسیدن پسرشون بره مدرسه ... بشه یکی از دلیلاش اینه  ,FEAR
5682,از کینه و نفرت عبور باید.  چراکه تمام زندگی را تاریک میکند.  ,OTHER
5683,حالا کدومش بیشتر ؟؟؟؟ ,OTHER
5684,از ترس نبوده، از اینکه یه شال مفتی از دست داده بوده، ناراحت شده ,OTHER
5685,یه گوسفنده قرص اکس میخوره   میره لب جاده میگه :  مستقیم کشتارگاه ,OTHER
5686,چی هست؟؟ ,OTHER
5687,کپی نمیشه ولی خب تاثیر کلامش رو از دست داده  ,OTHER
5688,اومدم آزمایش خون بگیرن ازم برای بیمه حقیقتا میترسم!!!!   اولین باری که آزمایش خون دادم چشام سیاهی رفت افتادم رو زمین بدنم شروع کرد به لرزیدن!!!!!   اگه خبری ازم نشد بدونید زیر آزمایش خون گرفتن مردم!!! ,FEAR
5689,میدونم دلیل دومه ولی اینقد وحشتناکه نمیخوام بهش فکر کنم  ,FEAR
5690,اینقدر از این بحث بدم میاد ,HATE
5691,ارزوی سلامتی و بهبودی هرچه زودتر برادر شما دوست عزیز و تمام بیماران دارم  ,OTHER
5692,مگه من گفتم نصیحت کردی ؟  ,SURPRISE
5693,یبارکه منتظر بودم داداشم ازدستشویی دربیاد تا بترسونمش انقد طول کشید که کلاً یادم رفت واسه چی اونجام!  وقتی اومد بیرون دوتایی ازترس جیغ زدیم   ,OTHER
5694,شما هم معلم‌های اول و‌ دوم دبستانتون میگفتن ما تو خونه‌هاتون دوربین داریم؟! ...کار رو انجام بدید میبینیم؟  منکه تا یه مدت از ترس دیده شدن جرات توالت رفتنم نداشتم ,FEAR
5695,کاش بشه اینو فرو کرد تو مغزشون ,ANGRY
5696,من خودمم هنوز گيج اون ٢ليوان آبيم كه تا صبح ده دفعه خواب آلود خوردم وصبح يادم آمده كه من نگهبان مراقب دندون مصنوعياي داخل جفتش بودم  دم صبح پر كردم لو نرم  واسه مادر خانم رو دارم يواش يواش با شبيه سازي هضم ميكنم اما واسه زنداييشو موندم چجوري هضم كنم خودمم ترسناك گيجم   ,SURPRISE
5697,یا ابرفزل نکنه جن بوده   من اینجا ترسیدم  ,FEAR
5698,خواهش میکنم عزیزم ناراحت نباش براش خوشحال باش که الان جای بهتریه و کاری کن که با خنده های تو بخنده ,OTHER
5699,فلوکیها همه خوبن  ,HAPPY
5700,ممکنه ,OTHER
5701,به منم میگن گاها ک چه جالبه پوششتون و یا چقدر بهتون میاد اما این مدلی رو نداشتم  ,SURPRISE
5702,فکر کنم برای بار صدم نشستم فیلم شب یلدا رو دیدم، بیش از نیمی از زندگیم صرف کارهای تکراری میشه، لذتی که از تکرار میبرم، به همون اندازه نفرتش رو از تجربه‌های نو احساس میکنم، کسی می‌تونه کمک کنه بگه اسم این بیماری روانی چیه؟    #ريتوييت_لطفا,SAD
5703,پدر ترسيدم ,FEAR
5704,اااره مهم اون رگ و ریشه مشدیه ک داری ,OTHER
5705,اگه هم از اون دسته ادمایی باشن که سر جونشون بترسن نمیان ,OTHER
5706,  و همه ساکت هستن.....چقدر ترسناک.....,FEAR
5707,من از الان نگرانم که فردا کی میخواد مارو رباتهای اسراییل و آمریکا و آل‌سعود خطاب کنه     #IranRegimeShouldBeOverthrown,OTHER
5708,دارم و اتفاقا آدم بایدم داشته باشه ترسی نداره که    ی نکته فقط داره اون که میگه ندارم در اون دور دست ها چشش دنبالته ,OTHER
5709,تولدت مبارک دادا  ,HAPPY
5710,فک کن با چاقو ی جاتو ببرن     #کودک_آزاری,FEAR
5711,"""چندتا نیروی خدماتی هست تو شرکت با اکثرشون رفیقم، شده گاهی باهاشون """"تی"""" دستم گرفتم دفتر رو تمیز کردیم ولی امروز یکیشون با لحن بدی به چایی که ریخته بود رو زمین اشاره کرد گفت این چه نحوه چایی خوردنه!؟ منم گفتم بره تی بیاره و تمیزش کنه!الان هم عذاب وجدان دارم هم عصبیم  """,ANGRY
5712,عععه مبارکه :))  ,HAPPY
5713,از میگو متنفرم اما گمیشان( استان گلستان) سایت پرورش میگو چهار هزار هکتاری داره و صادر هم.میکنه.  پس شمالم میگو داره متاسفانه ,HATE
5714,الان بازتوییت کردم خواستید بلاکم کنید من از روح میترسم.... ,FEAR
5715,ایشالا زودتر    حامله شدیم,OTHER
5716,قیمتشو داریا  ,HAPPY
5717,بابا اینجوری هییییچی از بازی نمیفهمی! بعدشم وسط بازی اخه کی هی حرف میزنه؟!  اعصاب داریا,ANGRY
5718,البته این حرفا نتیجش میشه فحش تو ناشناسم ,OTHER
5719,من هم از دین اسلام و مسلمین بیزارم!  به امید روزی که پایان بدیم بر این ننگ ۱۴۰۰ ساله ,HATE
5720,پاک پاکم از کسی هم نمیترسم ,HAPPY
5721, وای خدا ما خیلی ترسیدیم       چشم ها را هم باز کردیم قشنگ تشخیص بدی  ,FEAR
5722,گربه منم همین فوبیا رو داشت!... قدرت خدا ,SURPRISE
5723,شايدم از خانمش ميترسيده كه سن واقعيشو نگه ,OTHER
5724,یه سوال    مگه خاور میانه بیشترش کشورای مسلمون نیست؟ پس چرا خدا هر چی بهشته ریخته تو اروپا و امریکا برا کافرا ولی طرفای ما همش بیابون بی اب و علف؟  لنتی برو به همونا بگو ایمان بیارن‌ واااالا,ANGRY
5725,اره اس ام بیشور... من از اخر نوکدو میترسم..نکنه سد اند باشه؟؟؟   قسمت اخرش فردا میاد فکر کنم    #MAMAVOTE   #exo  @weareoneEXO,FEAR
5726,از زماني كه يادم مياد از اسمم متنفر بودم سادات  ,HATE
5727,کدوم خر نفهمی زده تولید بیت کوین ,ANGRY
5728,والله اساتید ما از خاطراتشونم بعنوان منبع امتحانی استفاده میکنن ,SURPRISE
5729,حمله عصبی ,ANGRY
5730,یا امیرالمؤمنین!  ما کی اینقدر بی‌غیرت شدیم که هشتک دشمنتون بیاد بالا؟    #اللهم_العن_قتلة_أمير_المؤمنين  #تهدمت_أركان_الهدى  #از_حق_علی_نمیگذرم,ANGRY
5731,فردا امتحان دارم  داستان ترسناکتر از این ,FEAR
5732,خب اینهمه انرژی رو نمیدونم کجا بریزم؟ ,SURPRISE
5733,برای خودمم عجیب بود.  ,SURPRISE
5734,وای من همیشه فوبیاشو دارم ,FEAR
5735,خیلی بد کلی مشاوره رفتم که به ترسم غلبه کنم ولی نمیشه میترسم دیگه  ,FEAR
5736,شاید انقدر ترسو هستم که مثل خیلی ها حتی ازاینکه بااسم خودم شناخته بشم هراس دارم! ,FEAR
5737,در هر شرایطی خودم چون همخونم از ظرف شستن بدش میومد حتی اگه من ۲ روزم خونه تمیرفتم نمیشست ,OTHER
5738,این آقاعه انگار منشی کانون زبانِ ,OTHER
5739,من میترسم بمیرم آخرش نتونم تا همین ترکیه برم  بعد ملت حتی نمیتونن دوهفته تو خونه بمونن,SURPRISE
5740,چه کت وشلوار های قهوه‌ای که ملت تنت میکنن    دمشون گرم ...    این بوی تهران برا همین کت وشلوارهای قهواییه  که ملت تن شما افساد طلبها میکنن هست ...,ANGRY
5741,مامان منم هنوز میترسه ,FEAR
5742,عاخ عاخ دقیقا.از کسایی که شلخته و بدون نظم لباسها رو پهن میکنن متنفرم.یکی از لذت بخش ترین کارهای خونه اس برای من.حتی عاشق تا کردن و آویزون کردن لباسها تو کمد هم هستم فقط با اتو مشکل دارم یه مقدار خیلی زیاد ,HATE
5743, ⁦ ⁩⁦ ⁩⁦ ⁩  بدم میاد,HATE
5744,خودتون رو ناراحت نکنید   شاید اونم دچار سوء تفاهم شده باشه   چیزی که مهمه اینکه شما ظلمی درحقش نکردید اون بمونه و وجدان خودش ,OTHER
5745,کیه که بدش بیاد  ,HATE
5746,کی بدش میاد که خوب بگدرونه زندگی رو چه ۲۰ تا ۳۰ یالگی چه ۳۰ سالگی تا ...   ولی لامصب این زندگیه که هیجوره با ما راه نمیاد که نمیاد که نمیاد ,SAD
5747,آفرین   شما مثل آبجی من از قابلمه شستن بدتون میاد   خود منم بدم میاد  ,HATE
5748,تو لندن هم یه سری رفتن پای صندوق رای و به روحانی و رئییسی رای دادن.پس لندن هم میتونه سهم ج.ا بشه.چون طرفدارانی داره    لودگی و وقاحت اندازه داره  ,ANGRY
5749,اونی که نه عاشقِ گربه ست و نه متنفر ازشون اووووووومد و آنلاین شد  ,OTHER
5750,واقعا؟؟؟؟ مرسی  ,SURPRISE
5751, دلم برات تنگ میشهههه  چجوری پیدات کنم,SAD
5752, چه تعبیری ممنونم,HAPPY
5753,همین الان دیگه  ,OTHER
5754,فقط تو مونده بودی طلبکار ,OTHER
5755,وااااای خدااااا منم متنفرم ازش   اصن نمی تونم خودمو تصور کنم تو اون وضعیت ... حالا شما بچرخ، حالا بدو، حالا بپر... حالا ماچ کنید همدیگه رو...,HATE
5756,منم  وقتای عصبانی شدن یا ترسیدن و استرس داشتن خندم می گیره  گاهی بدتر می شه اوضاع   طرف آتیش می گیره ,FEAR
5757,هیچکس   و عمیقا ترسناکه اینکه گفتم,FEAR
5758,همون دستشون خورده ,OTHER
5759,قربان تو، پا تو کفش حسین درخشان نکن، زحمت این جور فیلمنامه‌های ترسناک رو اون میکشه ,FEAR
5760,واسه ما که رفتن از ایران بیشتر شبیه فیلم ترسناک بود،امیدوارم واسه ی بقیه اینجوری نباشه  موفق باشید,FEAR
5761,کارت اشتباس، بی ادبای اینحا خیلی بامرامن اکثرا ,OTHER
5762,پسر عموم تو اینستاگرام دوتا فالووینگ داره یکی منم یکی داداشم بعد استوری گذاشته نوشته وظیفه خودم دونستم حرفمو ب مردم ایران بزنم مشتی مردم ایران چیه؟ی اس مس میدادی همینو به منو داداشم میگفتی دیگ ,SURPRISE
5763, یا غریب,OTHER
5764,چه زرنگ ,SURPRISE
5765,واااای بدم میاد من ولوم خودمو دوس دارم,HATE
5766,یعنی چی ؟  ,SURPRISE
5767,هیچ حدسی نمیتونم بزنم واقعا ,OTHER
5768,خیلی واسم عجیبه تویه این عصر هنوز هم دنباله دشمنی هستیم.   به امید جهانی ازاد و خالی از خشونت  ,SURPRISE
5769,پس چرا رو من نمیزنن ,SURPRISE
5770,:)))   چه میدونم ... :)) شما دندونپزشکها از هر کوششی برای وحشت بیشتر ما بیماران مظلوم دریغ نمیکنید :)))   یه چیزی کرد تو دهانم هی تیک تیک میکرد مثل بمب ساعتی     هی میگفتم الانه که بترکم :))),FEAR
5771,عه عه عه...     متنفرم ازش. خب برو یه گوله خمیر رو سس بمال بخور. چ کاری همونو دم کنی بعد بخوری. اییی,HATE
5772,منم همینطور..        ,OTHER
5773,کدوم شوهر و بچه بابا ,OTHER
5774,کدوووم مغغغغززز ,OTHER
5775, فردی باهوشم من تمام,HAPPY
5776,چرا دوست پسرا شکم ندارن ولی شوهرا شکم دارن؟ ,SURPRISE
5777,ترسناک ترین زمان موقعیه که مامان بابات با نام فامیلیت صدا میزننت  ,FEAR
5778,بابا مگه در گوشت نگفتم باز  شروع نکنی   شما بفرما پیج من,ANGRY
5779,تو كرى نخونى نميگن زبون نداريا ,ANGRY
5780,عجب اسم جالبي داريد   يك لحظه فكر كردم خود بي شرف تاجزاده توييت گذاشته    #BloodLustRegimeMustGo,SURPRISE
5781,یعنی واقعا تا قبل عقد نمیتونستن این موضوع رو حل کنن که این قدر استرس به کسی وارد نشه(شما هم بیخودی بنزین حروم نکنی )عجیبه واقعا ,SURPRISE
5782,چه تفاهمی ,OTHER
5783,وزیر هم مثل رئیس جمهورمونه ,OTHER
5784,خیلی زیاد و پررنگ متنفررررررممممم از این آدما.⁦ ⁩,HATE
5785,واسه من كه هميشه كوچكتراز خودم پيش اومده، ميترسم شوهرمم از خودم كوچكتر باشه ,FEAR
5786,رهااااا  با هدست فیلم ترسناک نگاه نکن!  با هدست فیلم ترسناک نگاه نکن!  با هدست فیلم ترسناک نگاه نکن!  با هدست فیلم ترسناک نگاه نکن!  با هدست فیلم ترسناک نگاه نکن!  با هدست فیلم ترسناک نگاه نکن!   ,FEAR
5787,خیلی بی ادبی که اکانت اصلیمو بلاک کردی و اینجا منشن میدی ,ANGRY
5788,من ترس برم‌میداره خودمو ببینم  ,FEAR
5789, باوشه...  شما راس ميگي,ANGRY
5790,سکانس ژانر وحشت ,OTHER
5791,من خوابِ مردي رو كه ٣٠ سال پيش مُرده و هرگز تو زندگيم عكسشم نديده بودم رو ديدم.  ديشب عكسشو بهم نشون دادن و دقيقا هموني بود كه تو خواب ديدم.  از ترس خوابم نميبره.  واقعا چطور ممكنه؟ ,FEAR
5792,و الان شدی معصوم بیکار و اینجا توییت میدی تندو تند  ,OTHER
5793,اینقدر عصبانی نشو شیرت خشک میشه بچه باید شیر مادر بخوره ,OTHER
5794,  چرا توییت میکنم همه با پیام توییتام لجن  ,SURPRISE
5795,نفهمیدن  ,OTHER
5796,نه بابا کار نمیکنه کلا  من هی دارم سعی میکنم از پول بترسم  کووو...!؟ ,OTHER
5797,عجیب نبینم ناراحتی  ,SAD
5798,من و که کلا بلاک کرد آقای دهباشی.یک کلام گفتم فروهر و زنش و انقلابیا که نکشتن چون اگه می خواستن بکشن اول انقلاب که داغتر بودن میکشتن برو ببین کیا روسپی و آتیش زدن بلاکم کرد.بچه ننه دماغو سیبیل باباشم میچرخه دوچرخه چاقو کلا ازینا دیگه ,ANGRY
5799,حیف می‌ترسم ندیده باشین اسپویل بشه وگرنه بهتون می‌گفتم همین الان چی شد. #GameOfThronesSeason6  ,FEAR
5800,چقدم این استقلالیا بی ثباتن هرکدوم بخاطر يه چيزی رنگ عوض میکنن. پرسپولیسی سرش بره تیمش نميره   نمونه ش رامین رضاییان,OTHER
5801,وحشتناکه  ,FEAR
5802,اتفاقا دنبالش هستم ,OTHER
5803,"""اتفاقا واسه همشون """"شب بیست و نهم"""" ئه. همون فیلم ترسناکه! یه هفته خواب نداشتم بعدِ دیدنش  """,FEAR
5804,نمیدونم ظهر و صبحا که خوب بود   عصر و شب نمیرفتم دیگه     چیکار میکنن مگه؟,OTHER
5805,میترسیدم منو به چش داداش ببینی ,FEAR
5806,جدی همینو گفت؟؟ اییییول  ,SURPRISE
5807,حالا شما هم به اعصابت مسلط باش  ,OTHER
5808,وای دکی عجب تیپی زدی  ,SURPRISE
5809,از تمام حبوبات متنفرم واسه همین اصا آش نخوردم تو عمرم ,HATE
5810,نه زیر ۱ سال ترسناکه  همه ش داره یچیزیش میشه  ,FEAR
5811,خیلی با حاله بیشتر تا ترسناک  هی تحریک میشی بخونی  ,HAPPY
5812,بی ادبیه اینجور ،من باید برم کوردستان دست بوس مادر ,OTHER
5813,آقا یه سوالی، این پنیر هالومی را دوبار آخری که گرفتیم تا سرخش می‌کنیم یا کباب شل می‌شه و وامی‌ره. این یعنی فاسد شده و خرابه؟ چون تیکه‌ای خریدیمش نه قالب کامل  ,SURPRISE
5814,باهمین حماقتت حجاب اجباری رو بدون تحقیق پذیرفتی   این خزعبلات تکبیر داشت    نام خدارا برای چه مطلب موهنی به کارمیبری؟,ANGRY
5815,   انقد که حتی شل مغزا هم فهمیدن  ,OTHER
5816,مشکل تو یه چیز دیگه س بداغی جان   خیلی نفرت انگیزی,HATE
5817, توام به من بگو زشت اصن بای  ,ANGRY
5818,  موفق باشه  ,OTHER
5819,اکوادور کجاعه دقیقن  ,OTHER
5820,انشاا... بهبودی زودتر حاصل بشه ، فقط بستنی های بعدش  ‌ من چند بار بی هوشی عمل داشتم یه بارم غش کردم اگه واقعا مردن مثه اون لحظه سبکی و کرختی اول باشه زیادم ترسناک نیست  ,OTHER
5821,ممنون زیبا جان ,HAPPY
5822,بعد این رشتو عاشقت شدم  ,HAPPY
5823,نههههه من امشب کلی ترسیدم ,FEAR
5824,تقدیم خودت ,OTHER
5825,از ترسم نکشیدم ,FEAR
5826,#از_اون_روزی_میترسم  که عزیزانم رو از دست بدم ,FEAR
5827,زنده باد آقای عجیب زاده که حمایتمون کرد  ,HAPPY
5828,اونجوری بخوره تو سرت ,ANGRY
5829,هیچکی حوصله یکی مثل خودشو نداره  ,OTHER
5830,اینقدر داچ و میکا اعصاب ادمو خورد میکنن  که ادم میلش نمیاد شکار کنه ببره کمپ    هزار دلار بدی اسب عرب بخری  بعد یهو سر از کوبا در بیاری همه چی به فنا بره ,ANGRY
5831,اگزکلی داشتم به این قضیه فکر میکردم    واقعا چطور میتونن !  اصلا مگه میشه  ,SURPRISE
5832,کمتر فیلم ترسناک ببین کابوس نبینی  ,OTHER
5833,طرحی دارم در دست اجرا   اینم اینکه روز والنتاین هرکی بیاد بگه کادو گرفتم بلاکش کنم  :||   ,OTHER
5834,من نمیدونم چرا میترسین ,SURPRISE
5835,مرسی  ,HAPPY
5836,چت هم میکنی   از خدا بترس  حجاب چی ؟ حجابت رو رعایت میکنی؟,OTHER
5837,اسكى رو اعصاب    خودم كه خيلى حال ميكنم  ,HAPPY
5838,یس یس  ,HAPPY
5839,خاکا می سر     فحش دادی ,SURPRISE
5840,نوکرم مشتی  ,HAPPY
5841,ببین تا حالا نرفتم ها  ولی با توجه به بک گراند ذهنی که دارم حدسم اینه که بگن اینجا با امریکا فرق داره و جوگیر نشو و فلان    منم حوصله این حرفا رو اصلا ندارم  ,OTHER
5842,عاره اینطور ب ب ,OTHER
5843,احتمالا پزشک نیستی آیا؟؟؟؟؟ معمولا اونا زیاد بلد نیستن دیدم که میگم  ,OTHER
5844,کوفتت شه ,ANGRY
5845,عجب  حالا راضی هستین از این هم پایه فکری یعنی پیدا شد براتون  ,SURPRISE
5846,نترس کسی که تو رو انتخاب کرده و روت کراش داره فقط به خاطر اخلاقت بوده    ,OTHER
5847,چرا واقعا ,SURPRISE
5848,چه وحشتناک ,FEAR
5849, حماقت تو این جامعه بیداد میکنه,ANGRY
5850,از غیبت و سخن چینی بپرهیزید!  چون غیبت روزه را می‌شکند، و سخن چینی، موجب عذاب قبر میشود.  ‌    پیامبر رحمت (ص)    ‌,OTHER
5851,  از اینا متنفرممممممممممممممممممم,HATE
5852,نکن برادر من،  دارن گولت میزنن    ,OTHER
5853, ما دانشجوها چیکار کنیم؟!  فقط حرصشو ما میخوریم,ANGRY
5854,جالبه اون کارمند گنرک    اهل تسنن واز ترکمن صحراس ,SURPRISE
5855,یه سوال   مگه شهید زشت هم داریم؟  عجیبه ,SURPRISE
5856,صحنه منزجر کننده ایه جدی ,HATE
5857,پس چرا بک ندادین ,SURPRISE
5858,شاید فیلترشکن اش وصل نمیشده  اعصابشم خرد بوده  خواسته سریع واکنش نشون بده  ,OTHER
5859,مامان منم عصبانی میشه حرفای الکی زیاد میزنه! یلد گرفتم نشنیده بگیرم ,OTHER
5860,پیر شدن پدر مادر واقعا وحشتناکه...   ,FEAR
5861,همون زشتا بقیه رو زشت میبینن ,ANGRY
5862,یکی مثل سردار حاجی زاده آبروشو با خدا معامله میکنه!  یکی مثل ظریف آبروشو با شیطان معامله میکنه!  خداوند به سردار عزت میده و شیطان آبروی ظریف رو به لجن میکشه ,ANGRY
5863,‌دارن  ,OTHER
5864,قورمه سبزی ؟؟؟  غذا هستش ؟؟؟؟؟   ,SURPRISE
5865,مرسی عالی من هم همیشه این ترس رو دارم . میگن به هر چه فکر کنی سرت میاد! چه کنیم ,FEAR
5866,شما پيروز اين ميدان هستيد، ترس از مرگ براى هر كَس خوبه ؛ امّا شما كه اهل مبارزه هستيد كوتاه نياييد. انرژى دعاهايم تقديم شما.  ,HAPPY
5867,مهمه مگه ,SURPRISE
5868,شما هنوز امید دارید؟ باور نکردید که به قول زنگنه که مخالفشم ولی حرف حقی زده به هرکی هرکاری میگید میگه سهم ما چی میشه؟  حتی اپراتور و برنامه نویس سیستم ... گزارش فساد کارشناسان رسمی دادگستری در 20:30 را ملاحظه نفرمودید؟ فساد تا بقال سر کوچه ما هم رسیده دستکش یه بار مصرف 20 تومن,ANGRY
5869,پیاز ارزون شده؛ کیلویی ۸۵۰۰ ,OTHER
5870,فعلن برنامه اينه:شما اين دهه هر روز نيروهات ر از ترس بچين توي ميدونها،ما هم هر بعد از ظهر ميايم پياده روي! بريد ،تجمع ميشه،گفته باشم   #قيام_بهمن,OTHER
5871,میبینی توروخدا ,OTHER
5872,نمیترسیم چندشمون میشه ,OTHER
5873,منم متنفرم .تا حالا فقط دویا سه تا فیلم هندی رو کامل دیدم .فیلم شعله و فیلم ویجی(ویژی) نمیدونم اسمش چی بود  ,HATE
5874,بچه ها خیلی بی محبت شدن ,SAD
5875,بعد پلیس چجوریه؟  ,OTHER
5876,عجیبه امار کتابخونی تو این نظرسنجی انقد بالاس. مث ک تنها کسی ک تو این مملکت کتاب نمیخونه منم ,SURPRISE
5877,چقد وحشتناک ,FEAR
5878,چرررا ,SURPRISE
5879,بنده غلط بخورم با 7پشتم ,FEAR
5880,عه تو مشدی؟  همشهری خودت گیر داده بره شیراز  به من چه  ,SURPRISE
5881,مردمان عجیبی شدیم واقعا  در عجبم  ,SURPRISE
5882,اخه تاریخش گذشته بود ,OTHER
5883,کاری که حتی الان از گفتنشم میترسم ,FEAR
5884,فداي سرت بابا اينجوري دارن دست و پا ميزنن بكشن ما رو تو حاشيه  ,OTHER
5885, روانشناسام میترسن,FEAR
5886,داداش خوبه دیگه ,HAPPY
5887,خو مگه مشکلیه؟ ,SURPRISE
5888,دیدی گفتم تو باید از من بترسی؟ ,FEAR
5889,انقدر بدم میاد اون وقتایی که دارم با اهنگ هم خونی میکنم خواننده اهنگو اشتباه میخونه ,HATE
5890,من با کمال ادب و جنتلمن بودن مخ می‌زنم ، بعد که اوکی شدیم هم بد دهن نمی‌شم ، فقط اون شخصیت عصبی و بی حوصله‌مو و بی شعورمو رو می‌کنم  ولی بازم بد دهنی نمی‌کنم  ,OTHER
5891,مهمه اون چندتا سیب زمینیه خب ,OTHER
5892,بابا بچه ی ناف تهرون،بچه شمرون نکشیمون ,OTHER
5893,تو تقریبا برا شروع کاملی، ولی بدی ازدواج توی سن بالاتر همینه که با داشتن امکانات خوب، آدم کم کم ترسو میشه وگرنه خوشبخت کردن همسرت توی هرشرایطی میتونه بشه یا نشه، ی کمی تردید رو بزار کنار و آستین بالا بزن وگرنه دیگه خیلی دیر میشه و ترس بت غلبه میکنه ,OTHER
5894,اینم خوبه  ,HAPPY
5895,اصن انگار مار نیش زده ,SURPRISE
5896,من بوی دندونپزشکی بهم میخوره از ترس سکته میکنم حالا فک کن هر بار سر قرار یه سکته کامل بزنی ,FEAR
5897,همیشه ازین صبوری خودم ترسیدم  ,FEAR
5898,اخ گفتی  ,OTHER
5899,بی ادبا ,ANGRY
5900,خیلی ترسناکه قبول دارم   شعارخودبزرگ بینی دیگرات رو ...فرض کردن  ,FEAR
5901,اگه توی ۵ ۶ ماه هدفو مشخص نکنین خودتون ، باخت دادین   حتی اگه هدف خوشگذرونی و این چیزا باشه ، هدف که مشخص که شد دیگه ترسناک و پیچیده نیست برعکس لذت بخش و آروم میشه  ,OTHER
5902,سال نو مبارک  ,HAPPY
5903,:/ناموسن موندی باهاش ازدواج کنی یانه؟  خجالت نمیکشی خودت توییتو یدور بخونی بعد بگی موندی چیکا کنی؟ ,ANGRY
5904,کجا؟!!!!!!! ,SURPRISE
5905,گوش‌دادم   عالی بود  ,HAPPY
5906,  ترسناک شدی  ,FEAR
5907,ولی چقدر راست گفتن که زیاد باشی زیادی میشی  لعنت به من که در برابر فهمیدن مقاومت میکنم,HATE
5908,آقا من می‌ترسم ریتوییت و‌کوت کنم بعدش بهت بگن به ضرر یکی تو اون مجموعه شده و ...  ,FEAR
5909,ترسناک ترین خواستگاری عمرمو وقتی تجربه کردم که زنه تو رختکن باشگاه بهم پیله کرده بود بیا بریم خونه ما دخترم،من ی پسر دارم الانم خونس همو بیینید شاید از هم خوشتون اومد! ,FEAR
5910,اگه جاج نمی کنین #حمید_صفت  ,OTHER
5911,جدی؟  ,SURPRISE
5912,آقا شی شی میکشی؟ ,SURPRISE
5913,بوبه:گربه  گوگه:خاله( )  نونه:خونه  آک:خیار  ترسم:میترسم  دوس:سوخت     کلا زبان و ادبیات فارسی رو متحول کرده,OTHER
5914,مشکل از داخل باشگاه هستش  و شخص خطیر ,SAD
5915,از آلبالو و مربای آلبالو و آلبالوپلو متنفرررررم ,HATE
5916,يه چند وقته عصبي شدي ,SURPRISE
5917,بعد میان لاف میزنن من فلانیو خر کردم  ,ANGRY
5918,چی زدین دکتر؟؟  از کی تا حالا جنس میزنین؟ اگر به آبجی نگفتم ,ANGRY
5919,نور چشمان منید ,HAPPY
5920,ولی نمیدونم چرا خیلی دوست دارم بکشم  وقتایی که عصبانی یا افسرده ام دوست داشتم یه نخ باشه  با اینکه از بوش متنفرم  نمیدونم چه هوسیه ,OTHER
5921,نهههههه متنفرم از کسی که خیس میکنه ,HATE
5922,ترسناک تر از زندگی تو ایران نیست ,FEAR
5923,جدی؟جالبه ,SURPRISE
5924,درود بر شما و همکارانتون   پیروز و ماندگار باشید,HAPPY
5925,حالا میوه نشد هرچی   لباس   تخم مرغ   کلا دست فروشی  ,OTHER
5926,وای من از مترو کرج متنفرم ,HATE
5927,ممنونم از حسن نظر شما ,HAPPY
5928,نه چرا آخه  ,SURPRISE
5929,سلام سال نو مبارک       بهترين ها رو براتون_آرزومندم  ,HAPPY
5930,چه جالب ,HAPPY
5931,شت .عجب ابر قهرمانی بوده این زن   ما اگر بودیم ب فاک عظمی میرفتیم ,SURPRISE
5932,۸ میلیون سپر؟  مگه ماشینت چیه؟,SURPRISE
5933,حالا چایی داغه دایی چاقه  ,OTHER
5934,بخدا فالوور جمع کردن از ما تازه واردا و زمین خورده ها خوردن نداره. انفالو کردن بعد بک گرفتن از گوشت سگ هم نجس تره ,ANGRY
5935,اونکه بحث آموزشی بود واقعیتش این بود میخواستی به چشنش بیاد و بپرسه ,OTHER
5936,جدا ؟!ینی گند زدم  ,SURPRISE
5937,پس یه لگد محکم به بختت زدیا ,OTHER
5938,عده ای متفکرند در ره دین   عده ای به گمان فتاره در راه یقین  میترسم که بانگ اید روزی  کای بیخبران راه نه انست نه این  #خیام   دیدم شبیه مصرع چهاره ,FEAR
5939,درکش میکنم.منم هر روز بازخواست میشم بابت فراموشکاریم ,SAD
5940,من که بدم میاد  از سیر، از سرکه، از سیر سرکه از بوی بدش ,HATE
5941,بدم میاد هرکی زنگ میزنه خونه میخواد چهارساعت حرفای خاله خانباجی بزنه  ,HATE
5942,راستشو بگین چشمتون دنبالش بوده   خدایی عجب ادمایی پیدا میشن ,SURPRISE
5943,  همش یه طرف اینکه میری خونه بعد یادت میاد چرا اینو نگفتم یه طرف چقدر عصبی میشی اون موقعه  ,ANGRY
5944,تا حالا دستت خورده رو گیف اشتباهی؟    تو گروه خانوادگی!!!,FEAR
5945,   به منم امروز انقد گفتن ترسوندنم وگرنه میگفتم که هیچی نمیشه حالا...,FEAR
5946,اصن حرفشم نزن!!! من دختر بچه عرق سگ!!!! مگه کریم سگ پزم ,OTHER
5947,عجب سنجش هوش جالبی    حالا تو میگی اونا ریاضیشون خوب نیست اما خدا میدونه اونا تو اون لحظه چه فکری در مورد خودت داشتن  ,SURPRISE
5948,پارتی داشته باش نفس نکش استخدامی پولتم بچهات میگیرن  ,ANGRY
5949,مرسی گفتی نمیدونستم    حالا چرا اینهمه رفتن دایرکت ایشون ؟,SURPRISE
5950,چه کار قشنگی کردید! ,HAPPY
5951,وحشتناکه ,FEAR
5952,نمیدونم چرا معلماس حرفه و فن اینجورین   من متنفر بودم ازش عقده ای رو,HATE
5953,وقتی همه مون انجام بدیم قبحش میشکنه دیگه ,OTHER
5954,حالا سوار شدی یا نه؟ اگر آره که هیچی وگرنه حالش رو باید با یه ها کردن تو ماشینش میگرفتی یه ذره میترسید ,FEAR
5955,کل ۴۱ سال زندگی در ایران خودش یه فیلم ترسناکه ..    در حال حاضر حتی اسم ایرانم ترسناکه    اینجا شده سرزمینی که حاوی صحنه های بدیست که نگاه کردن به آن به هیچکس توصیه نمیشود ... ایران عزیز ما چه بسرش آمد  ,FEAR
5956, ترسناک نیست سیامک، فقط هیجانیه  ,OTHER
5957,اخ گفتی ,SURPRISE
5958,منم خیلی به این موضوع فکر میکنم ,OTHER
5959,من چ بدونم   دارم از دید هم جنس هام نگاه میکنم  از دید دوستانم ک دوس پسر دارند و خوششون میاد چجور دوس پسری داشته باشن  اکثرن که تو فاز هستن؛ مدل فیلم ترکیه ای میپسندن، اول متنفر هستن از هم و کم کم عاشق همدیگه میشن   که خب وقتی با واقعیت زندگی رو به رو بشن میفهمن ک عه فرق داره,OTHER
5960,حد اقل یه استادیوم رفتی  ما همونم نمیریمو میمیریم ,SAD
5961,میترسم خووو فاطی  ,FEAR
5962,متاسفانه از محیطی که کنترلی روش ندارم میترسم و دندونپزشکی هم مثل آرایشگاه میمونه برام و نمیرم . ,FEAR
5963,نه واقعآ چرا؟!! ,SURPRISE
5964,ای بابا...دوست داشتن دیگه چه کوفتیه ,ANGRY
5965,عادتش بوده.دله دزد بوده.هنوزم ازش بدم میاد و دلم میخواد هر حا که دیدمش بزنم تو صورتش ,HATE
5966,خواهش می کنم، بزرگوارید.  انشالله سلامت باشید  ,HAPPY
5967,خب بعدش چی؟؟ ,OTHER
5968,منم بدم میاد  ,HATE
5969,چطوری یخچالی ,OTHER
5970,ممنون بزرگوار،روزتون زيبا ,HAPPY
5971,عجب پدریه باحالی   دمش گرم   والا اختراع علیرضا هم حرف نداشته  دم اونم گرم,OTHER
5972,   همیشه تو فیلماش یه عده ژاپنی میان میگن چینی ها حق ندارن باشگاه داشته باشن بعد میزنن رفیقای بروس لی رو لت و پار میکنن  اونم عصبانی میشه میره با فن غوداااااااا میزنه دهن ژاپنیارو صاف میکنه ,OTHER
5973,کلی بگم متنفرم از پاپ مگر تعداد خیلی خیلی کم. و کارگردان مورد علاقم فینچر و تارانتینو و دیوید لینچ.   مورد پسند واقع شد؟؟؟ ,HATE
5974,باباپخش كن داداش ، مخمود لجني نژاد همش ميگفت وآخرهم نكرد ، دور از جون شما شما كه مثل مخمودلجني نيستي كه  ,HATE
5975,برای منم پیش اومده   جالبه من اخر شبا از صدای موتور میترسم   چون  کیفم و موتوری زد ازم  یاد استرس اون روز میوفتم دیوانه میشم,FEAR
5976,فردا هم میگن خودتون هم حبابید باید بترکید  ,ANGRY
5977,شاید خالی بسته که بترسونه  ,SURPRISE
5978,کوفتت شه  ,ANGRY
5979,درسته ممنونم    فقط ببخشید الان دندونپزشکی که مراجعه می‌کنید و آمپول مخصوص تزریق می‌کنن دیگه مشکلی براتون پیش نمیاد؟  کاملا بی‌حس میشه؟  من می‌ترسم آمپول مخصوص ضعیف باشه و درد بکشم. ,FEAR
5980,تو کاری غیراز انتقادکردن ومنفی بافی بلدنیستی؟با اون کراوات مسخرت ,ANGRY
5981,شپش صادراتي  ,ANGRY
5982,من بیچاره هنوز فرغون بدستم  من همیشه باید بی ادبی نگم   ,SAD
5983,تو دیگه خیییلی اهل کاسبی بودی بچه   چقدر مامانتو حرص دادی تو   الانم موفقی تو کاسبی؟ ,OTHER
5984,من وقتی اون فیلمو دیدم زیر ۶ سال بودم ولی هنوز کامل یادمه که بعدش چه کابوس هایی میدیدم و از اون موقع به بعد تا مدت‌ها از سایه خودمم میترسیدم. و هی به پنجره اتاقم خیره میشدم منتظر بودم اون خانومه بیاد پشت پنجره  ,FEAR
5985,ولی من فقط با یادش زنده‌ام...  میترسم عکساشو ببینم و دیوونهتر بشم... ,FEAR
5986,این فلافلی تو تعران نیس مگع؟   ,SURPRISE
5987,خیلی ممنونم عزیز دلم  ,HAPPY
5988,تو لحظه آدم میترسه شوک بدیه ,FEAR
5989,یادم به بچه های خودمون افتاد توی آزمایشگاه لام میشکنه میزنیم بره زیر بنچ استاد نفهمه یه بار استاد گفت بچه ها میشکنید بشکنید توروخدا دیگه نفرستینش زیر بنچ ,OTHER
5990,چی؟ ,SURPRISE
5991,چرا تبعیض ؟  ,SURPRISE
5992,ای نادان ای خر ای بی شعور ای نفهم     جوانا درک ندارن دیگه  ,ANGRY
5993,درست صحبت کن درموردش     دختر خوبیه  ,ANGRY
5994,میترسم چس کنه باز اخه یبار که باهاش حرف زدم اصلا محل نداد  ,FEAR
5995,  شما‌ دست‌ شیطونم‌ بستین‌ ...,ANGRY
5996,ای جااااااان، میترسم آخر شماره ۴ ندیده بمیرم  ,FEAR
5997,میترسم گاو اون دنیا یقه مونو بگیره  ,FEAR
5998,من وقتی بچه بودم هر وقت هواپیما رد میشد میترسیدم. فکر میکردم هر لحظه ممکنه سقوط کنه و لِه بشم  ,FEAR
5999,تعجب  کپ میکنم ,SURPRISE
6000,ايا ايشان همان متقلب بزرگ و زندان از هتل بهتر تلويزيوني نيستند !؟بچها اين مصطفاست بزرگترين متلقب در ارا مردم و انتخابات بياييد مثل مصطفا نباشيم  ,ANGRY
6001,مث.....از موتور سواری میترسم ,FEAR
6002,ایشالا بلاکت کنه    متنفرم از این کار,HATE
6003,ای بابا   چه وحشتناک,FEAR
6004,شما هم که سین رو نوک زبونی تلفظ می کنید واویلا ,OTHER
6005,عجب تفکیکی  ,SURPRISE
6006,بابا حلالت   ، کار آفرین تویی، بقیه اداتو در میارن  ,HAPPY
6007,زن پوستش کلفتر ازین حرفاست ,HATE
6008,ما یه دونه داریم با بقیه فرق داره همیشه تنظیم میکنیم به مهمون نرسه که اخرشم دسته اون میوفته ,SURPRISE
6009,از موتوری ها میگیره  ,OTHER
6010,جان همینگوی‌ راه نداره،میترسم خو. ,FEAR
6011,چطو میتونن !!!  من تو عروسی هم نمی تونم ,SURPRISE
6012,کرونا چی میشه ,SURPRISE
6013,چه ترسناک  ,FEAR
6014,دوست منم با دوست پسرش که کات کرده بود همین حرفو شنیده بود آخرش من وسیله هاشو بردم براش  خیلی مسخره است خدایی,ANGRY
6015,توئیتر ازت متنفرم   دزد سر گردنه  الان عضو گروه علی بابا و چهل دزد بغداد شده بودم بیشتر امنیت داشتم   هر شب دزدی  هر شب کسر فالوور  بسه دیگه  مرسی اه ,HATE
6016,اقای علیزاده ما هشت سال رئیس جمهورمون انگلی نژاد بوده بعد شما به معاون وزیر کشور بودن اقای تاجزاده میگی ترسناک ؟ وات د فاز؟ ,SURPRISE
6017,راست میگن لادن خانوم، اصن با این پسرا دوس نشین، تا وقتی امثال من هستن، دیگه چرا اونا..؟؟؟؟؟؟ ,OTHER
6018,حالا که برکنار شدی اون لیست ۱۳۰ نفره بده دیگه شیطون ,OTHER
6019,ترس از به جدول زدن ,FEAR
6020,بچه محلای مان دیگه ,OTHER
6021,ولی جدی من ترسیدم اینا روانین نکنه بدبخت تر شیم  ,FEAR
6022,من سرچ کردم این حدیث را نیافتم متاسفانه ,SAD
6023,من اصلا فوبیاشو دارم ,FEAR
6024,مگه چندتا داستان ترسناک داری ک تمام نمیشه ؟؟,SURPRISE
6025,احتمالش قویه ,OTHER
6026,از هر چیز تلخیییی متنفرم   حتی شکلات تلخم نمیخورم  ,HATE
6027,چه جالب ,SURPRISE
6028,عرررررررررر    من ون موخوام  هرچقدر هم برم کار کنم هم نمیشه خرید  روزبه روز هم اوضاع داره بدتر میشه,SAD
6029,نوه خالم زنگ زده ، میگه عمو یعقوب شما که مومنی و خدا دوست داره به خدا میگی امسال برف نباره ، گفتم چرا ؟ گفت میترسم بابا تو برف بمونه.     دخترک از الان نگران پدر #كولبر  خود است.,FEAR
6030,ولی ماشاالله چاق شدی تو این روزها ,OTHER
6031,عجیبه  ,SURPRISE
6032,خارشونو سگ گایید. مملکتم دقیقا همینجوری قسمت میکنن. ,ANGRY
6033,نا امید نباشین، ما هم اولش خیلی میترسیدیم، انشالله یه همسر عالی نصیبتون میشه ,HAPPY
6034,دیوانه ,OTHER
6035,یارو بیخیال من شو من هرشب بیدارم بابا من خوابم میاد ,SAD
6036,این ترس منم از زیرزمینِ یه خونه‌ی ویلایی بزرگ و قدیمی شروع شد :(((     ,FEAR
6037,تا اینکه از فوبیای رابطه، رابطه رو به گند بکشم.    ,OTHER
6038,دو تا آلبوم دارن امثال تونل و بزرگ ول۱ ,OTHER
6039,   میترسم کربلا رونبینم وبرم  ,FEAR
6040,بی ادبن ادب مردبه زدولت اوست ,ANGRY
6041,خیلی ازشون میترسم  طوری میگم کاش هیچ وقت نمیفهمیدم تازه دختر داییم در‌ مورد دو تا از همکلاسی هاش که اینجورین گفت اصلا قفل کردم.  من دیگه اون آدم سابق نمیشم ,FEAR
6042,تولدت مبارک مهدی جان.انشااله که خدا عمر با عزت بهت بده با مرام.و همیشه شاد و موفق باشی داداش ,HAPPY
6043,شخصا به خاطر عدم داشتن عقل درست حسابی همچین جراتی می‌کنم چون خیلی وحشت‌ناکه واقعا ,FEAR
6044,به شدت خطرنااااکه ,FEAR
6045,خیلی مسخره بود ,SAD
6046,پس کیا می‌خوابی   هر وقت خوندمت خوابت نبرده  ,SURPRISE
6047,اينا كه عادت دارن با پررويي به جاي پاسخگويي سكوت كنن نه عذر خواهي بلدن نه صندلي هاشونو ول ميكنن!ديگه چرا به شعور مردم توهين ميكنن و دروغاي شاخدار ميگن؟؟!! ,ANGRY
6048,من نفهمیدم چی شد   خنگم  ,SURPRISE
6049,آخ گفتی ,OTHER
6050,مطمئن نباش پسرخاله   سازمان ایجاد رعب و وحشت در دل کاربران ,FEAR
6051,خرخون  ,OTHER
6052,اصلا میگی مامان الانشم میترسم اینقد گند زدم ,FEAR
6053,این  https://t.co/M6bPwDByhT,OTHER
6054,امیدوارم کارکردش هم خوب باشه ,HAPPY
6055,با احترام به عقاید دوستان سیاوش قمیشی گوش میدم ولی از گوگوش متنفرم  ,HATE
6056,کلا نجوییده میدادی پایین از ترس,FEAR
6057,نظر منم همينه چون صدا و سيما با دولت نيست ,OTHER
6058,آخ گفتیا ,OTHER
6059,می ترسیده اسیر اینتراکشن مجازیش بشه ,FEAR
6060,آقووو  به دوست نازنینی که قول میده   سوغاتی بیاره ( پیشنهاد سوغاتی هم از خودش بوده)  ولی بعد از سفرش   فقد یه عکس از خودش و ساحل می فرسته   و اقد از دور عکس گرفته   که فقد شیکمشو شکل پاتریک میبینی  چی باید گفت ؟؟!!!    #کاکو   هوایییییییی ,OTHER
6061,و دقیقا به این دلیل که نمره ی ورزشم باعث میشد معدلم کم شه هرسال از آشنای پزشکمون برگه ی معافیت میگرفتم  ,OTHER
6062,آري والا گفتم چرا بو نفت ميده په بگو تو نبودي  ,SURPRISE
6063,خانوم #حداد_عادل نگران بوده که پسرش یک وقت با جماعت رعیت بی ادب درس نخونه که مثل اونا بی ادب بشه  اخه میدونید این جماعت رعیت فقیر میرن شهید میشن خاک بر سرا ولی ژن های خوب همه پشت میز و شیک و پیک و منشی فلان و این صوبتا،حالا اون لا ماها یک اختلاسی هم بود دیگه پیش میاد،ادب مهمه! ,ANGRY
6064,چطور شد که فکر کردین میتونین خودتون رو با مهران مدیری مقایسه کنید؟ ,SURPRISE
6065, من برعکسم از امپول می ترسم,FEAR
6066,نه میدونیم‌واقعا  ,OTHER
6067,دقیقااا  ,OTHER
6068,سلام رضا جان، روزت خوش و صبحت بخیر و شادی   ,HAPPY
6069,خخخ افرین خوبه همین امشب پول مفت این مملکت بدبخت دادن به مربی ۱۶۰۰میلیونی شما  ,ANGRY
6070,تولدتون مبارک   آقای رشدپور مامان من انقدر شما رو دوست دارن که امکان نداره یه روز برنامتونو از دست بدن.  یادمه اون روز که حالتون بد شد تو برنامه،اومدم خونه دیدم دارن گریه میکنن،انقدر ترسیدم،فکر کردم بابام چیزیشون شده ،  که ایشون گفتن جریان شمارو،  برقرار باشید آقای رشیدپور ,HAPPY
6071, انباکسینگم بلاگرا انداختن تو دهن مردم، قبلا میگفتن باز شود دیده شود  ...جوراب اخه؟؟؟ ,ANGRY
6072,  اینا,OTHER
6073, آره اینم اینکارو کرد    یکی دیگه استوری میذاره بچه ها امروز میخوام کتلت درست کنم همراه من باشید اینو میوت کردم اعصابم نمیکشید  ,ANGRY
6074,دارم به ۳۰ سالگی نزدیک میشم   یاد ۱۷_۱۸سالگیم میفتم  و از بالارفتن سن و پیر شدن پدر مادر  و آینده نامعلوم وحشت دارم ,FEAR
6075,گوشيو توو صورتش خورد ميكنيم درست ميشه ,ANGRY
6076,درست میگن  ,OTHER
6077,قبول کنید اینکه پیشرفت نمی کنیم از غیرتمون هستش ینی هر کدوم واسه خودمون سلسله جبالی از غیرتیم در انواع و اقسام.مگر نه مقام عظمی وحشت لعنت الله علیه وآله فرمودن امارات متحده عربی بی غیرتست که چنین پیشرفتی کرده ,HATE
6078,چه فضولم هستن تعداد مريضا بشما چه اخه ,ANGRY
6079,اعتدال خجالت بکشین لطفا..چرا انقد دروغ,ANGRY
6080,تعریف علی رضوانی ازمفهوم وجود پدر در مصاحبه کذایی با دختر تهرانی مقدم به شکل منزجر بود ,HATE
6081,حرص نخور فرناز جون...هرروز یه گام پیشرفت میکنن ,HAPPY
6082,گندش بزنن ,ANGRY
6083,می گن بیژامه هم آزاد می شه . مردم با بیژامه بیان بیرون .   این حرفا همش چرنده داداشم . تو چرا باور می کنی .  اولش گفتن ۴۰ سال ۴۰ سال بعد دیدن تموم شد . یه تایم جدید دادن  .  کاری با اسرایل ندارم که هست یا نه ولی این که بعضی آدم هستند که اینو باور می کنن اعصابم خورد می شه  ,ANGRY
6084,برق که خوبه خود آب رو هم قطع میکنن ,SAD
6085,مگه میندازن ,SURPRISE
6086,زن دایی رفته بهداشت برای گرفتن وسیله ضدبارداری بهش گفتن نمیدیم رهبری  دستور دادن زنها تا ۵۴ سالگی باید بچه بیارن    البته دلار ۲۵ تومنی و سکه ۱۱ تومنی تو ایران نیست گرونی بیداد نمیکنه   شاید هم میخوان بچه بیاریم تا آدم واسه کشتن داشته باشن کی میدونه؟,ANGRY
6087,ملاک چیزیه که سپاه بگه! از دید شما!... لطفا برید راجب فاطمه لطیفی خاله ی یکی از جانباختگان هواپیمای اکراین بخونید! چجوری عزیزان دلتون ناموس دختر مردمو دزدیدن اونم فقط چون گفت شما بی شرفا هواپیمارو زدید ,ANGRY
6088,آره  ولی حسابی جواب میده. من 5 ساله که هرسال تابستون میزنم. وگرنه کلافه میشم. خیلی بده از همه چی متنفر میشه آدم,HATE
6089,مممرسیییییی ,HAPPY
6090,به خودت رحم نمیکنی ب جیبت رحم کن  کارد بخوره ب اون شکمت ک هی گول میخوری ,ANGRY
6091,دیفن اوکسیلات چند تا ورق بخور انگار چهار تا بست زدی  ,OTHER
6092,میدونم  ولی ملت به شوخی میگن سس ماست ,OTHER
6093,"""این ج.ا.هم مقوله عجیب و غریبی است. زمان شاه طرف رو برای داشتن کتاب """" نان و شراب"""" ۵ سال زندان میدادند در ج.ا. """" گروند ریسه"""" مارکس ترجمه و چاپ میشه. جل الخالق  """,SURPRISE
6094,     با هم زیستی مسالمت آمیز,OTHER
6095,چقد از این افراد بدم میاد ,HATE
6096,همه F35 سوارا همینقدر نسبت به احساسات خاص انسانی بی تعلق اند؟ ,SURPRISE
6097,خخخ نه ترس ندارن بچه های خوبی ان.خدا حفظشون کنه ,HAPPY
6098,من شخصا حالم از این آدما بهم میخوره  ,HATE
6099,خو ما هم طرفدار ۶ آتیشه رونالدو هستیم ولی دلیل نمیشه بگیم از مسی بدمون میاد  ,OTHER
6100,عجب زری زده حقیقتا ,ANGRY
6101,واقعا؟   ای خدا,SURPRISE
6102,نکنه نقص داری؟؟؟  ,OTHER
6103,متولد ٧٥ كه بدش نمياد پارتنر داشته باشه چه ربطى به اين داره كه دلم بخواد ازدواج كنم  ,SURPRISE
6104,هیچکدوم سینگلم ⁦ ⁩ ,OTHER
6105,فوبیا کیک شکلاتی ,FEAR
6106,پیشنهادت بس نیک بود اما  برخلاف تنفرم از یسریا، به من مربوط نیست ک بخوام جلوشونو بگیرم ,HATE
6107,به شخصه از خشکه مذهبی ها حاااالم بهم میخوره!  از خیس بی مذهبم حالم بهم میخوره    کلا از افراط و تفریط بیزارم... هرچیزی در عین تعادل قشنگه!,HATE
6108,الان گند نزنه  ,ANGRY
6109,تازه شنیدم ,OTHER
6110,دیگه داری هذیون میگی دکتر. ,ANGRY
6111,عذر میخوام!!    مثل جناب هاپوی جنتلمن و نازمون از این آمپول بی‌تربیت هراس دارم!  ,FEAR
6112,راهنمایی خوبی بود ,HAPPY
6113,شما بعد زن گرفتن خودت میبینیش دیگه ,OTHER
6114,نترس کافئین یه سبک از زندگیه   منم یه معتاد به کافئینم,HAPPY
6115,ترسناک که هیچ کشنده ست لامصب ,FEAR
6116, وای دیگه ازینا نگید خواهشا  اعصابم خرد میشه  اصلا قابل هضم نیست بخاطر اینکه پسرشون بودین به خودشون اجازه میدادن انقدر تنبیهتون کنن ,ANGRY
6117,مگه بو کردی شما؟  ,SURPRISE
6118,عزیزم  اشکال نداره فدای سرت مطمئن باش چیزایه بهتری در انتظارتن,OTHER
6119,کلاس نهم؟!؟!؟کلاس هفتم؟!؟!؟والا خیلی از خیانت بدم میاد ولی منم بخوام بچه داری کنم قطعا یه مامان دیگه جور میکنم واسش ,HATE
6120,زمان ما هم برق و‌معماری رو بورس بود ولی خوشبختانه از اونجا که از هردوش متنفر بودم خر نشدم و از بالا تا پایین همه انواع کامپیوترهای تهرانو  زدم تا یکیش شد! ,HATE
6121,حقيقتش من از بعده كنكور از ميزمم بدم اومده چه برسه به لوازم تحرير ,HATE
6122,خواهش میکنم عزیز  خدمتت عرض کردم چون  من #روز_مادر دوسال اخیر رو ، یک سال کنار پیکر نیمه جانش بودم و درحالت کما تو خونه نگهداریش میکردم  و کادو براش دستگاه ساکشن خریدم    پارسال هم سرمزارش ساعتها نشستم و فقط اشک ریختم   باورکنید دردی بزرگتر ازین نیست ,SAD
6123,  بدم میاد!!!,HATE
6124,مرسی عزیزوم  ,HAPPY
6125, عجب دعایی ,SURPRISE
6126,ممنونم شما لطف دارین  ,HAPPY
6127,آقا من دهه هشتادی ام تتلو گوش نمیدم  دوستامم هم از این بشر متنفرن :|||| چرا همه جا میگن ما طرفدارشیم؟,HATE
6128,یه عدد ترسناک هستم دیدن نتایج  ,FEAR
6129,دیدید منتظر یه روزی هستید روز ها رو حساب میکنیم 20 روز تا اون تاریخ مونده بعد یه هفته دوباره حساب میکنیم میبینیم شده 19 روز  . میترسم مثل همون بشه,FEAR
6130,هنوزم هستن ازین دخترا؟؟؟ ,SURPRISE
6131,خیر ،اونی که شاسی بلند داره مرد زندگیه ,OTHER
6132,ما که نفهمیدیم مجرد بمونیم یا متاهل بشیم،  متاهل‌ها که دارن غر میزنن!!!  من یکی که به جز خدا از هیچ کسی نمیترسم ولی عجیب نمیدونم چرا ازدواج اینقدر ترسناک شده؟! ,SURPRISE
6133,زشته  بذا نگم ,OTHER
6134,اخ گفتی ⁦ ⁩⁦ ⁩,OTHER
6135,از اونم می ترسم ,FEAR
6136,به دلایل کاری با هنرمند نقاشی مرتبط شدم و به آتلیه اش رفتم.  من کلا از سگ می ترسم، مگه اینکه کوچیک باشه.  یه هاسکی بزرگتر از معمول،جلوی در اومد استقبالم، قالب تهی کردم ولی به روی خودم نیاوردم و گردنش را نوازش کردم.  صاحبش اومد گفت از گرگ که نمی ترسین، این گرگه و یکسال و نیمشه.   ,FEAR
6137,چرا میترسیدیم واقعا؟   چقدر بچه بودیم ,SURPRISE
6138,        من از این بدم میاد ,HATE
6139,همین؟؟  یجوری نوشتین انگار ادامه داره..مثلا یه حرکتی میزنین ,SURPRISE
6140,دیگه شرمندم ,OTHER
6141,خدانکشه توروووو  پس توخونه  کتک خورملسی هستی  توخونه میری به استقبال تباه هاااااا   ,OTHER
6142,معلمم کاری کرد عاشق درسی که متنفرش بودم بشم و حتی تو دانشگاه هم انتخابش کنم بعضی ها لیاقتشون بیش از واقعیت جلوشونه حیف که نمیشه اندازه این دنیا هدیه ای براشون تهیه کرد,HAPPY
6143,مردي كه از سوسك ميترسه چي ؟ ,SURPRISE
6144,واسه ساعت دوازده و نیم داستان ترسناکاتونو حاضر کنید ,FEAR
6145,ب تو میگن عمه اخه    چطور ادرس منو نداری  ,SURPRISE
6146,این حس وحشتناکه ,FEAR
6147,اگه اونی که دوستش دارین اونم غیر شما جاست فرند داشته باشه  نه اشکالی نداره ,OTHER
6148,دقیقا  اطرافم پر از بچه هاییه که متنفرن از مدرسه و درس و چقد دلم برای هوش و استعدادهایی که داره حروم میشه میسوزه.  اوه چقد جدی شدم ,OTHER
6149,بی ادب اونیه که مبتلا شده و همینجور راست راست بین مردم می چرخه ,ANGRY
6150,هیچ فرقی ندارن متنفر ازشون.  همان مخلفات ابگوشت جای اینکه توی قابلمه بار بذران توی سفال بار میذارن. ,HATE
6151,آره میگفتن میدیم که دوباره خمیر کنن  اما عجب کتاب پر قصه ای بوده ,SURPRISE
6152,مرحوم پیش بینی آبکی زیاد میکرد     مرحوم عجب آینده نگری و پیش بینی هایی داشت  ,SURPRISE
6153,کلا عین اعتقادات و توئیت زدناتون ... !!   در قبال رانت و نون مفت سفره انقلاب ...,ANGRY
6154,خب وقتی میگی کسی بیاد مارو بگیره یارو ترس میکنه  یکم دوست باشید تا اون حاله‌ای از نور رو ببینه در شما.   اونوقت اون طرف کنه میشه واسه ازدواج ,FEAR
6155,همون هارو     مگه آهنگ جدیدای خواننده‌های دهه پنجاه رو گوش میدید ؟,SURPRISE
6156,نیم دگیرش چطور حل نیشد ,OTHER
